#
# A fatal error has been detected by the Java Runtime Environment:
#
#  EXCEPTION_ACCESS_VIOLATION (0xc0000005) at pc=0x000000000347c14d, pid=41896, tid=41824
#
# JRE version: Java(TM) SE Runtime Environment (8.0_51-b16) (build 1.8.0_51-b16)
# Java VM: Java HotSpot(TM) 64-Bit Server VM (25.51-b03 mixed mode windows-amd64 compressed oops)
# Problematic frame:
# J 1586  java.lang.invoke.MethodHandle.linkToStatic(Ljava/lang/Object;Ljava/lang/invoke/MemberName;)I (0 bytes) @ 0x000000000347c14d [0x000000000347c140+0xd]
#
# Failed to write core dump. Minidumps are not enabled by default on client versions of Windows
#
# If you would like to submit a bug report, please visit:
#   http://bugreport.java.com/bugreport/crash.jsp
#

---------------  T H R E A D  ---------------

Current thread (0x0000000002e74000):  JavaThread "Client thread" [_thread_in_Java, id=41824, stack(0x0000000002d70000,0x0000000002e70000)]

siginfo: ExceptionCode=0xc0000005, reading address 0xffffffffffffffff

Registers:
RAX=0x000000000347c140, RBX=0x78c6f5d2f810ac71, RCX=0x00000000db000434, RDX=0x000000073aa9ca50
RSP=0x0000000002e6d538, RBP=0x000000073aa9ca50, RSI=0x00000007c0837d50, RDI=0x00000006d80021a0
R8 =0x00000003d1209c60, R9 =0x000000073aa9ca50, R10=0x0000000000000005, R11=0x0000000000000005
R12=0x0000000000000000, R13=0x0000000002e6d758, R14=0x0000000002e6da48, R15=0x0000000002e74000
RIP=0x000000000347c14d, EFLAGS=0x0000000000010206

Top of Stack: (sp=0x0000000002e6d538)
0x0000000002e6d538:   0000000007ac3994 000000073aa9d088
0x0000000002e6d548:   0000000005eefbd0 000000009cdde6b7
0x0000000002e6d558:   00000000053a650c 00000003c0428688
0x0000000002e6d568:   00000000043d7454 0000000002e6d5f0
0x0000000002e6d578:   00007ffa8a3a0a76 0000000457bf7c40
0x0000000002e6d588:   00000003c1de3f30 000000073aa9ca50
0x0000000002e6d598:   0000000005f75390 0000000002e6d5e0
0x0000000002e6d5a8:   0000000004b46590 0000000002e6d5f0
0x0000000002e6d5b8:   0000000004b46590 0000000002e6d610
0x0000000002e6d5c8:   0000000003e9bd54 0000000002e6d5e0
0x0000000002e6d5d8:   000000000362cf24 0000000002e6d5f0
0x0000000002e6d5e8:   000000000362cf24 0000000002e6d630
0x0000000002e6d5f8:   0000000006061b8c 0000000002e6d610
0x0000000002e6d608:   00000000070e9a80 0000000002e6d660
0x0000000002e6d618:   00000003c1de3f30 000000073aa9ca50
0x0000000002e6d628:   00000006d805f168 00000003c1de4338 

Instructions: (pc=0x000000000347c14d)
0x000000000347c12d:   ff ff ff 10 64 00 00 00 00 00 00 48 c1 e1 02 48
0x000000000347c13d:   83 c1 17 49 8b 58 18 48 85 db 0f 84 03 00 00 00
0x000000000347c14d:   ff 63 40 e9 4b 91 af ff f4 f4 f4 89 5f 60 41 0f
0x000000000347c15d:   18 83 00 01 00 00 49 c7 06 01 00 00 00 41 0f 18 


Register to memory mapping:

RAX=0x000000000347c140 is at entry_point+0 in (nmethod*)0x000000000347c010
RBX=0x78c6f5d2f810ac71 is an unknown value
RCX=0x00000000db000434 is an unknown value
RDX=0x000000073aa9ca50 is an oop
jp.ngt.ngtlib.block.NGTObject 
 - klass: 'jp/ngt/ngtlib/block/NGTObject'
RSP=0x0000000002e6d538 is pointing into the stack for thread: 0x0000000002e74000
RBP=0x000000073aa9ca50 is an oop
jp.ngt.ngtlib.block.NGTObject 
 - klass: 'jp/ngt/ngtlib/block/NGTObject'
RSI=0x00000007c0837d50 is pointing into metadata
RDI=0x00000006d80021a0 is an oop
java.lang.invoke.MemberName 
 - klass: 'java/lang/invoke/MemberName'
R8 =0x00000003d1209c60 is an oop
jdk.internal.dynalink.beans.StaticClass 
 - klass: 'jdk/internal/dynalink/beans/StaticClass'
R9 =0x000000073aa9ca50 is an oop
jp.ngt.ngtlib.block.NGTObject 
 - klass: 'jp/ngt/ngtlib/block/NGTObject'
R10=0x0000000000000005 is an unknown value
R11=0x0000000000000005 is an unknown value
R12=0x0000000000000000 is an unknown value
R13=0x0000000002e6d758 is pointing into the stack for thread: 0x0000000002e74000
R14=0x0000000002e6da48 is pointing into the stack for thread: 0x0000000002e74000
R15=0x0000000002e74000 is a thread


Stack: [0x0000000002d70000,0x0000000002e70000],  sp=0x0000000002e6d538,  free space=1013k
Native frames: (J=compiled Java code, j=interpreted, Vv=VM code, C=native code)
C  0x000000000347c14d


---------------  P R O C E S S  ---------------

Java Threads: ( => current thread )
  0x000000004784f800 JavaThread "Downloader 4" daemon [_thread_blocked, id=45512, stack(0x0000000000310000,0x0000000000410000)]
  0x0000000043f92000 JavaThread "Downloader 3" daemon [_thread_blocked, id=34952, stack(0x0000000000210000,0x0000000000310000)]
  0x0000000041d28000 JavaThread "Swing-Shell" daemon [_thread_blocked, id=41656, stack(0x0000000000410000,0x0000000000510000)]
  0x0000000048d22000 JavaThread "Chunk I/O Executor Thread-1" daemon [_thread_blocked, id=40964, stack(0x0000000000010000,0x0000000000110000)]
  0x0000000048d20800 JavaThread "Chunk Batcher 13" daemon [_thread_blocked, id=43256, stack(0x0000000078310000,0x0000000078410000)]
  0x0000000048d1f800 JavaThread "Chunk Batcher 12" daemon [_thread_blocked, id=35668, stack(0x0000000078210000,0x0000000078310000)]
  0x0000000048d1e000 JavaThread "Chunk Batcher 11" daemon [_thread_blocked, id=44044, stack(0x0000000078110000,0x0000000078210000)]
  0x0000000048d21000 JavaThread "Chunk Batcher 10" daemon [_thread_blocked, id=45472, stack(0x0000000078010000,0x0000000078110000)]
  0x0000000048d1a800 JavaThread "Chunk Batcher 9" daemon [_thread_blocked, id=7328, stack(0x0000000077f10000,0x0000000078010000)]
  0x0000000048d1d800 JavaThread "Chunk Batcher 8" daemon [_thread_blocked, id=42408, stack(0x0000000077e10000,0x0000000077f10000)]
  0x0000000048d1c000 JavaThread "Chunk Batcher 7" daemon [_thread_blocked, id=44596, stack(0x0000000077d10000,0x0000000077e10000)]
  0x0000000048d1b000 JavaThread "Chunk Batcher 6" daemon [_thread_blocked, id=45672, stack(0x0000000077c10000,0x0000000077d10000)]
  0x0000000048d1c800 JavaThread "Chunk Batcher 5" daemon [_thread_blocked, id=45656, stack(0x0000000077b10000,0x0000000077c10000)]
  0x000000004deda000 JavaThread "Chunk Batcher 4" daemon [_thread_blocked, id=45564, stack(0x0000000077a10000,0x0000000077b10000)]
  0x000000004ded9800 JavaThread "Chunk Batcher 3" daemon [_thread_blocked, id=45328, stack(0x0000000077910000,0x0000000077a10000)]
  0x000000004ded5800 JavaThread "Chunk Batcher 2" daemon [_thread_blocked, id=8508, stack(0x00000000741b0000,0x00000000742b0000)]
  0x000000004ded8800 JavaThread "Chunk Batcher 1" daemon [_thread_blocked, id=4480, stack(0x0000000073de0000,0x0000000073ee0000)]
  0x000000004ded8000 JavaThread "Chunk Batcher 0" daemon [_thread_blocked, id=44400, stack(0x0000000070de0000,0x0000000070ee0000)]
  0x000000004ded3800 JavaThread "Netty Server IO #1" daemon [_thread_in_native, id=44796, stack(0x00000000689a0000,0x0000000068aa0000)]
  0x000000004ded6800 JavaThread "Netty Local Client IO #0" daemon [_thread_blocked, id=42588, stack(0x0000000068490000,0x0000000068590000)]
  0x0000000047859800 JavaThread "Netty Server IO #0" daemon [_thread_in_native, id=45260, stack(0x0000000068290000,0x0000000068390000)]
  0x0000000047856800 JavaThread "File IO Thread" [_thread_blocked, id=23092, stack(0x0000000060660000,0x0000000060760000)]
  0x00000000470b6000 JavaThread "Timer-0" [_thread_blocked, id=40140, stack(0x0000000060450000,0x0000000060550000)]
  0x00000000470ac800 JavaThread "Server thread" [_thread_in_Java, id=27924, stack(0x0000000060140000,0x0000000060240000)]
  0x00000000470ab800 JavaThread "Snooper Timer" daemon [_thread_blocked, id=43104, stack(0x000000005fc40000,0x000000005fd40000)]
  0x000000004d011000 JavaThread "Narrator" daemon [_thread_blocked, id=4164, stack(0x00000000560b0000,0x00000000561b0000)]
  0x000000004d010800 JavaThread "TimerQueue" daemon [_thread_blocked, id=28280, stack(0x0000000068de0000,0x0000000068ee0000)]
  0x00000000470b7000 JavaThread "D3D Screen Updater" daemon [_thread_blocked, id=42560, stack(0x0000000068390000,0x0000000068490000)]
  0x00000000470b5800 JavaThread "AWT-Windows" daemon [_thread_in_native, id=40560, stack(0x00000000665f0000,0x00000000666f0000)]
  0x00000000470b0000 JavaThread "Thread-7" [_thread_blocked, id=21764, stack(0x0000000065270000,0x0000000065370000)]
  0x00000000470ae800 JavaThread "Thread-6" [_thread_blocked, id=36000, stack(0x0000000060550000,0x0000000060650000)]
  0x00000000470ad000 JavaThread "fixrtm-common-executor-16" [_thread_blocked, id=31992, stack(0x0000000064dd0000,0x0000000064ed0000)]
  0x00000000470ab000 JavaThread "fixrtm-common-executor-15" [_thread_blocked, id=3512, stack(0x0000000064cd0000,0x0000000064dd0000)]
  0x00000000470a9800 JavaThread "fixrtm-common-executor-14" [_thread_blocked, id=42672, stack(0x0000000064bd0000,0x0000000064cd0000)]
  0x00000000470a8800 JavaThread "fixrtm-common-executor-13" [_thread_blocked, id=34924, stack(0x0000000064ad0000,0x0000000064bd0000)]
  0x00000000470aa000 JavaThread "fixrtm-common-executor-12" [_thread_blocked, id=38792, stack(0x00000000649d0000,0x0000000064ad0000)]
  0x0000000041d2b000 JavaThread "fixrtm-common-executor-11" [_thread_blocked, id=45264, stack(0x00000000648d0000,0x00000000649d0000)]
  0x000000004785d000 JavaThread "fixrtm-common-executor-10" [_thread_blocked, id=42616, stack(0x00000000647d0000,0x00000000648d0000)]
  0x000000004785e000 JavaThread "fixrtm-common-executor-9" [_thread_blocked, id=40404, stack(0x00000000646d0000,0x00000000647d0000)]
  0x000000004785c800 JavaThread "fixrtm-common-executor-8" [_thread_blocked, id=1728, stack(0x00000000645d0000,0x00000000646d0000)]
  0x000000004785e800 JavaThread "fixrtm-common-executor-7" [_thread_blocked, id=21328, stack(0x00000000644d0000,0x00000000645d0000)]
  0x0000000047858800 JavaThread "fixrtm-common-executor-6" [_thread_blocked, id=19528, stack(0x00000000613a0000,0x00000000614a0000)]
  0x000000004785b800 JavaThread "fixrtm-common-executor-5" [_thread_blocked, id=43844, stack(0x0000000060f70000,0x0000000061070000)]
  0x0000000047858000 JavaThread "fixrtm-common-executor-4" [_thread_blocked, id=45460, stack(0x0000000060e70000,0x0000000060f70000)]
  0x000000004785b000 JavaThread "fixrtm-common-executor-3" [_thread_blocked, id=36744, stack(0x0000000060d70000,0x0000000060e70000)]
  0x0000000047857000 JavaThread "fixrtm-common-executor-2" [_thread_blocked, id=22780, stack(0x0000000060c70000,0x0000000060d70000)]
  0x000000004785a000 JavaThread "fixrtm-common-executor-1" [_thread_blocked, id=39764, stack(0x0000000060b70000,0x0000000060c70000)]
  0x0000000047e0e000 JavaThread "LWJGL Timer" daemon [_thread_blocked, id=42580, stack(0x0000000055d50000,0x0000000055e50000)]
  0x00000000498ca000 JavaThread "Java2D Disposer" daemon [_thread_blocked, id=6504, stack(0x000000004b720000,0x000000004b820000)]
  0x000000004f58b800 JavaThread "Timer hack thread" daemon [_thread_blocked, id=10872, stack(0x0000000046a80000,0x0000000046b80000)]
  0x000000004948f800 JavaThread "Snooper Timer" daemon [_thread_blocked, id=42064, stack(0x0000000050220000,0x0000000050320000)]
  0x0000000041d9e000 JavaThread "Service Thread" daemon [_thread_blocked, id=23872, stack(0x00000000438e0000,0x00000000439e0000)]
  0x0000000041d2a800 JavaThread "C1 CompilerThread11" daemon [_thread_blocked, id=14780, stack(0x00000000437e0000,0x00000000438e0000)]
  0x0000000041d25000 JavaThread "C1 CompilerThread10" daemon [_thread_blocked, id=43772, stack(0x00000000436e0000,0x00000000437e0000)]
  0x0000000041d26000 JavaThread "C1 CompilerThread9" daemon [_thread_blocked, id=7392, stack(0x00000000435e0000,0x00000000436e0000)]
  0x0000000041d24800 JavaThread "C1 CompilerThread8" daemon [_thread_blocked, id=40884, stack(0x00000000434e0000,0x00000000435e0000)]
  0x0000000041d26800 JavaThread "C2 CompilerThread7" daemon [_thread_blocked, id=37424, stack(0x00000000433e0000,0x00000000434e0000)]
  0x0000000041d0b800 JavaThread "C2 CompilerThread6" daemon [_thread_blocked, id=708, stack(0x00000000432e0000,0x00000000433e0000)]
  0x0000000041cea800 JavaThread "C2 CompilerThread5" daemon [_thread_blocked, id=14748, stack(0x00000000431e0000,0x00000000432e0000)]
  0x0000000041ce1800 JavaThread "C2 CompilerThread4" daemon [_thread_blocked, id=44404, stack(0x00000000430e0000,0x00000000431e0000)]
  0x0000000041ce1000 JavaThread "C2 CompilerThread3" daemon [_thread_blocked, id=45712, stack(0x0000000042fe0000,0x00000000430e0000)]
  0x0000000041cd3000 JavaThread "C2 CompilerThread2" daemon [_thread_blocked, id=5556, stack(0x0000000042ee0000,0x0000000042fe0000)]
  0x0000000041cc1000 JavaThread "C2 CompilerThread1" daemon [_thread_blocked, id=16844, stack(0x0000000042de0000,0x0000000042ee0000)]
  0x0000000041cc0000 JavaThread "C2 CompilerThread0" daemon [_thread_blocked, id=44384, stack(0x0000000042ce0000,0x0000000042de0000)]
  0x0000000041cbf800 JavaThread "Attach Listener" daemon [_thread_blocked, id=32548, stack(0x0000000042be0000,0x0000000042ce0000)]
  0x0000000041cbe000 JavaThread "Signal Dispatcher" daemon [_thread_blocked, id=44576, stack(0x0000000042ae0000,0x0000000042be0000)]
  0x0000000041cbb800 JavaThread "Surrogate Locker Thread (Concurrent GC)" daemon [_thread_blocked, id=43664, stack(0x00000000429e0000,0x0000000042ae0000)]
  0x0000000041c43800 JavaThread "Finalizer" daemon [_thread_blocked, id=42752, stack(0x00000000428e0000,0x00000000429e0000)]
  0x0000000041c3d000 JavaThread "Reference Handler" daemon [_thread_blocked, id=23876, stack(0x00000000427e0000,0x00000000428e0000)]
=>0x0000000002e74000 JavaThread "Client thread" [_thread_in_Java, id=41824, stack(0x0000000002d70000,0x0000000002e70000)]

Other Threads:
  0x0000000041c3a000 VMThread [stack: 0x00000000426e0000,0x00000000427e0000] [id=44756]
  0x0000000041da1800 WatcherThread [stack: 0x00000000439e0000,0x0000000043ae0000] [id=45516]

VM state:not at safepoint (normal execution)

VM Mutex/Monitor currently owned by a thread: None

Heap:
 garbage-first heap   total 14663680K, used 2674367K [0x00000003c0000000, 0x00000003c0406fe0, 0x00000007c0000000)
  region size 4096K, 48 young (196608K), 27 survivors (110592K)
 Metaspace       used 136832K, capacity 192831K, committed 192992K, reserved 1218560K
  class space    used 16840K, capacity 24510K, committed 24544K, reserved 1048576K

Heap Regions: (Y=young(eden), SU=young(survivor), HS=humongous(starts), HC=humongous(continues), CS=collection set, F=free, TS=gc time stamp, PTAMS=previous top-at-mark-start, NTAMS=next top-at-mark-start)
AC   0  O    TS     0 PTAMS 0x00000003c0400000 NTAMS 0x00000003c0400000 space 4096K, 100% used [0x00000003c0000000, 0x00000003c0400000)
AC   0  O    TS     0 PTAMS 0x00000003c0800000 NTAMS 0x00000003c0800000 space 4096K, 100% used [0x00000003c0400000, 0x00000003c0800000)
AC   0  O    TS     0 PTAMS 0x00000003c0c00000 NTAMS 0x00000003c0c00000 space 4096K, 100% used [0x00000003c0800000, 0x00000003c0c00000)
AC   0  O    TS     0 PTAMS 0x00000003c1000000 NTAMS 0x00000003c1000000 space 4096K, 100% used [0x00000003c0c00000, 0x00000003c1000000)
AC   0  O    TS     0 PTAMS 0x00000003c1400000 NTAMS 0x00000003c1400000 space 4096K, 100% used [0x00000003c1000000, 0x00000003c1400000)
AC   0  O    TS     0 PTAMS 0x00000003c1800000 NTAMS 0x00000003c1800000 space 4096K, 100% used [0x00000003c1400000, 0x00000003c1800000)
AC   0  O    TS     0 PTAMS 0x00000003c1c00000 NTAMS 0x00000003c1c00000 space 4096K, 100% used [0x00000003c1800000, 0x00000003c1c00000)
AC   0  O    TS     0 PTAMS 0x00000003c2000000 NTAMS 0x00000003c2000000 space 4096K, 100% used [0x00000003c1c00000, 0x00000003c2000000)
AC   0  O    TS     0 PTAMS 0x00000003c2400000 NTAMS 0x00000003c2400000 space 4096K, 100% used [0x00000003c2000000, 0x00000003c2400000)
AC   0  O    TS     0 PTAMS 0x00000003c2800000 NTAMS 0x00000003c2800000 space 4096K, 100% used [0x00000003c2400000, 0x00000003c2800000)
AC   0  O    TS     0 PTAMS 0x00000003c2c00000 NTAMS 0x00000003c2c00000 space 4096K, 100% used [0x00000003c2800000, 0x00000003c2c00000)
AC   0  O    TS     0 PTAMS 0x00000003c3000000 NTAMS 0x00000003c3000000 space 4096K, 100% used [0x00000003c2c00000, 0x00000003c3000000)
AC   0  O    TS     0 PTAMS 0x00000003c3400000 NTAMS 0x00000003c3400000 space 4096K, 100% used [0x00000003c3000000, 0x00000003c3400000)
AC   0  O    TS     0 PTAMS 0x00000003c3800000 NTAMS 0x00000003c3800000 space 4096K, 100% used [0x00000003c3400000, 0x00000003c3800000)
AC   0  O    TS     0 PTAMS 0x00000003c3c00000 NTAMS 0x00000003c3c00000 space 4096K, 100% used [0x00000003c3800000, 0x00000003c3c00000)
AC   0  O    TS     0 PTAMS 0x00000003c4000000 NTAMS 0x00000003c4000000 space 4096K, 100% used [0x00000003c3c00000, 0x00000003c4000000)
AC   0  O    TS     0 PTAMS 0x00000003c4400000 NTAMS 0x00000003c4400000 space 4096K, 100% used [0x00000003c4000000, 0x00000003c4400000)
AC   0  O    TS     0 PTAMS 0x00000003c4800000 NTAMS 0x00000003c4800000 space 4096K, 100% used [0x00000003c4400000, 0x00000003c4800000)
AC   0  O    TS     0 PTAMS 0x00000003c4c00000 NTAMS 0x00000003c4c00000 space 4096K, 100% used [0x00000003c4800000, 0x00000003c4c00000)
AC   0  O    TS     0 PTAMS 0x00000003c5000000 NTAMS 0x00000003c5000000 space 4096K, 100% used [0x00000003c4c00000, 0x00000003c5000000)
AC   0  O    TS     0 PTAMS 0x00000003c5400000 NTAMS 0x00000003c5400000 space 4096K, 100% used [0x00000003c5000000, 0x00000003c5400000)
AC   0  O    TS     0 PTAMS 0x00000003c5800000 NTAMS 0x00000003c5800000 space 4096K, 100% used [0x00000003c5400000, 0x00000003c5800000)
AC   0  O    TS     0 PTAMS 0x00000003c5c00000 NTAMS 0x00000003c5c00000 space 4096K, 100% used [0x00000003c5800000, 0x00000003c5c00000)
AC   0  O    TS     0 PTAMS 0x00000003c6000000 NTAMS 0x00000003c6000000 space 4096K, 100% used [0x00000003c5c00000, 0x00000003c6000000)
AC   0  O    TS     0 PTAMS 0x00000003c6400000 NTAMS 0x00000003c6400000 space 4096K, 100% used [0x00000003c6000000, 0x00000003c6400000)
AC   0 HS    TS     0 PTAMS 0x00000003c6e00010 NTAMS 0x00000003c6e00010 space 12288K,  83% used [0x00000003c6400000, 0x00000003c7000000)
AC   0 HC    TS     0 PTAMS 0x00000003c6800000 NTAMS 0x00000003c6800000 space 4096K, 100% used [0x00000003c6800000, 0x00000003c6c00000)
AC   0 HC    TS     0 PTAMS 0x00000003c6c00000 NTAMS 0x00000003c6c00000 space 4096K,  50% used [0x00000003c6c00000, 0x00000003c7000000)
AC   0  O    TS     0 PTAMS 0x00000003c7400000 NTAMS 0x00000003c7400000 space 4096K, 100% used [0x00000003c7000000, 0x00000003c7400000)
AC   0  O    TS     0 PTAMS 0x00000003c7800000 NTAMS 0x00000003c7800000 space 4096K, 100% used [0x00000003c7400000, 0x00000003c7800000)
AC   0  O    TS     0 PTAMS 0x00000003c7c00000 NTAMS 0x00000003c7c00000 space 4096K, 100% used [0x00000003c7800000, 0x00000003c7c00000)
AC   0  O    TS     0 PTAMS 0x00000003c8000000 NTAMS 0x00000003c8000000 space 4096K, 100% used [0x00000003c7c00000, 0x00000003c8000000)
AC   0  O    TS     0 PTAMS 0x00000003c8400000 NTAMS 0x00000003c8400000 space 4096K, 100% used [0x00000003c8000000, 0x00000003c8400000)
AC   0  O    TS     0 PTAMS 0x00000003c8800000 NTAMS 0x00000003c8800000 space 4096K, 100% used [0x00000003c8400000, 0x00000003c8800000)
AC   0  O    TS     0 PTAMS 0x00000003c8c00000 NTAMS 0x00000003c8c00000 space 4096K, 100% used [0x00000003c8800000, 0x00000003c8c00000)
AC   0  O    TS     0 PTAMS 0x00000003c9000000 NTAMS 0x00000003c9000000 space 4096K, 100% used [0x00000003c8c00000, 0x00000003c9000000)
AC   0  O    TS     0 PTAMS 0x00000003c9400000 NTAMS 0x00000003c9400000 space 4096K, 100% used [0x00000003c9000000, 0x00000003c9400000)
AC   0  O    TS     0 PTAMS 0x00000003c9800000 NTAMS 0x00000003c9800000 space 4096K, 100% used [0x00000003c9400000, 0x00000003c9800000)
AC   0  O    TS     0 PTAMS 0x00000003c9c00000 NTAMS 0x00000003c9c00000 space 4096K, 100% used [0x00000003c9800000, 0x00000003c9c00000)
AC   0 HS    TS     0 PTAMS 0x00000003ca000010 NTAMS 0x00000003ca000010 space 8192K,  50% used [0x00000003c9c00000, 0x00000003ca400000)
AC   0 HC    TS     0 PTAMS 0x00000003ca000000 NTAMS 0x00000003ca000000 space 4096K,   0% used [0x00000003ca000000, 0x00000003ca400000)
AC   0 HS    TS     0 PTAMS 0x00000003cb400010 NTAMS 0x00000003cb400010 space 20480K,  80% used [0x00000003ca400000, 0x00000003cb800000)
AC   0 HC    TS     0 PTAMS 0x00000003ca800000 NTAMS 0x00000003ca800000 space 4096K, 100% used [0x00000003ca800000, 0x00000003cac00000)
AC   0 HC    TS     0 PTAMS 0x00000003cac00000 NTAMS 0x00000003cac00000 space 4096K, 100% used [0x00000003cac00000, 0x00000003cb000000)
AC   0 HC    TS     0 PTAMS 0x00000003cb000000 NTAMS 0x00000003cb000000 space 4096K, 100% used [0x00000003cb000000, 0x00000003cb400000)
AC   0 HC    TS     0 PTAMS 0x00000003cb400000 NTAMS 0x00000003cb400000 space 4096K,   0% used [0x00000003cb400000, 0x00000003cb800000)
AC   0  O    TS     0 PTAMS 0x00000003cbc00000 NTAMS 0x00000003cbc00000 space 4096K, 100% used [0x00000003cb800000, 0x00000003cbc00000)
AC   0  O    TS     0 PTAMS 0x00000003cc000000 NTAMS 0x00000003cc000000 space 4096K, 100% used [0x00000003cbc00000, 0x00000003cc000000)
AC   0  O    TS     0 PTAMS 0x00000003cc400000 NTAMS 0x00000003cc400000 space 4096K, 100% used [0x00000003cc000000, 0x00000003cc400000)
AC   0  O    TS     0 PTAMS 0x00000003cc800000 NTAMS 0x00000003cc800000 space 4096K, 100% used [0x00000003cc400000, 0x00000003cc800000)
AC   0  O    TS     0 PTAMS 0x00000003ccc00000 NTAMS 0x00000003ccc00000 space 4096K, 100% used [0x00000003cc800000, 0x00000003ccc00000)
AC   0  O    TS     0 PTAMS 0x00000003cd000000 NTAMS 0x00000003cd000000 space 4096K, 100% used [0x00000003ccc00000, 0x00000003cd000000)
AC   0  O    TS     0 PTAMS 0x00000003cd400000 NTAMS 0x00000003cd400000 space 4096K, 100% used [0x00000003cd000000, 0x00000003cd400000)
AC   0  O    TS     0 PTAMS 0x00000003cd800000 NTAMS 0x00000003cd800000 space 4096K, 100% used [0x00000003cd400000, 0x00000003cd800000)
AC   0  O    TS     0 PTAMS 0x00000003cdc00000 NTAMS 0x00000003cdc00000 space 4096K, 100% used [0x00000003cd800000, 0x00000003cdc00000)
AC   0  O    TS     0 PTAMS 0x00000003ce000000 NTAMS 0x00000003ce000000 space 4096K, 100% used [0x00000003cdc00000, 0x00000003ce000000)
AC   0  O    TS     0 PTAMS 0x00000003ce400000 NTAMS 0x00000003ce400000 space 4096K, 100% used [0x00000003ce000000, 0x00000003ce400000)
AC   0  O    TS     0 PTAMS 0x00000003ce800000 NTAMS 0x00000003ce800000 space 4096K, 100% used [0x00000003ce400000, 0x00000003ce800000)
AC   0  O    TS     0 PTAMS 0x00000003cec00000 NTAMS 0x00000003cec00000 space 4096K, 100% used [0x00000003ce800000, 0x00000003cec00000)
AC   0  O    TS     0 PTAMS 0x00000003cf000000 NTAMS 0x00000003cf000000 space 4096K, 100% used [0x00000003cec00000, 0x00000003cf000000)
AC   0  O    TS     0 PTAMS 0x00000003cf400000 NTAMS 0x00000003cf400000 space 4096K, 100% used [0x00000003cf000000, 0x00000003cf400000)
AC   0  O    TS     0 PTAMS 0x00000003cf800000 NTAMS 0x00000003cf800000 space 4096K, 100% used [0x00000003cf400000, 0x00000003cf800000)
AC   0  O    TS     0 PTAMS 0x00000003cfc00000 NTAMS 0x00000003cfc00000 space 4096K, 100% used [0x00000003cf800000, 0x00000003cfc00000)
AC   0  O    TS     0 PTAMS 0x00000003d0000000 NTAMS 0x00000003d0000000 space 4096K, 100% used [0x00000003cfc00000, 0x00000003d0000000)
AC   0  O    TS     0 PTAMS 0x00000003d0400000 NTAMS 0x00000003d0400000 space 4096K, 100% used [0x00000003d0000000, 0x00000003d0400000)
AC   0  O    TS     0 PTAMS 0x00000003d0800000 NTAMS 0x00000003d0800000 space 4096K, 100% used [0x00000003d0400000, 0x00000003d0800000)
AC   0  O    TS     0 PTAMS 0x00000003d0c00000 NTAMS 0x00000003d0c00000 space 4096K, 100% used [0x00000003d0800000, 0x00000003d0c00000)
AC   0  O    TS     0 PTAMS 0x00000003d1000000 NTAMS 0x00000003d1000000 space 4096K, 100% used [0x00000003d0c00000, 0x00000003d1000000)
AC   0  O    TS     0 PTAMS 0x00000003d1400000 NTAMS 0x00000003d1400000 space 4096K, 100% used [0x00000003d1000000, 0x00000003d1400000)
AC   0  O    TS     0 PTAMS 0x00000003d1800000 NTAMS 0x00000003d1800000 space 4096K, 100% used [0x00000003d1400000, 0x00000003d1800000)
AC   0  O    TS     0 PTAMS 0x00000003d1c00000 NTAMS 0x00000003d1c00000 space 4096K, 100% used [0x00000003d1800000, 0x00000003d1c00000)
AC   0  O    TS     0 PTAMS 0x00000003d2000000 NTAMS 0x00000003d2000000 space 4096K, 100% used [0x00000003d1c00000, 0x00000003d2000000)
AC   0  O    TS     0 PTAMS 0x00000003d2400000 NTAMS 0x00000003d2400000 space 4096K, 100% used [0x00000003d2000000, 0x00000003d2400000)
AC   0  O    TS     0 PTAMS 0x00000003d2800000 NTAMS 0x00000003d2800000 space 4096K, 100% used [0x00000003d2400000, 0x00000003d2800000)
AC   0  O    TS     0 PTAMS 0x00000003d2c00000 NTAMS 0x00000003d2c00000 space 4096K, 100% used [0x00000003d2800000, 0x00000003d2c00000)
AC   0  O    TS     0 PTAMS 0x00000003d3000000 NTAMS 0x00000003d3000000 space 4096K, 100% used [0x00000003d2c00000, 0x00000003d3000000)
AC   0  O    TS     0 PTAMS 0x00000003d3400000 NTAMS 0x00000003d3400000 space 4096K, 100% used [0x00000003d3000000, 0x00000003d3400000)
AC   0  O    TS     0 PTAMS 0x00000003d3800000 NTAMS 0x00000003d3800000 space 4096K, 100% used [0x00000003d3400000, 0x00000003d3800000)
AC   0  O    TS     0 PTAMS 0x00000003d3c00000 NTAMS 0x00000003d3c00000 space 4096K, 100% used [0x00000003d3800000, 0x00000003d3c00000)
AC   0  O    TS     0 PTAMS 0x00000003d4000000 NTAMS 0x00000003d4000000 space 4096K, 100% used [0x00000003d3c00000, 0x00000003d4000000)
AC   0  O    TS     0 PTAMS 0x00000003d4400000 NTAMS 0x00000003d4400000 space 4096K, 100% used [0x00000003d4000000, 0x00000003d4400000)
AC   0  O    TS     0 PTAMS 0x00000003d4800000 NTAMS 0x00000003d4800000 space 4096K, 100% used [0x00000003d4400000, 0x00000003d4800000)
AC   0  O    TS     0 PTAMS 0x00000003d4c00000 NTAMS 0x00000003d4c00000 space 4096K, 100% used [0x00000003d4800000, 0x00000003d4c00000)
AC   0  O    TS     0 PTAMS 0x00000003d5000000 NTAMS 0x00000003d5000000 space 4096K, 100% used [0x00000003d4c00000, 0x00000003d5000000)
AC   0  O    TS     0 PTAMS 0x00000003d5400000 NTAMS 0x00000003d5400000 space 4096K, 100% used [0x00000003d5000000, 0x00000003d5400000)
AC   0  O    TS     0 PTAMS 0x00000003d5800000 NTAMS 0x00000003d5800000 space 4096K, 100% used [0x00000003d5400000, 0x00000003d5800000)
AC   0  O    TS     0 PTAMS 0x00000003d5c00000 NTAMS 0x00000003d5c00000 space 4096K, 100% used [0x00000003d5800000, 0x00000003d5c00000)
AC   0  O    TS     0 PTAMS 0x00000003d6000000 NTAMS 0x00000003d6000000 space 4096K, 100% used [0x00000003d5c00000, 0x00000003d6000000)
AC   0  O    TS     0 PTAMS 0x00000003d6400000 NTAMS 0x00000003d6400000 space 4096K, 100% used [0x00000003d6000000, 0x00000003d6400000)
AC   0  O    TS     0 PTAMS 0x00000003d6800000 NTAMS 0x00000003d6800000 space 4096K, 100% used [0x00000003d6400000, 0x00000003d6800000)
AC   0  O    TS     0 PTAMS 0x00000003d6c00000 NTAMS 0x00000003d6c00000 space 4096K, 100% used [0x00000003d6800000, 0x00000003d6c00000)
AC   0  O    TS     0 PTAMS 0x00000003d7000000 NTAMS 0x00000003d7000000 space 4096K, 100% used [0x00000003d6c00000, 0x00000003d7000000)
AC   0  O    TS     0 PTAMS 0x00000003d7400000 NTAMS 0x00000003d7400000 space 4096K, 100% used [0x00000003d7000000, 0x00000003d7400000)
AC   0  O    TS     0 PTAMS 0x00000003d7800000 NTAMS 0x00000003d7800000 space 4096K, 100% used [0x00000003d7400000, 0x00000003d7800000)
AC   0  O    TS     0 PTAMS 0x00000003d7c00000 NTAMS 0x00000003d7c00000 space 4096K, 100% used [0x00000003d7800000, 0x00000003d7c00000)
AC   0  O    TS     0 PTAMS 0x00000003d8000000 NTAMS 0x00000003d8000000 space 4096K, 100% used [0x00000003d7c00000, 0x00000003d8000000)
AC   0  O    TS     0 PTAMS 0x00000003d8400000 NTAMS 0x00000003d8400000 space 4096K, 100% used [0x00000003d8000000, 0x00000003d8400000)
AC   0  O    TS     0 PTAMS 0x00000003d8800000 NTAMS 0x00000003d8800000 space 4096K, 100% used [0x00000003d8400000, 0x00000003d8800000)
AC   0  O    TS     0 PTAMS 0x00000003d8c00000 NTAMS 0x00000003d8c00000 space 4096K, 100% used [0x00000003d8800000, 0x00000003d8c00000)
AC   0  O    TS     0 PTAMS 0x00000003d9000000 NTAMS 0x00000003d9000000 space 4096K, 100% used [0x00000003d8c00000, 0x00000003d9000000)
AC   0  O    TS     0 PTAMS 0x00000003d9400000 NTAMS 0x00000003d9400000 space 4096K, 100% used [0x00000003d9000000, 0x00000003d9400000)
AC   0  O    TS     0 PTAMS 0x00000003d9800000 NTAMS 0x00000003d9800000 space 4096K, 100% used [0x00000003d9400000, 0x00000003d9800000)
AC   0  O    TS     0 PTAMS 0x00000003d9c00000 NTAMS 0x00000003d9c00000 space 4096K, 100% used [0x00000003d9800000, 0x00000003d9c00000)
AC   0  O    TS     0 PTAMS 0x00000003da000000 NTAMS 0x00000003da000000 space 4096K, 100% used [0x00000003d9c00000, 0x00000003da000000)
AC   0  O    TS     0 PTAMS 0x00000003da400000 NTAMS 0x00000003da400000 space 4096K, 100% used [0x00000003da000000, 0x00000003da400000)
AC   0  O    TS     0 PTAMS 0x00000003da800000 NTAMS 0x00000003da800000 space 4096K, 100% used [0x00000003da400000, 0x00000003da800000)
AC   0  O    TS     0 PTAMS 0x00000003dac00000 NTAMS 0x00000003dac00000 space 4096K, 100% used [0x00000003da800000, 0x00000003dac00000)
AC   0  O    TS     0 PTAMS 0x00000003db000000 NTAMS 0x00000003db000000 space 4096K, 100% used [0x00000003dac00000, 0x00000003db000000)
AC   0  O    TS     0 PTAMS 0x00000003db400000 NTAMS 0x00000003db400000 space 4096K, 100% used [0x00000003db000000, 0x00000003db400000)
AC   0 HS    TS     0 PTAMS 0x00000003db671010 NTAMS 0x00000003db671010 space 4096K,  61% used [0x00000003db400000, 0x00000003db800000)
AC   0  O    TS     0 PTAMS 0x00000003dbc00000 NTAMS 0x00000003dbc00000 space 4096K, 100% used [0x00000003db800000, 0x00000003dbc00000)
AC   0  O    TS     0 PTAMS 0x00000003dc000000 NTAMS 0x00000003dc000000 space 4096K, 100% used [0x00000003dbc00000, 0x00000003dc000000)
AC   0  O    TS     0 PTAMS 0x00000003dc400000 NTAMS 0x00000003dc400000 space 4096K, 100% used [0x00000003dc000000, 0x00000003dc400000)
AC   0  O    TS     0 PTAMS 0x00000003dc800000 NTAMS 0x00000003dc800000 space 4096K, 100% used [0x00000003dc400000, 0x00000003dc800000)
AC   0  O    TS     0 PTAMS 0x00000003dcc00000 NTAMS 0x00000003dcc00000 space 4096K, 100% used [0x00000003dc800000, 0x00000003dcc00000)
AC   0  O    TS     0 PTAMS 0x00000003dd000000 NTAMS 0x00000003dd000000 space 4096K, 100% used [0x00000003dcc00000, 0x00000003dd000000)
AC   0  O    TS     0 PTAMS 0x00000003dd400000 NTAMS 0x00000003dd400000 space 4096K, 100% used [0x00000003dd000000, 0x00000003dd400000)
AC   0  O    TS     0 PTAMS 0x00000003dd800000 NTAMS 0x00000003dd800000 space 4096K, 100% used [0x00000003dd400000, 0x00000003dd800000)
AC   0  O    TS     0 PTAMS 0x00000003ddc00000 NTAMS 0x00000003ddc00000 space 4096K, 100% used [0x00000003dd800000, 0x00000003ddc00000)
AC   0  O    TS     0 PTAMS 0x00000003de000000 NTAMS 0x00000003de000000 space 4096K, 100% used [0x00000003ddc00000, 0x00000003de000000)
AC   0  O    TS     0 PTAMS 0x00000003de400000 NTAMS 0x00000003de400000 space 4096K, 100% used [0x00000003de000000, 0x00000003de400000)
AC   0  O    TS     0 PTAMS 0x00000003de800000 NTAMS 0x00000003de800000 space 4096K, 100% used [0x00000003de400000, 0x00000003de800000)
AC   0  O    TS     0 PTAMS 0x00000003dec00000 NTAMS 0x00000003dec00000 space 4096K, 100% used [0x00000003de800000, 0x00000003dec00000)
AC   0  O    TS     0 PTAMS 0x00000003df000000 NTAMS 0x00000003df000000 space 4096K, 100% used [0x00000003dec00000, 0x00000003df000000)
AC   0  O    TS     0 PTAMS 0x00000003df400000 NTAMS 0x00000003df400000 space 4096K, 100% used [0x00000003df000000, 0x00000003df400000)
AC   0  O    TS     0 PTAMS 0x00000003df800000 NTAMS 0x00000003df800000 space 4096K, 100% used [0x00000003df400000, 0x00000003df800000)
AC   0  O    TS     0 PTAMS 0x00000003dfc00000 NTAMS 0x00000003dfc00000 space 4096K, 100% used [0x00000003df800000, 0x00000003dfc00000)
AC   0 HS    TS     0 PTAMS 0x00000003e0000010 NTAMS 0x00000003e0000010 space 8192K,  50% used [0x00000003dfc00000, 0x00000003e0400000)
AC   0 HC    TS     0 PTAMS 0x00000003e0000000 NTAMS 0x00000003e0000000 space 4096K,   0% used [0x00000003e0000000, 0x00000003e0400000)
AC   0  O    TS     0 PTAMS 0x00000003e0800000 NTAMS 0x00000003e0800000 space 4096K, 100% used [0x00000003e0400000, 0x00000003e0800000)
AC   0  O    TS     0 PTAMS 0x00000003e0c00000 NTAMS 0x00000003e0c00000 space 4096K, 100% used [0x00000003e0800000, 0x00000003e0c00000)
AC   0  O    TS     0 PTAMS 0x00000003e1000000 NTAMS 0x00000003e1000000 space 4096K, 100% used [0x00000003e0c00000, 0x00000003e1000000)
AC   0  O    TS     0 PTAMS 0x00000003e1400000 NTAMS 0x00000003e1400000 space 4096K, 100% used [0x00000003e1000000, 0x00000003e1400000)
AC   0  O    TS     0 PTAMS 0x00000003e1800000 NTAMS 0x00000003e1800000 space 4096K, 100% used [0x00000003e1400000, 0x00000003e1800000)
AC   0  O    TS     0 PTAMS 0x00000003e1c00000 NTAMS 0x00000003e1c00000 space 4096K, 100% used [0x00000003e1800000, 0x00000003e1c00000)
AC   0  O    TS     0 PTAMS 0x00000003e2000000 NTAMS 0x00000003e2000000 space 4096K, 100% used [0x00000003e1c00000, 0x00000003e2000000)
AC   0  O    TS     0 PTAMS 0x00000003e2400000 NTAMS 0x00000003e2400000 space 4096K, 100% used [0x00000003e2000000, 0x00000003e2400000)
AC   0  O    TS     0 PTAMS 0x00000003e2800000 NTAMS 0x00000003e2800000 space 4096K, 100% used [0x00000003e2400000, 0x00000003e2800000)
AC   0  O    TS     0 PTAMS 0x00000003e2c00000 NTAMS 0x00000003e2c00000 space 4096K, 100% used [0x00000003e2800000, 0x00000003e2c00000)
AC   0  O    TS     0 PTAMS 0x00000003e3000000 NTAMS 0x00000003e3000000 space 4096K, 100% used [0x00000003e2c00000, 0x00000003e3000000)
AC   0  O    TS     0 PTAMS 0x00000003e3400000 NTAMS 0x00000003e3400000 space 4096K, 100% used [0x00000003e3000000, 0x00000003e3400000)
AC   0  O    TS     0 PTAMS 0x00000003e3800000 NTAMS 0x00000003e3800000 space 4096K, 100% used [0x00000003e3400000, 0x00000003e3800000)
AC   0  O    TS     0 PTAMS 0x00000003e3c00000 NTAMS 0x00000003e3c00000 space 4096K, 100% used [0x00000003e3800000, 0x00000003e3c00000)
AC   0  O    TS     0 PTAMS 0x00000003e4000000 NTAMS 0x00000003e4000000 space 4096K, 100% used [0x00000003e3c00000, 0x00000003e4000000)
AC   0  O    TS     0 PTAMS 0x00000003e4400000 NTAMS 0x00000003e4400000 space 4096K, 100% used [0x00000003e4000000, 0x00000003e4400000)
AC   0  O    TS     0 PTAMS 0x00000003e4800000 NTAMS 0x00000003e4800000 space 4096K, 100% used [0x00000003e4400000, 0x00000003e4800000)
AC   0  O    TS     0 PTAMS 0x00000003e4c00000 NTAMS 0x00000003e4c00000 space 4096K, 100% used [0x00000003e4800000, 0x00000003e4c00000)
AC   0  O    TS     0 PTAMS 0x00000003e5000000 NTAMS 0x00000003e5000000 space 4096K, 100% used [0x00000003e4c00000, 0x00000003e5000000)
AC   0  O    TS     0 PTAMS 0x00000003e5400000 NTAMS 0x00000003e5400000 space 4096K, 100% used [0x00000003e5000000, 0x00000003e5400000)
AC   0  O    TS     0 PTAMS 0x00000003e5800000 NTAMS 0x00000003e5800000 space 4096K, 100% used [0x00000003e5400000, 0x00000003e5800000)
AC   0  O    TS     0 PTAMS 0x00000003e5c00000 NTAMS 0x00000003e5c00000 space 4096K, 100% used [0x00000003e5800000, 0x00000003e5c00000)
AC   0  O    TS     0 PTAMS 0x00000003e6000000 NTAMS 0x00000003e6000000 space 4096K, 100% used [0x00000003e5c00000, 0x00000003e6000000)
AC   0  O    TS     0 PTAMS 0x00000003e6400000 NTAMS 0x00000003e6400000 space 4096K, 100% used [0x00000003e6000000, 0x00000003e6400000)
AC   0  O    TS     0 PTAMS 0x00000003e6800000 NTAMS 0x00000003e6800000 space 4096K, 100% used [0x00000003e6400000, 0x00000003e6800000)
AC   0  O    TS     0 PTAMS 0x00000003e6c00000 NTAMS 0x00000003e6c00000 space 4096K, 100% used [0x00000003e6800000, 0x00000003e6c00000)
AC   0  O    TS     0 PTAMS 0x00000003e7000000 NTAMS 0x00000003e7000000 space 4096K, 100% used [0x00000003e6c00000, 0x00000003e7000000)
AC   0  O    TS     0 PTAMS 0x00000003e7400000 NTAMS 0x00000003e7400000 space 4096K, 100% used [0x00000003e7000000, 0x00000003e7400000)
AC   0  O    TS     0 PTAMS 0x00000003e7800000 NTAMS 0x00000003e7800000 space 4096K, 100% used [0x00000003e7400000, 0x00000003e7800000)
AC   0  O    TS     0 PTAMS 0x00000003e7c00000 NTAMS 0x00000003e7c00000 space 4096K, 100% used [0x00000003e7800000, 0x00000003e7c00000)
AC   0  O    TS     0 PTAMS 0x00000003e8000000 NTAMS 0x00000003e8000000 space 4096K, 100% used [0x00000003e7c00000, 0x00000003e8000000)
AC   0  O    TS     0 PTAMS 0x00000003e8400000 NTAMS 0x00000003e8400000 space 4096K, 100% used [0x00000003e8000000, 0x00000003e8400000)
AC   0  O    TS     0 PTAMS 0x00000003e8800000 NTAMS 0x00000003e8800000 space 4096K, 100% used [0x00000003e8400000, 0x00000003e8800000)
AC   0  O    TS     0 PTAMS 0x00000003e8c00000 NTAMS 0x00000003e8c00000 space 4096K, 100% used [0x00000003e8800000, 0x00000003e8c00000)
AC   0  O    TS     0 PTAMS 0x00000003e9000000 NTAMS 0x00000003e9000000 space 4096K, 100% used [0x00000003e8c00000, 0x00000003e9000000)
AC   0  O    TS     0 PTAMS 0x00000003e9400000 NTAMS 0x00000003e9400000 space 4096K, 100% used [0x00000003e9000000, 0x00000003e9400000)
AC   0  O    TS     0 PTAMS 0x00000003e9800000 NTAMS 0x00000003e9800000 space 4096K, 100% used [0x00000003e9400000, 0x00000003e9800000)
AC   0  O    TS     0 PTAMS 0x00000003e9c00000 NTAMS 0x00000003e9c00000 space 4096K, 100% used [0x00000003e9800000, 0x00000003e9c00000)
AC   0  O    TS     0 PTAMS 0x00000003ea000000 NTAMS 0x00000003ea000000 space 4096K, 100% used [0x00000003e9c00000, 0x00000003ea000000)
AC   0  O    TS     0 PTAMS 0x00000003ea400000 NTAMS 0x00000003ea400000 space 4096K, 100% used [0x00000003ea000000, 0x00000003ea400000)
AC   0  O    TS     0 PTAMS 0x00000003ea800000 NTAMS 0x00000003ea800000 space 4096K, 100% used [0x00000003ea400000, 0x00000003ea800000)
AC   0  O    TS     0 PTAMS 0x00000003eac00000 NTAMS 0x00000003eac00000 space 4096K, 100% used [0x00000003ea800000, 0x00000003eac00000)
AC   0  O    TS     0 PTAMS 0x00000003eb000000 NTAMS 0x00000003eb000000 space 4096K, 100% used [0x00000003eac00000, 0x00000003eb000000)
AC   0  O    TS     0 PTAMS 0x00000003eb400000 NTAMS 0x00000003eb400000 space 4096K, 100% used [0x00000003eb000000, 0x00000003eb400000)
AC   0  O    TS     0 PTAMS 0x00000003eb800000 NTAMS 0x00000003eb800000 space 4096K, 100% used [0x00000003eb400000, 0x00000003eb800000)
AC   0  O    TS     0 PTAMS 0x00000003ebc00000 NTAMS 0x00000003ebc00000 space 4096K, 100% used [0x00000003eb800000, 0x00000003ebc00000)
AC   0  O    TS     0 PTAMS 0x00000003ec000000 NTAMS 0x00000003ec000000 space 4096K, 100% used [0x00000003ebc00000, 0x00000003ec000000)
AC   0  O    TS     0 PTAMS 0x00000003ec400000 NTAMS 0x00000003ec400000 space 4096K, 100% used [0x00000003ec000000, 0x00000003ec400000)
AC   0  O    TS     0 PTAMS 0x00000003ec800000 NTAMS 0x00000003ec800000 space 4096K, 100% used [0x00000003ec400000, 0x00000003ec800000)
AC   0  O    TS     0 PTAMS 0x00000003ecc00000 NTAMS 0x00000003ecc00000 space 4096K, 100% used [0x00000003ec800000, 0x00000003ecc00000)
AC   0  O    TS     0 PTAMS 0x00000003ed000000 NTAMS 0x00000003ed000000 space 4096K, 100% used [0x00000003ecc00000, 0x00000003ed000000)
AC   0  O    TS     0 PTAMS 0x00000003ed400000 NTAMS 0x00000003ed400000 space 4096K, 100% used [0x00000003ed000000, 0x00000003ed400000)
AC   0  O    TS     0 PTAMS 0x00000003ed800000 NTAMS 0x00000003ed800000 space 4096K, 100% used [0x00000003ed400000, 0x00000003ed800000)
AC   0  O    TS     0 PTAMS 0x00000003edc00000 NTAMS 0x00000003edc00000 space 4096K, 100% used [0x00000003ed800000, 0x00000003edc00000)
AC   0  O    TS     0 PTAMS 0x00000003ee000000 NTAMS 0x00000003ee000000 space 4096K, 100% used [0x00000003edc00000, 0x00000003ee000000)
AC   0  O    TS     0 PTAMS 0x00000003ee400000 NTAMS 0x00000003ee400000 space 4096K, 100% used [0x00000003ee000000, 0x00000003ee400000)
AC   0  O    TS     0 PTAMS 0x00000003ee800000 NTAMS 0x00000003ee800000 space 4096K, 100% used [0x00000003ee400000, 0x00000003ee800000)
AC   0  O    TS     0 PTAMS 0x00000003eec00000 NTAMS 0x00000003eec00000 space 4096K, 100% used [0x00000003ee800000, 0x00000003eec00000)
AC   0  O    TS     0 PTAMS 0x00000003ef000000 NTAMS 0x00000003ef000000 space 4096K, 100% used [0x00000003eec00000, 0x00000003ef000000)
AC   0  O    TS     0 PTAMS 0x00000003ef400000 NTAMS 0x00000003ef400000 space 4096K, 100% used [0x00000003ef000000, 0x00000003ef400000)
AC   0  O    TS     0 PTAMS 0x00000003ef800000 NTAMS 0x00000003ef800000 space 4096K, 100% used [0x00000003ef400000, 0x00000003ef800000)
AC   0  O    TS     0 PTAMS 0x00000003efc00000 NTAMS 0x00000003efc00000 space 4096K, 100% used [0x00000003ef800000, 0x00000003efc00000)
AC   0  O    TS     0 PTAMS 0x00000003f0000000 NTAMS 0x00000003f0000000 space 4096K, 100% used [0x00000003efc00000, 0x00000003f0000000)
AC   0  O    TS     0 PTAMS 0x00000003f0400000 NTAMS 0x00000003f0400000 space 4096K, 100% used [0x00000003f0000000, 0x00000003f0400000)
AC   0  O    TS     0 PTAMS 0x00000003f0800000 NTAMS 0x00000003f0800000 space 4096K, 100% used [0x00000003f0400000, 0x00000003f0800000)
AC   0  O    TS     0 PTAMS 0x00000003f0c00000 NTAMS 0x00000003f0c00000 space 4096K, 100% used [0x00000003f0800000, 0x00000003f0c00000)
AC   0  O    TS     0 PTAMS 0x00000003f1000000 NTAMS 0x00000003f1000000 space 4096K, 100% used [0x00000003f0c00000, 0x00000003f1000000)
AC   0  O    TS     0 PTAMS 0x00000003f1400000 NTAMS 0x00000003f1400000 space 4096K, 100% used [0x00000003f1000000, 0x00000003f1400000)
AC   0  O    TS     0 PTAMS 0x00000003f1800000 NTAMS 0x00000003f1800000 space 4096K, 100% used [0x00000003f1400000, 0x00000003f1800000)
AC   0  O    TS     0 PTAMS 0x00000003f1c00000 NTAMS 0x00000003f1c00000 space 4096K, 100% used [0x00000003f1800000, 0x00000003f1c00000)
AC   0  O    TS     0 PTAMS 0x00000003f2000000 NTAMS 0x00000003f2000000 space 4096K, 100% used [0x00000003f1c00000, 0x00000003f2000000)
AC   0  O    TS     0 PTAMS 0x00000003f2400000 NTAMS 0x00000003f2400000 space 4096K, 100% used [0x00000003f2000000, 0x00000003f2400000)
AC   0  O    TS     0 PTAMS 0x00000003f2800000 NTAMS 0x00000003f2800000 space 4096K, 100% used [0x00000003f2400000, 0x00000003f2800000)
AC   0  O    TS     0 PTAMS 0x00000003f2c00000 NTAMS 0x00000003f2c00000 space 4096K, 100% used [0x00000003f2800000, 0x00000003f2c00000)
AC   0  O    TS     0 PTAMS 0x00000003f3000000 NTAMS 0x00000003f3000000 space 4096K, 100% used [0x00000003f2c00000, 0x00000003f3000000)
AC   0  O    TS     0 PTAMS 0x00000003f3400000 NTAMS 0x00000003f3400000 space 4096K, 100% used [0x00000003f3000000, 0x00000003f3400000)
AC   0  O    TS     0 PTAMS 0x00000003f3800000 NTAMS 0x00000003f3800000 space 4096K, 100% used [0x00000003f3400000, 0x00000003f3800000)
AC   0  O    TS     0 PTAMS 0x00000003f3c00000 NTAMS 0x00000003f3c00000 space 4096K, 100% used [0x00000003f3800000, 0x00000003f3c00000)
AC   0  O    TS     0 PTAMS 0x00000003f4000000 NTAMS 0x00000003f4000000 space 4096K, 100% used [0x00000003f3c00000, 0x00000003f4000000)
AC   0  O    TS     0 PTAMS 0x00000003f4400000 NTAMS 0x00000003f4400000 space 4096K, 100% used [0x00000003f4000000, 0x00000003f4400000)
AC   0  O    TS     0 PTAMS 0x00000003f4800000 NTAMS 0x00000003f4800000 space 4096K, 100% used [0x00000003f4400000, 0x00000003f4800000)
AC   0  O    TS     0 PTAMS 0x00000003f4c00000 NTAMS 0x00000003f4c00000 space 4096K, 100% used [0x00000003f4800000, 0x00000003f4c00000)
AC   0  O    TS     0 PTAMS 0x00000003f5000000 NTAMS 0x00000003f5000000 space 4096K, 100% used [0x00000003f4c00000, 0x00000003f5000000)
AC   0  O    TS     0 PTAMS 0x00000003f5400000 NTAMS 0x00000003f5400000 space 4096K, 100% used [0x00000003f5000000, 0x00000003f5400000)
AC   0  O    TS     0 PTAMS 0x00000003f5800000 NTAMS 0x00000003f5800000 space 4096K, 100% used [0x00000003f5400000, 0x00000003f5800000)
AC   0  O    TS     0 PTAMS 0x00000003f5c00000 NTAMS 0x00000003f5c00000 space 4096K, 100% used [0x00000003f5800000, 0x00000003f5c00000)
AC   0  O    TS     0 PTAMS 0x00000003f6000000 NTAMS 0x00000003f6000000 space 4096K, 100% used [0x00000003f5c00000, 0x00000003f6000000)
AC   0  O    TS     0 PTAMS 0x00000003f6400000 NTAMS 0x00000003f6400000 space 4096K, 100% used [0x00000003f6000000, 0x00000003f6400000)
AC   0  O    TS     0 PTAMS 0x00000003f6800000 NTAMS 0x00000003f6800000 space 4096K, 100% used [0x00000003f6400000, 0x00000003f6800000)
AC   0  O    TS     0 PTAMS 0x00000003f6c00000 NTAMS 0x00000003f6c00000 space 4096K, 100% used [0x00000003f6800000, 0x00000003f6c00000)
AC   0  O    TS     0 PTAMS 0x00000003f7000000 NTAMS 0x00000003f7000000 space 4096K, 100% used [0x00000003f6c00000, 0x00000003f7000000)
AC   0  O    TS     0 PTAMS 0x00000003f7400000 NTAMS 0x00000003f7400000 space 4096K, 100% used [0x00000003f7000000, 0x00000003f7400000)
AC   0  O    TS     0 PTAMS 0x00000003f7800000 NTAMS 0x00000003f7800000 space 4096K, 100% used [0x00000003f7400000, 0x00000003f7800000)
AC   0  O    TS     0 PTAMS 0x00000003f7c00000 NTAMS 0x00000003f7c00000 space 4096K, 100% used [0x00000003f7800000, 0x00000003f7c00000)
AC   0  O    TS     0 PTAMS 0x00000003f8000000 NTAMS 0x00000003f8000000 space 4096K, 100% used [0x00000003f7c00000, 0x00000003f8000000)
AC   0  O    TS     0 PTAMS 0x00000003f8400000 NTAMS 0x00000003f8400000 space 4096K, 100% used [0x00000003f8000000, 0x00000003f8400000)
AC   0  O    TS     0 PTAMS 0x00000003f8800000 NTAMS 0x00000003f8800000 space 4096K, 100% used [0x00000003f8400000, 0x00000003f8800000)
AC   0  O    TS     0 PTAMS 0x00000003f8c00000 NTAMS 0x00000003f8c00000 space 4096K, 100% used [0x00000003f8800000, 0x00000003f8c00000)
AC   0  O    TS     0 PTAMS 0x00000003f9000000 NTAMS 0x00000003f9000000 space 4096K, 100% used [0x00000003f8c00000, 0x00000003f9000000)
AC   0  O    TS     0 PTAMS 0x00000003f9400000 NTAMS 0x00000003f9400000 space 4096K, 100% used [0x00000003f9000000, 0x00000003f9400000)
AC   0  O    TS     0 PTAMS 0x00000003f9800000 NTAMS 0x00000003f9800000 space 4096K, 100% used [0x00000003f9400000, 0x00000003f9800000)
AC   0  O    TS     0 PTAMS 0x00000003f9c00000 NTAMS 0x00000003f9c00000 space 4096K, 100% used [0x00000003f9800000, 0x00000003f9c00000)
AC   0  O    TS     0 PTAMS 0x00000003fa000000 NTAMS 0x00000003fa000000 space 4096K, 100% used [0x00000003f9c00000, 0x00000003fa000000)
AC   0  O    TS     0 PTAMS 0x00000003fa400000 NTAMS 0x00000003fa400000 space 4096K, 100% used [0x00000003fa000000, 0x00000003fa400000)
AC   0  O    TS     0 PTAMS 0x00000003fa800000 NTAMS 0x00000003fa800000 space 4096K, 100% used [0x00000003fa400000, 0x00000003fa800000)
AC   0  O    TS     0 PTAMS 0x00000003fac00000 NTAMS 0x00000003fac00000 space 4096K, 100% used [0x00000003fa800000, 0x00000003fac00000)
AC   0  O    TS     0 PTAMS 0x00000003fb000000 NTAMS 0x00000003fb000000 space 4096K, 100% used [0x00000003fac00000, 0x00000003fb000000)
AC   0  O    TS     0 PTAMS 0x00000003fb400000 NTAMS 0x00000003fb400000 space 4096K, 100% used [0x00000003fb000000, 0x00000003fb400000)
AC   0  O    TS     0 PTAMS 0x00000003fb800000 NTAMS 0x00000003fb800000 space 4096K, 100% used [0x00000003fb400000, 0x00000003fb800000)
AC   0  O    TS     0 PTAMS 0x00000003fbc00000 NTAMS 0x00000003fbc00000 space 4096K, 100% used [0x00000003fb800000, 0x00000003fbc00000)
AC   0  O    TS     0 PTAMS 0x00000003fc000000 NTAMS 0x00000003fc000000 space 4096K, 100% used [0x00000003fbc00000, 0x00000003fc000000)
AC   0  O    TS     0 PTAMS 0x00000003fc400000 NTAMS 0x00000003fc400000 space 4096K, 100% used [0x00000003fc000000, 0x00000003fc400000)
AC   0  O    TS     0 PTAMS 0x00000003fc800000 NTAMS 0x00000003fc800000 space 4096K, 100% used [0x00000003fc400000, 0x00000003fc800000)
AC   0  O    TS     0 PTAMS 0x00000003fcc00000 NTAMS 0x00000003fcc00000 space 4096K, 100% used [0x00000003fc800000, 0x00000003fcc00000)
AC   0  O    TS     0 PTAMS 0x00000003fd000000 NTAMS 0x00000003fd000000 space 4096K, 100% used [0x00000003fcc00000, 0x00000003fd000000)
AC   0  O    TS     0 PTAMS 0x00000003fd400000 NTAMS 0x00000003fd400000 space 4096K, 100% used [0x00000003fd000000, 0x00000003fd400000)
AC   0  O    TS     0 PTAMS 0x00000003fd800000 NTAMS 0x00000003fd800000 space 4096K, 100% used [0x00000003fd400000, 0x00000003fd800000)
AC   0  O    TS     0 PTAMS 0x00000003fdc00000 NTAMS 0x00000003fdc00000 space 4096K, 100% used [0x00000003fd800000, 0x00000003fdc00000)
AC   0  O    TS     0 PTAMS 0x00000003fe000000 NTAMS 0x00000003fe000000 space 4096K, 100% used [0x00000003fdc00000, 0x00000003fe000000)
AC   0  O    TS     0 PTAMS 0x00000003fe400000 NTAMS 0x00000003fe400000 space 4096K, 100% used [0x00000003fe000000, 0x00000003fe400000)
AC   0  O    TS     0 PTAMS 0x00000003fe800000 NTAMS 0x00000003fe800000 space 4096K, 100% used [0x00000003fe400000, 0x00000003fe800000)
AC   0  O    TS     0 PTAMS 0x00000003fec00000 NTAMS 0x00000003fec00000 space 4096K, 100% used [0x00000003fe800000, 0x00000003fec00000)
AC   0  O    TS     0 PTAMS 0x00000003ff000000 NTAMS 0x00000003ff000000 space 4096K, 100% used [0x00000003fec00000, 0x00000003ff000000)
AC   0  O    TS     0 PTAMS 0x00000003ff400000 NTAMS 0x00000003ff400000 space 4096K, 100% used [0x00000003ff000000, 0x00000003ff400000)
AC   0  O    TS     0 PTAMS 0x00000003ff800000 NTAMS 0x00000003ff800000 space 4096K, 100% used [0x00000003ff400000, 0x00000003ff800000)
AC   0  O    TS     0 PTAMS 0x00000003ffc00000 NTAMS 0x00000003ffc00000 space 4096K, 100% used [0x00000003ff800000, 0x00000003ffc00000)
AC   0  O    TS     0 PTAMS 0x0000000400000000 NTAMS 0x0000000400000000 space 4096K, 100% used [0x00000003ffc00000, 0x0000000400000000)
AC   0  O    TS     0 PTAMS 0x0000000400400000 NTAMS 0x0000000400400000 space 4096K, 100% used [0x0000000400000000, 0x0000000400400000)
AC   0  O    TS     0 PTAMS 0x0000000400800000 NTAMS 0x0000000400800000 space 4096K, 100% used [0x0000000400400000, 0x0000000400800000)
AC   0  O    TS     0 PTAMS 0x0000000400c00000 NTAMS 0x0000000400c00000 space 4096K, 100% used [0x0000000400800000, 0x0000000400c00000)
AC   0  O    TS     0 PTAMS 0x0000000401000000 NTAMS 0x0000000401000000 space 4096K, 100% used [0x0000000400c00000, 0x0000000401000000)
AC   0  O    TS     0 PTAMS 0x0000000401400000 NTAMS 0x0000000401400000 space 4096K, 100% used [0x0000000401000000, 0x0000000401400000)
AC   0  O    TS     0 PTAMS 0x0000000401800000 NTAMS 0x0000000401800000 space 4096K, 100% used [0x0000000401400000, 0x0000000401800000)
AC   0  O    TS     0 PTAMS 0x0000000401c00000 NTAMS 0x0000000401c00000 space 4096K, 100% used [0x0000000401800000, 0x0000000401c00000)
AC   0  O    TS     0 PTAMS 0x0000000402000000 NTAMS 0x0000000402000000 space 4096K, 100% used [0x0000000401c00000, 0x0000000402000000)
AC   0  O    TS     0 PTAMS 0x0000000402400000 NTAMS 0x0000000402400000 space 4096K, 100% used [0x0000000402000000, 0x0000000402400000)
AC   0  O    TS     0 PTAMS 0x0000000402800000 NTAMS 0x0000000402800000 space 4096K, 100% used [0x0000000402400000, 0x0000000402800000)
AC   0  O    TS     0 PTAMS 0x0000000402c00000 NTAMS 0x0000000402c00000 space 4096K, 100% used [0x0000000402800000, 0x0000000402c00000)
AC   0  O    TS     0 PTAMS 0x0000000403000000 NTAMS 0x0000000403000000 space 4096K, 100% used [0x0000000402c00000, 0x0000000403000000)
AC   0  O    TS     0 PTAMS 0x0000000403400000 NTAMS 0x0000000403400000 space 4096K, 100% used [0x0000000403000000, 0x0000000403400000)
AC   0  O    TS     0 PTAMS 0x0000000403800000 NTAMS 0x0000000403800000 space 4096K, 100% used [0x0000000403400000, 0x0000000403800000)
AC   0  O    TS     0 PTAMS 0x0000000403c00000 NTAMS 0x0000000403c00000 space 4096K, 100% used [0x0000000403800000, 0x0000000403c00000)
AC   0  O    TS     0 PTAMS 0x0000000404000000 NTAMS 0x0000000404000000 space 4096K, 100% used [0x0000000403c00000, 0x0000000404000000)
AC   0  O    TS     0 PTAMS 0x0000000404400000 NTAMS 0x0000000404400000 space 4096K, 100% used [0x0000000404000000, 0x0000000404400000)
AC   0  O    TS     0 PTAMS 0x0000000404800000 NTAMS 0x0000000404800000 space 4096K, 100% used [0x0000000404400000, 0x0000000404800000)
AC   0  O    TS     0 PTAMS 0x0000000404c00000 NTAMS 0x0000000404c00000 space 4096K, 100% used [0x0000000404800000, 0x0000000404c00000)
AC   0  O    TS     0 PTAMS 0x0000000405000000 NTAMS 0x0000000405000000 space 4096K, 100% used [0x0000000404c00000, 0x0000000405000000)
AC   0  O    TS     0 PTAMS 0x0000000405400000 NTAMS 0x0000000405400000 space 4096K, 100% used [0x0000000405000000, 0x0000000405400000)
AC   0  O    TS     0 PTAMS 0x0000000405800000 NTAMS 0x0000000405800000 space 4096K, 100% used [0x0000000405400000, 0x0000000405800000)
AC   0  O    TS     0 PTAMS 0x0000000405c00000 NTAMS 0x0000000405c00000 space 4096K, 100% used [0x0000000405800000, 0x0000000405c00000)
AC   0  O    TS     0 PTAMS 0x0000000406000000 NTAMS 0x0000000406000000 space 4096K, 100% used [0x0000000405c00000, 0x0000000406000000)
AC   0  O    TS     0 PTAMS 0x0000000406400000 NTAMS 0x0000000406400000 space 4096K, 100% used [0x0000000406000000, 0x0000000406400000)
AC   0  O    TS     0 PTAMS 0x0000000406800000 NTAMS 0x0000000406800000 space 4096K, 100% used [0x0000000406400000, 0x0000000406800000)
AC   0  O    TS     0 PTAMS 0x0000000406c00000 NTAMS 0x0000000406c00000 space 4096K, 100% used [0x0000000406800000, 0x0000000406c00000)
AC   0  O    TS     0 PTAMS 0x0000000407000000 NTAMS 0x0000000407000000 space 4096K, 100% used [0x0000000406c00000, 0x0000000407000000)
AC   0  O    TS     0 PTAMS 0x0000000407400000 NTAMS 0x0000000407400000 space 4096K, 100% used [0x0000000407000000, 0x0000000407400000)
AC   0  O    TS     0 PTAMS 0x0000000407800000 NTAMS 0x0000000407800000 space 4096K, 100% used [0x0000000407400000, 0x0000000407800000)
AC   0  O    TS     0 PTAMS 0x0000000407c00000 NTAMS 0x0000000407c00000 space 4096K, 100% used [0x0000000407800000, 0x0000000407c00000)
AC   0  O    TS     0 PTAMS 0x0000000408000000 NTAMS 0x0000000408000000 space 4096K, 100% used [0x0000000407c00000, 0x0000000408000000)
AC   0  O    TS     0 PTAMS 0x0000000408400000 NTAMS 0x0000000408400000 space 4096K, 100% used [0x0000000408000000, 0x0000000408400000)
AC   0  O    TS     0 PTAMS 0x0000000408800000 NTAMS 0x0000000408800000 space 4096K, 100% used [0x0000000408400000, 0x0000000408800000)
AC   0  O    TS     0 PTAMS 0x0000000408c00000 NTAMS 0x0000000408c00000 space 4096K, 100% used [0x0000000408800000, 0x0000000408c00000)
AC   0  O    TS     0 PTAMS 0x0000000409000000 NTAMS 0x0000000409000000 space 4096K, 100% used [0x0000000408c00000, 0x0000000409000000)
AC   0  O    TS     0 PTAMS 0x0000000409400000 NTAMS 0x0000000409400000 space 4096K, 100% used [0x0000000409000000, 0x0000000409400000)
AC   0  O    TS     0 PTAMS 0x0000000409800000 NTAMS 0x0000000409800000 space 4096K, 100% used [0x0000000409400000, 0x0000000409800000)
AC   0  O    TS     0 PTAMS 0x0000000409c00000 NTAMS 0x0000000409c00000 space 4096K, 100% used [0x0000000409800000, 0x0000000409c00000)
AC   0  O    TS     0 PTAMS 0x000000040a000000 NTAMS 0x000000040a000000 space 4096K, 100% used [0x0000000409c00000, 0x000000040a000000)
AC   0  O    TS     0 PTAMS 0x000000040a400000 NTAMS 0x000000040a400000 space 4096K, 100% used [0x000000040a000000, 0x000000040a400000)
AC   0  O    TS     0 PTAMS 0x000000040a800000 NTAMS 0x000000040a800000 space 4096K, 100% used [0x000000040a400000, 0x000000040a800000)
AC   0  O    TS     0 PTAMS 0x000000040ac00000 NTAMS 0x000000040ac00000 space 4096K, 100% used [0x000000040a800000, 0x000000040ac00000)
AC   0  O    TS     0 PTAMS 0x000000040b000000 NTAMS 0x000000040b000000 space 4096K, 100% used [0x000000040ac00000, 0x000000040b000000)
AC   0  O    TS     0 PTAMS 0x000000040b400000 NTAMS 0x000000040b400000 space 4096K, 100% used [0x000000040b000000, 0x000000040b400000)
AC   0  O    TS     0 PTAMS 0x000000040b800000 NTAMS 0x000000040b800000 space 4096K, 100% used [0x000000040b400000, 0x000000040b800000)
AC   0  O    TS     0 PTAMS 0x000000040bc00000 NTAMS 0x000000040bc00000 space 4096K, 100% used [0x000000040b800000, 0x000000040bc00000)
AC   0  O    TS     0 PTAMS 0x000000040c000000 NTAMS 0x000000040c000000 space 4096K, 100% used [0x000000040bc00000, 0x000000040c000000)
AC   0  O    TS     0 PTAMS 0x000000040c400000 NTAMS 0x000000040c400000 space 4096K, 100% used [0x000000040c000000, 0x000000040c400000)
AC   0  O    TS     0 PTAMS 0x000000040c800000 NTAMS 0x000000040c800000 space 4096K, 100% used [0x000000040c400000, 0x000000040c800000)
AC   0  O    TS     0 PTAMS 0x000000040cc00000 NTAMS 0x000000040cc00000 space 4096K, 100% used [0x000000040c800000, 0x000000040cc00000)
AC   0  O    TS     0 PTAMS 0x000000040d000000 NTAMS 0x000000040d000000 space 4096K, 100% used [0x000000040cc00000, 0x000000040d000000)
AC   0  O    TS     0 PTAMS 0x000000040d400000 NTAMS 0x000000040d400000 space 4096K, 100% used [0x000000040d000000, 0x000000040d400000)
AC   0  O    TS     0 PTAMS 0x000000040d800000 NTAMS 0x000000040d800000 space 4096K, 100% used [0x000000040d400000, 0x000000040d800000)
AC   0  O    TS     0 PTAMS 0x000000040dc00000 NTAMS 0x000000040dc00000 space 4096K, 100% used [0x000000040d800000, 0x000000040dc00000)
AC   0  O    TS     0 PTAMS 0x000000040e000000 NTAMS 0x000000040e000000 space 4096K, 100% used [0x000000040dc00000, 0x000000040e000000)
AC   0  O    TS     0 PTAMS 0x000000040e400000 NTAMS 0x000000040e400000 space 4096K, 100% used [0x000000040e000000, 0x000000040e400000)
AC   0  O    TS     0 PTAMS 0x000000040e800000 NTAMS 0x000000040e800000 space 4096K, 100% used [0x000000040e400000, 0x000000040e800000)
AC   0  O    TS     0 PTAMS 0x000000040ec00000 NTAMS 0x000000040ec00000 space 4096K, 100% used [0x000000040e800000, 0x000000040ec00000)
AC   0  O    TS     0 PTAMS 0x000000040f000000 NTAMS 0x000000040f000000 space 4096K, 100% used [0x000000040ec00000, 0x000000040f000000)
AC   0  O    TS     0 PTAMS 0x000000040f400000 NTAMS 0x000000040f400000 space 4096K, 100% used [0x000000040f000000, 0x000000040f400000)
AC   0  O    TS     0 PTAMS 0x000000040f800000 NTAMS 0x000000040f800000 space 4096K, 100% used [0x000000040f400000, 0x000000040f800000)
AC   0  O    TS     0 PTAMS 0x000000040fc00000 NTAMS 0x000000040fc00000 space 4096K, 100% used [0x000000040f800000, 0x000000040fc00000)
AC   0  O    TS     0 PTAMS 0x0000000410000000 NTAMS 0x0000000410000000 space 4096K, 100% used [0x000000040fc00000, 0x0000000410000000)
AC   0  O    TS     0 PTAMS 0x0000000410400000 NTAMS 0x0000000410400000 space 4096K, 100% used [0x0000000410000000, 0x0000000410400000)
AC   0  O    TS     0 PTAMS 0x0000000410800000 NTAMS 0x0000000410800000 space 4096K, 100% used [0x0000000410400000, 0x0000000410800000)
AC   0  O    TS     0 PTAMS 0x0000000410c00000 NTAMS 0x0000000410c00000 space 4096K, 100% used [0x0000000410800000, 0x0000000410c00000)
AC   0  O    TS     0 PTAMS 0x0000000411000000 NTAMS 0x0000000411000000 space 4096K, 100% used [0x0000000410c00000, 0x0000000411000000)
AC   0  O    TS     0 PTAMS 0x0000000411400000 NTAMS 0x0000000411400000 space 4096K, 100% used [0x0000000411000000, 0x0000000411400000)
AC   0  O    TS     0 PTAMS 0x0000000411800000 NTAMS 0x0000000411800000 space 4096K, 100% used [0x0000000411400000, 0x0000000411800000)
AC   0  O    TS     0 PTAMS 0x0000000411c00000 NTAMS 0x0000000411c00000 space 4096K, 100% used [0x0000000411800000, 0x0000000411c00000)
AC   0  O    TS     0 PTAMS 0x0000000412000000 NTAMS 0x0000000412000000 space 4096K, 100% used [0x0000000411c00000, 0x0000000412000000)
AC   0  O    TS     0 PTAMS 0x0000000412400000 NTAMS 0x0000000412400000 space 4096K, 100% used [0x0000000412000000, 0x0000000412400000)
AC   0  O    TS     0 PTAMS 0x0000000412800000 NTAMS 0x0000000412800000 space 4096K, 100% used [0x0000000412400000, 0x0000000412800000)
AC   0  O    TS     0 PTAMS 0x0000000412c00000 NTAMS 0x0000000412c00000 space 4096K, 100% used [0x0000000412800000, 0x0000000412c00000)
AC   0  O    TS     1 PTAMS 0x0000000412c00000 NTAMS 0x0000000412c00000 space 4096K, 100% used [0x0000000412c00000, 0x0000000413000000)
AC   0  O    TS     0 PTAMS 0x0000000413400000 NTAMS 0x0000000413400000 space 4096K, 100% used [0x0000000413000000, 0x0000000413400000)
AC   0  O    TS     0 PTAMS 0x0000000413800000 NTAMS 0x0000000413800000 space 4096K, 100% used [0x0000000413400000, 0x0000000413800000)
AC   0  O    TS     0 PTAMS 0x0000000413c00000 NTAMS 0x0000000413c00000 space 4096K, 100% used [0x0000000413800000, 0x0000000413c00000)
AC   0  O    TS     0 PTAMS 0x0000000414000000 NTAMS 0x0000000414000000 space 4096K, 100% used [0x0000000413c00000, 0x0000000414000000)
AC   0  O    TS     0 PTAMS 0x0000000414400000 NTAMS 0x0000000414400000 space 4096K, 100% used [0x0000000414000000, 0x0000000414400000)
AC   0  O    TS     0 PTAMS 0x0000000414800000 NTAMS 0x0000000414800000 space 4096K, 100% used [0x0000000414400000, 0x0000000414800000)
AC   0  O    TS     0 PTAMS 0x0000000414c00000 NTAMS 0x0000000414c00000 space 4096K, 100% used [0x0000000414800000, 0x0000000414c00000)
AC   0  O    TS     0 PTAMS 0x0000000415000000 NTAMS 0x0000000415000000 space 4096K, 100% used [0x0000000414c00000, 0x0000000415000000)
AC   0  O    TS     0 PTAMS 0x0000000415400000 NTAMS 0x0000000415400000 space 4096K, 100% used [0x0000000415000000, 0x0000000415400000)
AC   0  O    TS     0 PTAMS 0x0000000415800000 NTAMS 0x0000000415800000 space 4096K, 100% used [0x0000000415400000, 0x0000000415800000)
AC   0  O    TS     0 PTAMS 0x0000000415c00000 NTAMS 0x0000000415c00000 space 4096K, 100% used [0x0000000415800000, 0x0000000415c00000)
AC   0  O    TS     0 PTAMS 0x0000000416000000 NTAMS 0x0000000416000000 space 4096K, 100% used [0x0000000415c00000, 0x0000000416000000)
AC   0  O    TS     0 PTAMS 0x0000000416400000 NTAMS 0x0000000416400000 space 4096K, 100% used [0x0000000416000000, 0x0000000416400000)
AC   0  O    TS     1 PTAMS 0x0000000416400000 NTAMS 0x0000000416400000 space 4096K, 100% used [0x0000000416400000, 0x0000000416800000)
AC   0  O    TS     0 PTAMS 0x0000000416c00000 NTAMS 0x0000000416c00000 space 4096K, 100% used [0x0000000416800000, 0x0000000416c00000)
AC   0  O    TS     0 PTAMS 0x0000000417000000 NTAMS 0x0000000417000000 space 4096K, 100% used [0x0000000416c00000, 0x0000000417000000)
AC   0  O    TS     0 PTAMS 0x0000000417400000 NTAMS 0x0000000417400000 space 4096K, 100% used [0x0000000417000000, 0x0000000417400000)
AC   0  O    TS     0 PTAMS 0x0000000417800000 NTAMS 0x0000000417800000 space 4096K, 100% used [0x0000000417400000, 0x0000000417800000)
AC   0  O    TS     0 PTAMS 0x0000000417c00000 NTAMS 0x0000000417c00000 space 4096K, 100% used [0x0000000417800000, 0x0000000417c00000)
AC   0  O    TS     0 PTAMS 0x0000000418000000 NTAMS 0x0000000418000000 space 4096K, 100% used [0x0000000417c00000, 0x0000000418000000)
AC   0  O    TS     0 PTAMS 0x0000000418400000 NTAMS 0x0000000418400000 space 4096K, 100% used [0x0000000418000000, 0x0000000418400000)
AC   0  O    TS     0 PTAMS 0x0000000418800000 NTAMS 0x0000000418800000 space 4096K, 100% used [0x0000000418400000, 0x0000000418800000)
AC   0  O    TS     0 PTAMS 0x0000000418c00000 NTAMS 0x0000000418c00000 space 4096K, 100% used [0x0000000418800000, 0x0000000418c00000)
AC   0  O    TS     0 PTAMS 0x0000000419000000 NTAMS 0x0000000419000000 space 4096K, 100% used [0x0000000418c00000, 0x0000000419000000)
AC   0  O    TS     0 PTAMS 0x0000000419400000 NTAMS 0x0000000419400000 space 4096K, 100% used [0x0000000419000000, 0x0000000419400000)
AC   0  O    TS     0 PTAMS 0x0000000419800000 NTAMS 0x0000000419800000 space 4096K, 100% used [0x0000000419400000, 0x0000000419800000)
AC   0  O    TS     0 PTAMS 0x0000000419c00000 NTAMS 0x0000000419c00000 space 4096K, 100% used [0x0000000419800000, 0x0000000419c00000)
AC   0  O    TS     0 PTAMS 0x000000041a000000 NTAMS 0x000000041a000000 space 4096K, 100% used [0x0000000419c00000, 0x000000041a000000)
AC   0  O    TS     0 PTAMS 0x000000041a400000 NTAMS 0x000000041a400000 space 4096K, 100% used [0x000000041a000000, 0x000000041a400000)
AC   0  O    TS     0 PTAMS 0x000000041a800000 NTAMS 0x000000041a800000 space 4096K, 100% used [0x000000041a400000, 0x000000041a800000)
AC   0  O    TS     0 PTAMS 0x000000041ac00000 NTAMS 0x000000041ac00000 space 4096K, 100% used [0x000000041a800000, 0x000000041ac00000)
AC   0  O    TS     0 PTAMS 0x000000041b000000 NTAMS 0x000000041b000000 space 4096K, 100% used [0x000000041ac00000, 0x000000041b000000)
AC   0  O    TS     0 PTAMS 0x000000041b400000 NTAMS 0x000000041b400000 space 4096K, 100% used [0x000000041b000000, 0x000000041b400000)
AC   0  O    TS     0 PTAMS 0x000000041b800000 NTAMS 0x000000041b800000 space 4096K, 100% used [0x000000041b400000, 0x000000041b800000)
AC   0  O    TS     0 PTAMS 0x000000041bc00000 NTAMS 0x000000041bc00000 space 4096K, 100% used [0x000000041b800000, 0x000000041bc00000)
AC   0  O    TS     0 PTAMS 0x000000041c000000 NTAMS 0x000000041c000000 space 4096K, 100% used [0x000000041bc00000, 0x000000041c000000)
AC   0  O    TS     0 PTAMS 0x000000041c400000 NTAMS 0x000000041c400000 space 4096K, 100% used [0x000000041c000000, 0x000000041c400000)
AC   0  O    TS     0 PTAMS 0x000000041c400000 NTAMS 0x000000041c400000 space 4096K, 100% used [0x000000041c400000, 0x000000041c800000)
AC   0  O    TS     0 PTAMS 0x000000041cc00000 NTAMS 0x000000041cc00000 space 4096K, 100% used [0x000000041c800000, 0x000000041cc00000)
AC   0 HS    TS     0 PTAMS 0x000000041cc00000 NTAMS 0x000000041cc00000 space 8192K,  50% used [0x000000041cc00000, 0x000000041d400000)
AC   0 HC    TS     0 PTAMS 0x000000041d000000 NTAMS 0x000000041d000000 space 4096K,   0% used [0x000000041d000000, 0x000000041d400000)
AC   0  O    TS     0 PTAMS 0x000000041d400000 NTAMS 0x000000041d400000 space 4096K, 100% used [0x000000041d400000, 0x000000041d800000)
AC   0  O    TS     0 PTAMS 0x000000041d800000 NTAMS 0x000000041d800000 space 4096K, 100% used [0x000000041d800000, 0x000000041dc00000)
AC   0  O    TS     0 PTAMS 0x000000041e000000 NTAMS 0x000000041e000000 space 4096K, 100% used [0x000000041dc00000, 0x000000041e000000)
AC   0  O    TS     0 PTAMS 0x000000041e400000 NTAMS 0x000000041e400000 space 4096K, 100% used [0x000000041e000000, 0x000000041e400000)
AC   0  O    TS     0 PTAMS 0x000000041e800000 NTAMS 0x000000041e800000 space 4096K, 100% used [0x000000041e400000, 0x000000041e800000)
AC   0  O    TS     0 PTAMS 0x000000041ec00000 NTAMS 0x000000041ec00000 space 4096K, 100% used [0x000000041e800000, 0x000000041ec00000)
AC   0  O    TS     0 PTAMS 0x000000041f000000 NTAMS 0x000000041f000000 space 4096K, 100% used [0x000000041ec00000, 0x000000041f000000)
AC   0  O    TS     0 PTAMS 0x000000041f400000 NTAMS 0x000000041f400000 space 4096K, 100% used [0x000000041f000000, 0x000000041f400000)
AC   0  O    TS     0 PTAMS 0x000000041f800000 NTAMS 0x000000041f800000 space 4096K, 100% used [0x000000041f400000, 0x000000041f800000)
AC   0  O    TS     0 PTAMS 0x000000041fc00000 NTAMS 0x000000041fc00000 space 4096K, 100% used [0x000000041f800000, 0x000000041fc00000)
AC   0  O    TS     0 PTAMS 0x0000000420000000 NTAMS 0x0000000420000000 space 4096K, 100% used [0x000000041fc00000, 0x0000000420000000)
AC   0  O    TS     0 PTAMS 0x0000000420400000 NTAMS 0x0000000420400000 space 4096K, 100% used [0x0000000420000000, 0x0000000420400000)
AC   0  O    TS     0 PTAMS 0x0000000420800000 NTAMS 0x0000000420800000 space 4096K, 100% used [0x0000000420400000, 0x0000000420800000)
AC   0  O    TS     0 PTAMS 0x0000000420c00000 NTAMS 0x0000000420c00000 space 4096K, 100% used [0x0000000420800000, 0x0000000420c00000)
AC   0  O    TS     1 PTAMS 0x0000000420c00000 NTAMS 0x0000000420c00000 space 4096K, 100% used [0x0000000420c00000, 0x0000000421000000)
AC   0 HS    TS     0 PTAMS 0x0000000421317568 NTAMS 0x0000000421317568 space 4096K,  77% used [0x0000000421000000, 0x0000000421400000)
AC   0  O    TS     1 PTAMS 0x0000000421400000 NTAMS 0x0000000421400000 space 4096K, 100% used [0x0000000421400000, 0x0000000421800000)
AC   0  O    TS     1 PTAMS 0x0000000421800000 NTAMS 0x0000000421800000 space 4096K, 100% used [0x0000000421800000, 0x0000000421c00000)
AC   0  O    TS     1 PTAMS 0x0000000421c00000 NTAMS 0x0000000421c00000 space 4096K, 100% used [0x0000000421c00000, 0x0000000422000000)
AC   0  O    TS     0 PTAMS 0x0000000422400000 NTAMS 0x0000000422400000 space 4096K, 100% used [0x0000000422000000, 0x0000000422400000)
AC   0  O    TS     0 PTAMS 0x0000000422800000 NTAMS 0x0000000422800000 space 4096K, 100% used [0x0000000422400000, 0x0000000422800000)
AC   0  O    TS     0 PTAMS 0x0000000422c00000 NTAMS 0x0000000422c00000 space 4096K, 100% used [0x0000000422800000, 0x0000000422c00000)
AC   0  O    TS     0 PTAMS 0x0000000423000000 NTAMS 0x0000000423000000 space 4096K, 100% used [0x0000000422c00000, 0x0000000423000000)
AC   0  O    TS     0 PTAMS 0x0000000423400000 NTAMS 0x0000000423400000 space 4096K, 100% used [0x0000000423000000, 0x0000000423400000)
AC   0  O    TS     0 PTAMS 0x0000000423800000 NTAMS 0x0000000423800000 space 4096K, 100% used [0x0000000423400000, 0x0000000423800000)
AC   0  O    TS     0 PTAMS 0x0000000423c00000 NTAMS 0x0000000423c00000 space 4096K, 100% used [0x0000000423800000, 0x0000000423c00000)
AC   0  O    TS     0 PTAMS 0x0000000424000000 NTAMS 0x0000000424000000 space 4096K, 100% used [0x0000000423c00000, 0x0000000424000000)
AC   0  O    TS     0 PTAMS 0x0000000424400000 NTAMS 0x0000000424400000 space 4096K, 100% used [0x0000000424000000, 0x0000000424400000)
AC   0  O    TS     0 PTAMS 0x0000000424800000 NTAMS 0x0000000424800000 space 4096K, 100% used [0x0000000424400000, 0x0000000424800000)
AC   0  O    TS     0 PTAMS 0x0000000424c00000 NTAMS 0x0000000424c00000 space 4096K, 100% used [0x0000000424800000, 0x0000000424c00000)
AC   0  O    TS     0 PTAMS 0x0000000425000000 NTAMS 0x0000000425000000 space 4096K, 100% used [0x0000000424c00000, 0x0000000425000000)
AC   0  O    TS     0 PTAMS 0x0000000425400000 NTAMS 0x0000000425400000 space 4096K, 100% used [0x0000000425000000, 0x0000000425400000)
AC   0  O    TS     0 PTAMS 0x0000000425800000 NTAMS 0x0000000425800000 space 4096K, 100% used [0x0000000425400000, 0x0000000425800000)
AC   0  O    TS     0 PTAMS 0x0000000425c00000 NTAMS 0x0000000425c00000 space 4096K, 100% used [0x0000000425800000, 0x0000000425c00000)
AC   0  O    TS     0 PTAMS 0x0000000425e00008 NTAMS 0x0000000425e00008 space 4096K, 100% used [0x0000000425c00000, 0x0000000426000000)
AC   0  O    TS     1 PTAMS 0x0000000426000000 NTAMS 0x0000000426000000 space 4096K, 100% used [0x0000000426000000, 0x0000000426400000)
AC   0  O    TS     1 PTAMS 0x0000000426400000 NTAMS 0x0000000426400000 space 4096K, 100% used [0x0000000426400000, 0x0000000426800000)
AC   0  O    TS     1 PTAMS 0x0000000426800000 NTAMS 0x0000000426800000 space 4096K, 100% used [0x0000000426800000, 0x0000000426c00000)
AC   0  O    TS     1 PTAMS 0x0000000426c00000 NTAMS 0x0000000426c00000 space 4096K, 100% used [0x0000000426c00000, 0x0000000427000000)
AC   0  O    TS     1 PTAMS 0x0000000427000000 NTAMS 0x0000000427000000 space 4096K, 100% used [0x0000000427000000, 0x0000000427400000)
AC   0  O    TS     0 PTAMS 0x0000000427400000 NTAMS 0x0000000427400000 space 4096K, 100% used [0x0000000427400000, 0x0000000427800000)
AC   0  O    TS     0 PTAMS 0x0000000427800000 NTAMS 0x0000000427800000 space 4096K, 100% used [0x0000000427800000, 0x0000000427c00000)
AC   0  O    TS     0 PTAMS 0x0000000427c00000 NTAMS 0x0000000427c00000 space 4096K, 100% used [0x0000000427c00000, 0x0000000428000000)
AC   0  O    TS     0 PTAMS 0x0000000428000000 NTAMS 0x0000000428000000 space 4096K, 100% used [0x0000000428000000, 0x0000000428400000)
AC   0  O    TS     0 PTAMS 0x0000000428400000 NTAMS 0x0000000428400000 space 4096K, 100% used [0x0000000428400000, 0x0000000428800000)
AC   0  O    TS     0 PTAMS 0x0000000428800000 NTAMS 0x0000000428800000 space 4096K, 100% used [0x0000000428800000, 0x0000000428c00000)
AC   0  O    TS     0 PTAMS 0x0000000428c00000 NTAMS 0x0000000428c00000 space 4096K, 100% used [0x0000000428c00000, 0x0000000429000000)
AC   0  O    TS     0 PTAMS 0x0000000429000000 NTAMS 0x0000000429000000 space 4096K, 100% used [0x0000000429000000, 0x0000000429400000)
AC   0  O    TS     0 PTAMS 0x0000000429400000 NTAMS 0x0000000429400000 space 4096K, 100% used [0x0000000429400000, 0x0000000429800000)
AC   0  O    TS     0 PTAMS 0x0000000429800000 NTAMS 0x0000000429800000 space 4096K, 100% used [0x0000000429800000, 0x0000000429c00000)
AC   0  O    TS     0 PTAMS 0x0000000429c00000 NTAMS 0x0000000429c00000 space 4096K, 100% used [0x0000000429c00000, 0x000000042a000000)
AC   0  O    TS     0 PTAMS 0x000000042a000000 NTAMS 0x000000042a000000 space 4096K, 100% used [0x000000042a000000, 0x000000042a400000)
AC   0  O    TS     0 PTAMS 0x000000042a400000 NTAMS 0x000000042a400000 space 4096K, 100% used [0x000000042a400000, 0x000000042a800000)
AC   0  O    TS     0 PTAMS 0x000000042a800000 NTAMS 0x000000042a800000 space 4096K, 100% used [0x000000042a800000, 0x000000042ac00000)
AC   0  O    TS     0 PTAMS 0x000000042ac00000 NTAMS 0x000000042ac00000 space 4096K, 100% used [0x000000042ac00000, 0x000000042b000000)
AC   0  O    TS     0 PTAMS 0x000000042b000000 NTAMS 0x000000042b000000 space 4096K, 100% used [0x000000042b000000, 0x000000042b400000)
AC   0  O    TS     0 PTAMS 0x000000042b400000 NTAMS 0x000000042b400000 space 4096K, 100% used [0x000000042b400000, 0x000000042b800000)
AC   0  O    TS     0 PTAMS 0x000000042b800000 NTAMS 0x000000042b800000 space 4096K, 100% used [0x000000042b800000, 0x000000042bc00000)
AC   0  O    TS     1 PTAMS 0x000000042bc00000 NTAMS 0x000000042bc00000 space 4096K, 100% used [0x000000042bc00000, 0x000000042c000000)
AC   0  O    TS     1 PTAMS 0x000000042c000000 NTAMS 0x000000042c000000 space 4096K, 100% used [0x000000042c000000, 0x000000042c400000)
AC   0  O    TS     1 PTAMS 0x000000042c400000 NTAMS 0x000000042c400000 space 4096K, 100% used [0x000000042c400000, 0x000000042c800000)
AC   0  O    TS     1 PTAMS 0x000000042c800000 NTAMS 0x000000042c800000 space 4096K, 100% used [0x000000042c800000, 0x000000042cc00000)
AC   0  O    TS     1 PTAMS 0x000000042cc00000 NTAMS 0x000000042cc00000 space 4096K, 100% used [0x000000042cc00000, 0x000000042d000000)
AC   0  O    TS     1 PTAMS 0x000000042d000000 NTAMS 0x000000042d000000 space 4096K, 100% used [0x000000042d000000, 0x000000042d400000)
AC   0  O    TS     1 PTAMS 0x000000042d400000 NTAMS 0x000000042d400000 space 4096K, 100% used [0x000000042d400000, 0x000000042d800000)
AC   0  O    TS     1 PTAMS 0x000000042d800000 NTAMS 0x000000042d800000 space 4096K, 100% used [0x000000042d800000, 0x000000042dc00000)
AC   0  O    TS     3 PTAMS 0x000000042dc00000 NTAMS 0x000000042dc00000 space 4096K, 100% used [0x000000042dc00000, 0x000000042e000000)
AC   0  O    TS     3 PTAMS 0x000000042e000000 NTAMS 0x000000042e000000 space 4096K, 100% used [0x000000042e000000, 0x000000042e400000)
AC   0  O    TS     3 PTAMS 0x000000042e400000 NTAMS 0x000000042e400000 space 4096K, 100% used [0x000000042e400000, 0x000000042e800000)
AC   0  O    TS     3 PTAMS 0x000000042e800000 NTAMS 0x000000042e800000 space 4096K, 100% used [0x000000042e800000, 0x000000042ec00000)
AC   0  O    TS     5 PTAMS 0x000000042ec00000 NTAMS 0x000000042ec00000 space 4096K, 100% used [0x000000042ec00000, 0x000000042f000000)
AC   0  O    TS     5 PTAMS 0x000000042f000000 NTAMS 0x000000042f000000 space 4096K, 100% used [0x000000042f000000, 0x000000042f400000)
AC   0  O    TS     5 PTAMS 0x000000042f400000 NTAMS 0x000000042f400000 space 4096K, 100% used [0x000000042f400000, 0x000000042f800000)
AC   0  O    TS     5 PTAMS 0x000000042f800000 NTAMS 0x000000042f800000 space 4096K, 100% used [0x000000042f800000, 0x000000042fc00000)
AC   0  O    TS     5 PTAMS 0x000000042fc00000 NTAMS 0x000000042fc00000 space 4096K, 100% used [0x000000042fc00000, 0x0000000430000000)
AC   0  O    TS     5 PTAMS 0x0000000430000000 NTAMS 0x0000000430000000 space 4096K, 100% used [0x0000000430000000, 0x0000000430400000)
AC   0  O    TS     5 PTAMS 0x0000000430400000 NTAMS 0x0000000430400000 space 4096K, 100% used [0x0000000430400000, 0x0000000430800000)
AC   0  O    TS     5 PTAMS 0x0000000430800000 NTAMS 0x0000000430800000 space 4096K, 100% used [0x0000000430800000, 0x0000000430c00000)
AC   0  O    TS     5 PTAMS 0x0000000430c00000 NTAMS 0x0000000430c00000 space 4096K, 100% used [0x0000000430c00000, 0x0000000431000000)
AC   0  O    TS     5 PTAMS 0x0000000431000000 NTAMS 0x0000000431000000 space 4096K, 100% used [0x0000000431000000, 0x0000000431400000)
AC   0  O    TS     5 PTAMS 0x0000000431400000 NTAMS 0x0000000431400000 space 4096K, 100% used [0x0000000431400000, 0x0000000431800000)
AC   0  O    TS     5 PTAMS 0x0000000431800000 NTAMS 0x0000000431800000 space 4096K, 100% used [0x0000000431800000, 0x0000000431c00000)
AC   0  O    TS     5 PTAMS 0x0000000431c00000 NTAMS 0x0000000431c00000 space 4096K, 100% used [0x0000000431c00000, 0x0000000432000000)
AC   0  O    TS     5 PTAMS 0x0000000432000000 NTAMS 0x0000000432000000 space 4096K, 100% used [0x0000000432000000, 0x0000000432400000)
AC   0  O    TS     5 PTAMS 0x0000000432400000 NTAMS 0x0000000432400000 space 4096K, 100% used [0x0000000432400000, 0x0000000432800000)
AC   0  O    TS     5 PTAMS 0x0000000432800000 NTAMS 0x0000000432800000 space 4096K, 100% used [0x0000000432800000, 0x0000000432c00000)
AC   0  O    TS     5 PTAMS 0x0000000432c00000 NTAMS 0x0000000432c00000 space 4096K, 100% used [0x0000000432c00000, 0x0000000433000000)
AC   0  O    TS     5 PTAMS 0x0000000433000000 NTAMS 0x0000000433000000 space 4096K, 100% used [0x0000000433000000, 0x0000000433400000)
AC   0  O    TS     5 PTAMS 0x0000000433400000 NTAMS 0x0000000433400000 space 4096K, 100% used [0x0000000433400000, 0x0000000433800000)
AC   0  O    TS     5 PTAMS 0x0000000433800000 NTAMS 0x0000000433800000 space 4096K, 100% used [0x0000000433800000, 0x0000000433c00000)
AC   0  O    TS     5 PTAMS 0x0000000433c00000 NTAMS 0x0000000433c00000 space 4096K, 100% used [0x0000000433c00000, 0x0000000434000000)
AC   0  O    TS     5 PTAMS 0x0000000434000000 NTAMS 0x0000000434000000 space 4096K, 100% used [0x0000000434000000, 0x0000000434400000)
AC   0  O    TS     9 PTAMS 0x0000000434400000 NTAMS 0x0000000434400000 space 4096K, 100% used [0x0000000434400000, 0x0000000434800000)
AC   0  O    TS    11 PTAMS 0x0000000434800000 NTAMS 0x0000000434800000 space 4096K, 100% used [0x0000000434800000, 0x0000000434c00000)
AC   0  O    TS    11 PTAMS 0x0000000434c00000 NTAMS 0x0000000434c00000 space 4096K, 100% used [0x0000000434c00000, 0x0000000435000000)
AC   0  O    TS    11 PTAMS 0x0000000435000000 NTAMS 0x0000000435000000 space 4096K, 100% used [0x0000000435000000, 0x0000000435400000)
AC   0  O    TS    11 PTAMS 0x0000000435400000 NTAMS 0x0000000435400000 space 4096K, 100% used [0x0000000435400000, 0x0000000435800000)
AC   0  O    TS    11 PTAMS 0x0000000435800000 NTAMS 0x0000000435800000 space 4096K, 100% used [0x0000000435800000, 0x0000000435c00000)
AC   0  O    TS    11 PTAMS 0x0000000435c00000 NTAMS 0x0000000435c00000 space 4096K, 100% used [0x0000000435c00000, 0x0000000436000000)
AC   0  O    TS    11 PTAMS 0x0000000436000000 NTAMS 0x0000000436000000 space 4096K, 100% used [0x0000000436000000, 0x0000000436400000)
AC   0  O    TS    11 PTAMS 0x0000000436400000 NTAMS 0x0000000436400000 space 4096K, 100% used [0x0000000436400000, 0x0000000436800000)
AC   0  O    TS    11 PTAMS 0x0000000436800000 NTAMS 0x0000000436800000 space 4096K, 100% used [0x0000000436800000, 0x0000000436c00000)
AC   0  O    TS    11 PTAMS 0x0000000436c00000 NTAMS 0x0000000436c00000 space 4096K, 100% used [0x0000000436c00000, 0x0000000437000000)
AC   0  O    TS    11 PTAMS 0x0000000437000000 NTAMS 0x0000000437000000 space 4096K, 100% used [0x0000000437000000, 0x0000000437400000)
AC   0  O    TS    11 PTAMS 0x0000000437400000 NTAMS 0x0000000437400000 space 4096K, 100% used [0x0000000437400000, 0x0000000437800000)
AC   0  O    TS    11 PTAMS 0x0000000437800000 NTAMS 0x0000000437800000 space 4096K, 100% used [0x0000000437800000, 0x0000000437c00000)
AC   0  O    TS    11 PTAMS 0x0000000437c00000 NTAMS 0x0000000437c00000 space 4096K, 100% used [0x0000000437c00000, 0x0000000438000000)
AC   0  O    TS    11 PTAMS 0x0000000438000000 NTAMS 0x0000000438000000 space 4096K, 100% used [0x0000000438000000, 0x0000000438400000)
AC   0  O    TS    11 PTAMS 0x0000000438400000 NTAMS 0x0000000438400000 space 4096K, 100% used [0x0000000438400000, 0x0000000438800000)
AC   0  O    TS    11 PTAMS 0x0000000438800000 NTAMS 0x0000000438800000 space 4096K, 100% used [0x0000000438800000, 0x0000000438c00000)
AC   0  O    TS    11 PTAMS 0x0000000438c00000 NTAMS 0x0000000438c00000 space 4096K, 100% used [0x0000000438c00000, 0x0000000439000000)
AC   0  O    TS    11 PTAMS 0x0000000439000000 NTAMS 0x0000000439000000 space 4096K, 100% used [0x0000000439000000, 0x0000000439400000)
AC   0  O    TS    11 PTAMS 0x0000000439400000 NTAMS 0x0000000439400000 space 4096K, 100% used [0x0000000439400000, 0x0000000439800000)
AC   0  O    TS    11 PTAMS 0x0000000439800000 NTAMS 0x0000000439800000 space 4096K, 100% used [0x0000000439800000, 0x0000000439c00000)
AC   0  O    TS    11 PTAMS 0x0000000439c00000 NTAMS 0x0000000439c00000 space 4096K, 100% used [0x0000000439c00000, 0x000000043a000000)
AC   0  O    TS    11 PTAMS 0x000000043a000000 NTAMS 0x000000043a000000 space 4096K, 100% used [0x000000043a000000, 0x000000043a400000)
AC   0  O    TS    11 PTAMS 0x000000043a400000 NTAMS 0x000000043a400000 space 4096K, 100% used [0x000000043a400000, 0x000000043a800000)
AC   0  O    TS    11 PTAMS 0x000000043a800000 NTAMS 0x000000043a800000 space 4096K, 100% used [0x000000043a800000, 0x000000043ac00000)
AC   0  O    TS    11 PTAMS 0x000000043ac00000 NTAMS 0x000000043ac00000 space 4096K, 100% used [0x000000043ac00000, 0x000000043b000000)
AC   0  O    TS    11 PTAMS 0x000000043b000000 NTAMS 0x000000043b000000 space 4096K, 100% used [0x000000043b000000, 0x000000043b400000)
AC   0  O    TS    11 PTAMS 0x000000043b400000 NTAMS 0x000000043b400000 space 4096K, 100% used [0x000000043b400000, 0x000000043b800000)
AC   0  O    TS    11 PTAMS 0x000000043b800000 NTAMS 0x000000043b800000 space 4096K, 100% used [0x000000043b800000, 0x000000043bc00000)
AC   0  O    TS    11 PTAMS 0x000000043bc00000 NTAMS 0x000000043bc00000 space 4096K, 100% used [0x000000043bc00000, 0x000000043c000000)
AC   0  O    TS    11 PTAMS 0x000000043c000000 NTAMS 0x000000043c000000 space 4096K, 100% used [0x000000043c000000, 0x000000043c400000)
AC   0  O    TS    11 PTAMS 0x000000043c400000 NTAMS 0x000000043c400000 space 4096K, 100% used [0x000000043c400000, 0x000000043c800000)
AC   0  O    TS    11 PTAMS 0x000000043c800000 NTAMS 0x000000043c800000 space 4096K, 100% used [0x000000043c800000, 0x000000043cc00000)
AC   0  O    TS    11 PTAMS 0x000000043cc00000 NTAMS 0x000000043cc00000 space 4096K, 100% used [0x000000043cc00000, 0x000000043d000000)
AC   0  O    TS    11 PTAMS 0x000000043d000000 NTAMS 0x000000043d000000 space 4096K, 100% used [0x000000043d000000, 0x000000043d400000)
AC   0  O    TS    11 PTAMS 0x000000043d400000 NTAMS 0x000000043d400000 space 4096K, 100% used [0x000000043d400000, 0x000000043d800000)
AC   0  O    TS    11 PTAMS 0x000000043d800000 NTAMS 0x000000043d800000 space 4096K, 100% used [0x000000043d800000, 0x000000043dc00000)
AC   0  O    TS    11 PTAMS 0x000000043dc00000 NTAMS 0x000000043dc00000 space 4096K, 100% used [0x000000043dc00000, 0x000000043e000000)
AC   0  O    TS    11 PTAMS 0x000000043e000000 NTAMS 0x000000043e000000 space 4096K, 100% used [0x000000043e000000, 0x000000043e400000)
AC   0  O    TS    11 PTAMS 0x000000043e400000 NTAMS 0x000000043e400000 space 4096K, 100% used [0x000000043e400000, 0x000000043e800000)
AC   0  O    TS    11 PTAMS 0x000000043e800000 NTAMS 0x000000043e800000 space 4096K, 100% used [0x000000043e800000, 0x000000043ec00000)
AC   0  O    TS    11 PTAMS 0x000000043ec00000 NTAMS 0x000000043ec00000 space 4096K, 100% used [0x000000043ec00000, 0x000000043f000000)
AC   0  O    TS    11 PTAMS 0x000000043f000000 NTAMS 0x000000043f000000 space 4096K, 100% used [0x000000043f000000, 0x000000043f400000)
AC   0  O    TS    11 PTAMS 0x000000043f400000 NTAMS 0x000000043f400000 space 4096K, 100% used [0x000000043f400000, 0x000000043f800000)
AC   0  O    TS    11 PTAMS 0x000000043f800000 NTAMS 0x000000043f800000 space 4096K, 100% used [0x000000043f800000, 0x000000043fc00000)
AC   0  O    TS    11 PTAMS 0x000000043fc00000 NTAMS 0x000000043fc00000 space 4096K, 100% used [0x000000043fc00000, 0x0000000440000000)
AC   0  O    TS    11 PTAMS 0x0000000440000000 NTAMS 0x0000000440000000 space 4096K, 100% used [0x0000000440000000, 0x0000000440400000)
AC   0  O    TS    11 PTAMS 0x0000000440400000 NTAMS 0x0000000440400000 space 4096K, 100% used [0x0000000440400000, 0x0000000440800000)
AC   0  O    TS    11 PTAMS 0x0000000440800000 NTAMS 0x0000000440800000 space 4096K, 100% used [0x0000000440800000, 0x0000000440c00000)
AC   0  O    TS    11 PTAMS 0x0000000440c00000 NTAMS 0x0000000440c00000 space 4096K, 100% used [0x0000000440c00000, 0x0000000441000000)
AC   0  O    TS    11 PTAMS 0x0000000441000000 NTAMS 0x0000000441000000 space 4096K, 100% used [0x0000000441000000, 0x0000000441400000)
AC   0  O    TS    11 PTAMS 0x0000000441400000 NTAMS 0x0000000441400000 space 4096K, 100% used [0x0000000441400000, 0x0000000441800000)
AC   0  O    TS    11 PTAMS 0x0000000441800000 NTAMS 0x0000000441800000 space 4096K, 100% used [0x0000000441800000, 0x0000000441c00000)
AC   0  O    TS    11 PTAMS 0x0000000441c00000 NTAMS 0x0000000441c00000 space 4096K, 100% used [0x0000000441c00000, 0x0000000442000000)
AC   0  O    TS    11 PTAMS 0x0000000442000000 NTAMS 0x0000000442000000 space 4096K, 100% used [0x0000000442000000, 0x0000000442400000)
AC   0  O    TS    11 PTAMS 0x0000000442400000 NTAMS 0x0000000442400000 space 4096K, 100% used [0x0000000442400000, 0x0000000442800000)
AC   0  O    TS    11 PTAMS 0x0000000442800000 NTAMS 0x0000000442800000 space 4096K, 100% used [0x0000000442800000, 0x0000000442c00000)
AC   0  O    TS    11 PTAMS 0x0000000442c00000 NTAMS 0x0000000442c00000 space 4096K, 100% used [0x0000000442c00000, 0x0000000443000000)
AC   0  O    TS    11 PTAMS 0x0000000443000000 NTAMS 0x0000000443000000 space 4096K, 100% used [0x0000000443000000, 0x0000000443400000)
AC   0  O    TS    11 PTAMS 0x0000000443400000 NTAMS 0x0000000443400000 space 4096K, 100% used [0x0000000443400000, 0x0000000443800000)
AC   0  O    TS    11 PTAMS 0x0000000443800000 NTAMS 0x0000000443800000 space 4096K, 100% used [0x0000000443800000, 0x0000000443c00000)
AC   0  O    TS    11 PTAMS 0x0000000443c00000 NTAMS 0x0000000443c00000 space 4096K, 100% used [0x0000000443c00000, 0x0000000444000000)
AC   0  O    TS    11 PTAMS 0x0000000444000000 NTAMS 0x0000000444000000 space 4096K, 100% used [0x0000000444000000, 0x0000000444400000)
AC   0  O    TS    11 PTAMS 0x0000000444400000 NTAMS 0x0000000444400000 space 4096K, 100% used [0x0000000444400000, 0x0000000444800000)
AC   0  O    TS    11 PTAMS 0x0000000444800000 NTAMS 0x0000000444800000 space 4096K, 100% used [0x0000000444800000, 0x0000000444c00000)
AC   0  O    TS    11 PTAMS 0x0000000444c00000 NTAMS 0x0000000444c00000 space 4096K, 100% used [0x0000000444c00000, 0x0000000445000000)
AC   0  O    TS    11 PTAMS 0x0000000445000000 NTAMS 0x0000000445000000 space 4096K, 100% used [0x0000000445000000, 0x0000000445400000)
AC   0  O    TS    11 PTAMS 0x0000000445400000 NTAMS 0x0000000445400000 space 4096K, 100% used [0x0000000445400000, 0x0000000445800000)
AC   0  O    TS    11 PTAMS 0x0000000445800000 NTAMS 0x0000000445800000 space 4096K, 100% used [0x0000000445800000, 0x0000000445c00000)
AC   0  O    TS    11 PTAMS 0x0000000445c00000 NTAMS 0x0000000445c00000 space 4096K, 100% used [0x0000000445c00000, 0x0000000446000000)
AC   0  O    TS    11 PTAMS 0x0000000446000000 NTAMS 0x0000000446000000 space 4096K, 100% used [0x0000000446000000, 0x0000000446400000)
AC   0  O    TS    11 PTAMS 0x0000000446400000 NTAMS 0x0000000446400000 space 4096K, 100% used [0x0000000446400000, 0x0000000446800000)
AC   0  O    TS    11 PTAMS 0x0000000446800000 NTAMS 0x0000000446800000 space 4096K, 100% used [0x0000000446800000, 0x0000000446c00000)
AC   0  O    TS    11 PTAMS 0x0000000446c00000 NTAMS 0x0000000446c00000 space 4096K, 100% used [0x0000000446c00000, 0x0000000447000000)
AC   0  O    TS    11 PTAMS 0x0000000447000000 NTAMS 0x0000000447000000 space 4096K, 100% used [0x0000000447000000, 0x0000000447400000)
AC   0  O    TS    11 PTAMS 0x0000000447400000 NTAMS 0x0000000447400000 space 4096K, 100% used [0x0000000447400000, 0x0000000447800000)
AC   0  O    TS    11 PTAMS 0x0000000447800000 NTAMS 0x0000000447800000 space 4096K, 100% used [0x0000000447800000, 0x0000000447c00000)
AC   0  O    TS    11 PTAMS 0x0000000447c00000 NTAMS 0x0000000447c00000 space 4096K, 100% used [0x0000000447c00000, 0x0000000448000000)
AC   0  O    TS    11 PTAMS 0x0000000448000000 NTAMS 0x0000000448000000 space 4096K, 100% used [0x0000000448000000, 0x0000000448400000)
AC   0  O    TS    11 PTAMS 0x0000000448400000 NTAMS 0x0000000448400000 space 4096K, 100% used [0x0000000448400000, 0x0000000448800000)
AC   0  O    TS    11 PTAMS 0x0000000448800000 NTAMS 0x0000000448800000 space 4096K, 100% used [0x0000000448800000, 0x0000000448c00000)
AC   0  O    TS    11 PTAMS 0x0000000448c00000 NTAMS 0x0000000448c00000 space 4096K, 100% used [0x0000000448c00000, 0x0000000449000000)
AC   0  O    TS    13 PTAMS 0x0000000449000000 NTAMS 0x0000000449000000 space 4096K, 100% used [0x0000000449000000, 0x0000000449400000)
AC   0  O    TS    13 PTAMS 0x0000000449400000 NTAMS 0x0000000449400000 space 4096K, 100% used [0x0000000449400000, 0x0000000449800000)
AC   0  O    TS    13 PTAMS 0x0000000449800000 NTAMS 0x0000000449800000 space 4096K, 100% used [0x0000000449800000, 0x0000000449c00000)
AC   0  O    TS    13 PTAMS 0x0000000449c00000 NTAMS 0x0000000449c00000 space 4096K, 100% used [0x0000000449c00000, 0x000000044a000000)
AC   0  O    TS    13 PTAMS 0x000000044a000000 NTAMS 0x000000044a000000 space 4096K, 100% used [0x000000044a000000, 0x000000044a400000)
AC   0  O    TS    13 PTAMS 0x000000044a400000 NTAMS 0x000000044a400000 space 4096K, 100% used [0x000000044a400000, 0x000000044a800000)
AC   0  O    TS    13 PTAMS 0x000000044a800000 NTAMS 0x000000044a800000 space 4096K, 100% used [0x000000044a800000, 0x000000044ac00000)
AC   0  O    TS    13 PTAMS 0x000000044ac00000 NTAMS 0x000000044ac00000 space 4096K, 100% used [0x000000044ac00000, 0x000000044b000000)
AC   0  O    TS    13 PTAMS 0x000000044b000000 NTAMS 0x000000044b000000 space 4096K, 100% used [0x000000044b000000, 0x000000044b400000)
AC   0  O    TS    13 PTAMS 0x000000044b400000 NTAMS 0x000000044b400000 space 4096K, 100% used [0x000000044b400000, 0x000000044b800000)
AC   0  O    TS    13 PTAMS 0x000000044b800000 NTAMS 0x000000044b800000 space 4096K, 100% used [0x000000044b800000, 0x000000044bc00000)
AC   0  O    TS    13 PTAMS 0x000000044bc00000 NTAMS 0x000000044bc00000 space 4096K, 100% used [0x000000044bc00000, 0x000000044c000000)
AC   0  O    TS    13 PTAMS 0x000000044c000000 NTAMS 0x000000044c000000 space 4096K, 100% used [0x000000044c000000, 0x000000044c400000)
AC   0  O    TS    13 PTAMS 0x000000044c400000 NTAMS 0x000000044c400000 space 4096K, 100% used [0x000000044c400000, 0x000000044c800000)
AC   0  O    TS    13 PTAMS 0x000000044c800000 NTAMS 0x000000044c800000 space 4096K, 100% used [0x000000044c800000, 0x000000044cc00000)
AC   0  O    TS    13 PTAMS 0x000000044cc00000 NTAMS 0x000000044cc00000 space 4096K, 100% used [0x000000044cc00000, 0x000000044d000000)
AC   0  O    TS    13 PTAMS 0x000000044d000000 NTAMS 0x000000044d000000 space 4096K, 100% used [0x000000044d000000, 0x000000044d400000)
AC   0  O    TS    13 PTAMS 0x000000044d400000 NTAMS 0x000000044d400000 space 4096K, 100% used [0x000000044d400000, 0x000000044d800000)
AC   0  O    TS    13 PTAMS 0x000000044d800000 NTAMS 0x000000044d800000 space 4096K, 100% used [0x000000044d800000, 0x000000044dc00000)
AC   0  O    TS    13 PTAMS 0x000000044dc00000 NTAMS 0x000000044dc00000 space 4096K, 100% used [0x000000044dc00000, 0x000000044e000000)
AC   0  O    TS    13 PTAMS 0x000000044e000000 NTAMS 0x000000044e000000 space 4096K, 100% used [0x000000044e000000, 0x000000044e400000)
AC   0  O    TS    13 PTAMS 0x000000044e400000 NTAMS 0x000000044e400000 space 4096K, 100% used [0x000000044e400000, 0x000000044e800000)
AC   0  O    TS    17 PTAMS 0x000000044e800000 NTAMS 0x000000044e800000 space 4096K, 100% used [0x000000044e800000, 0x000000044ec00000)
AC   0  O    TS    17 PTAMS 0x000000044ec00000 NTAMS 0x000000044ec00000 space 4096K, 100% used [0x000000044ec00000, 0x000000044f000000)
AC   0  O    TS    17 PTAMS 0x000000044f000000 NTAMS 0x000000044f000000 space 4096K, 100% used [0x000000044f000000, 0x000000044f400000)
AC   0  O    TS    17 PTAMS 0x000000044f400000 NTAMS 0x000000044f400000 space 4096K, 100% used [0x000000044f400000, 0x000000044f800000)
AC   0  O    TS    17 PTAMS 0x000000044f800000 NTAMS 0x000000044f800000 space 4096K, 100% used [0x000000044f800000, 0x000000044fc00000)
AC   0  O    TS    17 PTAMS 0x000000044fc00000 NTAMS 0x000000044fc00000 space 4096K, 100% used [0x000000044fc00000, 0x0000000450000000)
AC   0  O    TS    17 PTAMS 0x0000000450000000 NTAMS 0x0000000450000000 space 4096K, 100% used [0x0000000450000000, 0x0000000450400000)
AC   0  O    TS    17 PTAMS 0x0000000450400000 NTAMS 0x0000000450400000 space 4096K, 100% used [0x0000000450400000, 0x0000000450800000)
AC   0  O    TS    17 PTAMS 0x0000000450800000 NTAMS 0x0000000450800000 space 4096K, 100% used [0x0000000450800000, 0x0000000450c00000)
AC   0  O    TS    17 PTAMS 0x0000000450c00000 NTAMS 0x0000000450c00000 space 4096K, 100% used [0x0000000450c00000, 0x0000000451000000)
AC   0  O    TS    17 PTAMS 0x0000000451000000 NTAMS 0x0000000451000000 space 4096K, 100% used [0x0000000451000000, 0x0000000451400000)
AC   0  O    TS    17 PTAMS 0x0000000451400000 NTAMS 0x0000000451400000 space 4096K, 100% used [0x0000000451400000, 0x0000000451800000)
AC   0  O    TS    17 PTAMS 0x0000000451800000 NTAMS 0x0000000451800000 space 4096K, 100% used [0x0000000451800000, 0x0000000451c00000)
AC   0  O    TS    17 PTAMS 0x0000000451c00000 NTAMS 0x0000000451c00000 space 4096K, 100% used [0x0000000451c00000, 0x0000000452000000)
AC   0  O    TS    17 PTAMS 0x0000000452000000 NTAMS 0x0000000452000000 space 4096K, 100% used [0x0000000452000000, 0x0000000452400000)
AC   0  O    TS    25 PTAMS 0x0000000452400000 NTAMS 0x0000000452400000 space 4096K, 100% used [0x0000000452400000, 0x0000000452800000)
AC   0  O    TS    47 PTAMS 0x0000000452800000 NTAMS 0x0000000452800000 space 4096K, 100% used [0x0000000452800000, 0x0000000452c00000)
AC   0  O    TS    47 PTAMS 0x0000000452c00000 NTAMS 0x0000000452c00000 space 4096K, 100% used [0x0000000452c00000, 0x0000000453000000)
AC   0  O    TS    47 PTAMS 0x0000000453000000 NTAMS 0x0000000453000000 space 4096K, 100% used [0x0000000453000000, 0x0000000453400000)
AC   0  O    TS    47 PTAMS 0x0000000453400000 NTAMS 0x0000000453400000 space 4096K, 100% used [0x0000000453400000, 0x0000000453800000)
AC   0  O    TS    47 PTAMS 0x0000000453800000 NTAMS 0x0000000453800000 space 4096K, 100% used [0x0000000453800000, 0x0000000453c00000)
AC   0  O    TS    49 PTAMS 0x0000000453c00000 NTAMS 0x0000000453c00000 space 4096K, 100% used [0x0000000453c00000, 0x0000000454000000)
AC   0  O    TS    49 PTAMS 0x0000000454000000 NTAMS 0x0000000454000000 space 4096K, 100% used [0x0000000454000000, 0x0000000454400000)
AC   0  O    TS    49 PTAMS 0x0000000454400000 NTAMS 0x0000000454400000 space 4096K, 100% used [0x0000000454400000, 0x0000000454800000)
AC   0  O    TS    51 PTAMS 0x0000000454800000 NTAMS 0x0000000454800000 space 4096K, 100% used [0x0000000454800000, 0x0000000454c00000)
AC   0  O    TS    51 PTAMS 0x0000000454c00000 NTAMS 0x0000000454c00000 space 4096K, 100% used [0x0000000454c00000, 0x0000000455000000)
AC   0  O    TS    51 PTAMS 0x0000000455000000 NTAMS 0x0000000455000000 space 4096K, 100% used [0x0000000455000000, 0x0000000455400000)
AC   0  O    TS    53 PTAMS 0x0000000455400000 NTAMS 0x0000000455400000 space 4096K, 100% used [0x0000000455400000, 0x0000000455800000)
AC   0  O    TS    55 PTAMS 0x0000000455800000 NTAMS 0x0000000455800000 space 4096K, 100% used [0x0000000455800000, 0x0000000455c00000)
AC   0  O    TS    59 PTAMS 0x0000000455c00000 NTAMS 0x0000000455c00000 space 4096K, 100% used [0x0000000455c00000, 0x0000000456000000)
AC   0  O    TS    59 PTAMS 0x0000000456000000 NTAMS 0x0000000456000000 space 4096K, 100% used [0x0000000456000000, 0x0000000456400000)
AC   0  O    TS    61 PTAMS 0x0000000456400000 NTAMS 0x0000000456400000 space 4096K, 100% used [0x0000000456400000, 0x0000000456800000)
AC   0  O    TS    63 PTAMS 0x0000000456800000 NTAMS 0x0000000456800000 space 4096K, 100% used [0x0000000456800000, 0x0000000456c00000)
AC   0  O    TS    63 PTAMS 0x0000000456c00000 NTAMS 0x0000000456c00000 space 4096K, 100% used [0x0000000456c00000, 0x0000000457000000)
AC   0  O    TS    65 PTAMS 0x0000000457000000 NTAMS 0x0000000457000000 space 4096K, 100% used [0x0000000457000000, 0x0000000457400000)
AC   0  O    TS    67 PTAMS 0x0000000457400000 NTAMS 0x0000000457400000 space 4096K, 100% used [0x0000000457400000, 0x0000000457800000)
AC   0  O    TS    75 PTAMS 0x0000000457800000 NTAMS 0x0000000457800000 space 4096K, 100% used [0x0000000457800000, 0x0000000457c00000)
AC   0  O    TS    75 PTAMS 0x0000000457c00000 NTAMS 0x0000000457c00000 space 4096K, 100% used [0x0000000457c00000, 0x0000000458000000)
AC   0  O    TS    77 PTAMS 0x0000000458000000 NTAMS 0x0000000458000000 space 4096K, 100% used [0x0000000458000000, 0x0000000458400000)
AC   0  O    TS    77 PTAMS 0x0000000458400000 NTAMS 0x0000000458400000 space 4096K, 100% used [0x0000000458400000, 0x0000000458800000)
AC   0  O    TS    77 PTAMS 0x0000000458800000 NTAMS 0x0000000458800000 space 4096K, 100% used [0x0000000458800000, 0x0000000458c00000)
AC   0  O    TS    77 PTAMS 0x0000000458c00000 NTAMS 0x0000000458c00000 space 4096K,  53% used [0x0000000458c00000, 0x0000000459000000)
AC   0  F    TS     0 PTAMS 0x0000000459000000 NTAMS 0x0000000459000000 space 4096K,   0% used [0x0000000459000000, 0x0000000459400000)
AC   0  F    TS     0 PTAMS 0x0000000459400000 NTAMS 0x0000000459400000 space 4096K,   0% used [0x0000000459400000, 0x0000000459800000)
AC   0  F    TS     0 PTAMS 0x0000000459800000 NTAMS 0x0000000459800000 space 4096K,   0% used [0x0000000459800000, 0x0000000459c00000)
AC   0  F    TS     0 PTAMS 0x0000000459c00000 NTAMS 0x0000000459c00000 space 4096K,   0% used [0x0000000459c00000, 0x000000045a000000)
AC   0  F    TS     0 PTAMS 0x000000045a000000 NTAMS 0x000000045a000000 space 4096K,   0% used [0x000000045a000000, 0x000000045a400000)
AC   0  F    TS     0 PTAMS 0x000000045a400000 NTAMS 0x000000045a400000 space 4096K,   0% used [0x000000045a400000, 0x000000045a800000)
AC   0  F    TS     0 PTAMS 0x000000045a800000 NTAMS 0x000000045a800000 space 4096K,   0% used [0x000000045a800000, 0x000000045ac00000)
AC   0  F    TS     0 PTAMS 0x000000045ac00000 NTAMS 0x000000045ac00000 space 4096K,   0% used [0x000000045ac00000, 0x000000045b000000)
AC   0  F    TS     0 PTAMS 0x000000045b000000 NTAMS 0x000000045b000000 space 4096K,   0% used [0x000000045b000000, 0x000000045b400000)
AC   0  F    TS     0 PTAMS 0x000000045b400000 NTAMS 0x000000045b400000 space 4096K,   0% used [0x000000045b400000, 0x000000045b800000)
AC   0  F    TS     0 PTAMS 0x000000045b800000 NTAMS 0x000000045b800000 space 4096K,   0% used [0x000000045b800000, 0x000000045bc00000)
AC   0  F    TS     0 PTAMS 0x000000045bc00000 NTAMS 0x000000045bc00000 space 4096K,   0% used [0x000000045bc00000, 0x000000045c000000)
AC   0  F    TS     0 PTAMS 0x000000045c000000 NTAMS 0x000000045c000000 space 4096K,   0% used [0x000000045c000000, 0x000000045c400000)
AC   0  F    TS     0 PTAMS 0x000000045c400000 NTAMS 0x000000045c400000 space 4096K,   0% used [0x000000045c400000, 0x000000045c800000)
AC   0  F    TS     0 PTAMS 0x000000045c800000 NTAMS 0x000000045c800000 space 4096K,   0% used [0x000000045c800000, 0x000000045cc00000)
AC   0  F    TS     0 PTAMS 0x000000045cc00000 NTAMS 0x000000045cc00000 space 4096K,   0% used [0x000000045cc00000, 0x000000045d000000)
AC   0  F    TS     0 PTAMS 0x000000045d000000 NTAMS 0x000000045d000000 space 4096K,   0% used [0x000000045d000000, 0x000000045d400000)
AC   0  F    TS     0 PTAMS 0x000000045d400000 NTAMS 0x000000045d400000 space 4096K,   0% used [0x000000045d400000, 0x000000045d800000)
AC   0  F    TS     0 PTAMS 0x000000045d800000 NTAMS 0x000000045d800000 space 4096K,   0% used [0x000000045d800000, 0x000000045dc00000)
AC   0  F    TS     0 PTAMS 0x000000045dc00000 NTAMS 0x000000045dc00000 space 4096K,   0% used [0x000000045dc00000, 0x000000045e000000)
AC   0  F    TS     0 PTAMS 0x000000045e000000 NTAMS 0x000000045e000000 space 4096K,   0% used [0x000000045e000000, 0x000000045e400000)
AC   0  F    TS     0 PTAMS 0x000000045e400000 NTAMS 0x000000045e400000 space 4096K,   0% used [0x000000045e400000, 0x000000045e800000)
AC   0  F    TS     0 PTAMS 0x000000045e800000 NTAMS 0x000000045e800000 space 4096K,   0% used [0x000000045e800000, 0x000000045ec00000)
AC   0  F    TS     0 PTAMS 0x000000045ec00000 NTAMS 0x000000045ec00000 space 4096K,   0% used [0x000000045ec00000, 0x000000045f000000)
AC   0  F    TS     0 PTAMS 0x000000045f000000 NTAMS 0x000000045f000000 space 4096K,   0% used [0x000000045f000000, 0x000000045f400000)
AC   0  F    TS     0 PTAMS 0x000000045f400000 NTAMS 0x000000045f400000 space 4096K,   0% used [0x000000045f400000, 0x000000045f800000)
AC   0  F    TS     0 PTAMS 0x000000045f800000 NTAMS 0x000000045f800000 space 4096K,   0% used [0x000000045f800000, 0x000000045fc00000)
AC   0  F    TS     0 PTAMS 0x000000045fc00000 NTAMS 0x000000045fc00000 space 4096K,   0% used [0x000000045fc00000, 0x0000000460000000)
AC   0  F    TS     0 PTAMS 0x0000000460000000 NTAMS 0x0000000460000000 space 4096K,   0% used [0x0000000460000000, 0x0000000460400000)
AC   0  F    TS     0 PTAMS 0x0000000460400000 NTAMS 0x0000000460400000 space 4096K,   0% used [0x0000000460400000, 0x0000000460800000)
AC   0  F    TS     0 PTAMS 0x0000000460800000 NTAMS 0x0000000460800000 space 4096K,   0% used [0x0000000460800000, 0x0000000460c00000)
AC   0  F    TS     0 PTAMS 0x0000000460c00000 NTAMS 0x0000000460c00000 space 4096K,   0% used [0x0000000460c00000, 0x0000000461000000)
AC   0  F    TS     0 PTAMS 0x0000000461000000 NTAMS 0x0000000461000000 space 4096K,   0% used [0x0000000461000000, 0x0000000461400000)
AC   0  F    TS     0 PTAMS 0x0000000461400000 NTAMS 0x0000000461400000 space 4096K,   0% used [0x0000000461400000, 0x0000000461800000)
AC   0  F    TS     0 PTAMS 0x0000000461800000 NTAMS 0x0000000461800000 space 4096K,   0% used [0x0000000461800000, 0x0000000461c00000)
AC   0  F    TS     0 PTAMS 0x0000000461c00000 NTAMS 0x0000000461c00000 space 4096K,   0% used [0x0000000461c00000, 0x0000000462000000)
AC   0  F    TS     0 PTAMS 0x0000000462000000 NTAMS 0x0000000462000000 space 4096K,   0% used [0x0000000462000000, 0x0000000462400000)
AC   0  F    TS     0 PTAMS 0x0000000462400000 NTAMS 0x0000000462400000 space 4096K,   0% used [0x0000000462400000, 0x0000000462800000)
AC   0  F    TS     0 PTAMS 0x0000000462800000 NTAMS 0x0000000462800000 space 4096K,   0% used [0x0000000462800000, 0x0000000462c00000)
AC   0  F    TS     0 PTAMS 0x0000000462c00000 NTAMS 0x0000000462c00000 space 4096K,   0% used [0x0000000462c00000, 0x0000000463000000)
AC   0  F    TS     0 PTAMS 0x0000000463000000 NTAMS 0x0000000463000000 space 4096K,   0% used [0x0000000463000000, 0x0000000463400000)
AC   0  F    TS     0 PTAMS 0x0000000463400000 NTAMS 0x0000000463400000 space 4096K,   0% used [0x0000000463400000, 0x0000000463800000)
AC   0  F    TS     0 PTAMS 0x0000000463800000 NTAMS 0x0000000463800000 space 4096K,   0% used [0x0000000463800000, 0x0000000463c00000)
AC   0  F    TS     0 PTAMS 0x0000000463c00000 NTAMS 0x0000000463c00000 space 4096K,   0% used [0x0000000463c00000, 0x0000000464000000)
AC   0  F    TS     0 PTAMS 0x0000000464000000 NTAMS 0x0000000464000000 space 4096K,   0% used [0x0000000464000000, 0x0000000464400000)
AC   0  F    TS     0 PTAMS 0x0000000464400000 NTAMS 0x0000000464400000 space 4096K,   0% used [0x0000000464400000, 0x0000000464800000)
AC   0  F    TS     0 PTAMS 0x0000000464800000 NTAMS 0x0000000464800000 space 4096K,   0% used [0x0000000464800000, 0x0000000464c00000)
AC   0  F    TS     0 PTAMS 0x0000000464c00000 NTAMS 0x0000000464c00000 space 4096K,   0% used [0x0000000464c00000, 0x0000000465000000)
AC   0  F    TS     0 PTAMS 0x0000000465000000 NTAMS 0x0000000465000000 space 4096K,   0% used [0x0000000465000000, 0x0000000465400000)
AC   0  F    TS     0 PTAMS 0x0000000465400000 NTAMS 0x0000000465400000 space 4096K,   0% used [0x0000000465400000, 0x0000000465800000)
AC   0  F    TS     0 PTAMS 0x0000000465800000 NTAMS 0x0000000465800000 space 4096K,   0% used [0x0000000465800000, 0x0000000465c00000)
AC   0  F    TS     0 PTAMS 0x0000000465c00000 NTAMS 0x0000000465c00000 space 4096K,   0% used [0x0000000465c00000, 0x0000000466000000)
AC   0  F    TS     0 PTAMS 0x0000000466000000 NTAMS 0x0000000466000000 space 4096K,   0% used [0x0000000466000000, 0x0000000466400000)
AC   0  F    TS     0 PTAMS 0x0000000466400000 NTAMS 0x0000000466400000 space 4096K,   0% used [0x0000000466400000, 0x0000000466800000)
AC   0  F    TS     0 PTAMS 0x0000000466800000 NTAMS 0x0000000466800000 space 4096K,   0% used [0x0000000466800000, 0x0000000466c00000)
AC   0  F    TS     0 PTAMS 0x0000000466c00000 NTAMS 0x0000000466c00000 space 4096K,   0% used [0x0000000466c00000, 0x0000000467000000)
AC   0  F    TS     0 PTAMS 0x0000000467000000 NTAMS 0x0000000467000000 space 4096K,   0% used [0x0000000467000000, 0x0000000467400000)
AC   0  F    TS     0 PTAMS 0x0000000467400000 NTAMS 0x0000000467400000 space 4096K,   0% used [0x0000000467400000, 0x0000000467800000)
AC   0  F    TS     0 PTAMS 0x0000000467800000 NTAMS 0x0000000467800000 space 4096K,   0% used [0x0000000467800000, 0x0000000467c00000)
AC   0  F    TS     0 PTAMS 0x0000000467c00000 NTAMS 0x0000000467c00000 space 4096K,   0% used [0x0000000467c00000, 0x0000000468000000)
AC   0  F    TS     0 PTAMS 0x0000000468000000 NTAMS 0x0000000468000000 space 4096K,   0% used [0x0000000468000000, 0x0000000468400000)
AC   0  F    TS     0 PTAMS 0x0000000468400000 NTAMS 0x0000000468400000 space 4096K,   0% used [0x0000000468400000, 0x0000000468800000)
AC   0  F    TS     0 PTAMS 0x0000000468800000 NTAMS 0x0000000468800000 space 4096K,   0% used [0x0000000468800000, 0x0000000468c00000)
AC   0  F    TS     0 PTAMS 0x0000000468c00000 NTAMS 0x0000000468c00000 space 4096K,   0% used [0x0000000468c00000, 0x0000000469000000)
AC   0  F    TS     0 PTAMS 0x0000000469000000 NTAMS 0x0000000469000000 space 4096K,   0% used [0x0000000469000000, 0x0000000469400000)
AC   0  F    TS     0 PTAMS 0x0000000469400000 NTAMS 0x0000000469400000 space 4096K,   0% used [0x0000000469400000, 0x0000000469800000)
AC   0  F    TS     0 PTAMS 0x0000000469800000 NTAMS 0x0000000469800000 space 4096K,   0% used [0x0000000469800000, 0x0000000469c00000)
AC   0  F    TS     0 PTAMS 0x0000000469c00000 NTAMS 0x0000000469c00000 space 4096K,   0% used [0x0000000469c00000, 0x000000046a000000)
AC   0  F    TS     0 PTAMS 0x000000046a000000 NTAMS 0x000000046a000000 space 4096K,   0% used [0x000000046a000000, 0x000000046a400000)
AC   0  F    TS     0 PTAMS 0x000000046a400000 NTAMS 0x000000046a400000 space 4096K,   0% used [0x000000046a400000, 0x000000046a800000)
AC   0  F    TS     0 PTAMS 0x000000046a800000 NTAMS 0x000000046a800000 space 4096K,   0% used [0x000000046a800000, 0x000000046ac00000)
AC   0  F    TS     0 PTAMS 0x000000046ac00000 NTAMS 0x000000046ac00000 space 4096K,   0% used [0x000000046ac00000, 0x000000046b000000)
AC   0  F    TS     0 PTAMS 0x000000046b000000 NTAMS 0x000000046b000000 space 4096K,   0% used [0x000000046b000000, 0x000000046b400000)
AC   0  F    TS     0 PTAMS 0x000000046b400000 NTAMS 0x000000046b400000 space 4096K,   0% used [0x000000046b400000, 0x000000046b800000)
AC   0  F    TS     0 PTAMS 0x000000046b800000 NTAMS 0x000000046b800000 space 4096K,   0% used [0x000000046b800000, 0x000000046bc00000)
AC   0  F    TS     0 PTAMS 0x000000046bc00000 NTAMS 0x000000046bc00000 space 4096K,   0% used [0x000000046bc00000, 0x000000046c000000)
AC   0  F    TS     0 PTAMS 0x000000046c000000 NTAMS 0x000000046c000000 space 4096K,   0% used [0x000000046c000000, 0x000000046c400000)
AC   0  F    TS     0 PTAMS 0x000000046c400000 NTAMS 0x000000046c400000 space 4096K,   0% used [0x000000046c400000, 0x000000046c800000)
AC   0  F    TS     0 PTAMS 0x000000046c800000 NTAMS 0x000000046c800000 space 4096K,   0% used [0x000000046c800000, 0x000000046cc00000)
AC   0  F    TS     0 PTAMS 0x000000046cc00000 NTAMS 0x000000046cc00000 space 4096K,   0% used [0x000000046cc00000, 0x000000046d000000)
AC   0  F    TS     0 PTAMS 0x000000046d000000 NTAMS 0x000000046d000000 space 4096K,   0% used [0x000000046d000000, 0x000000046d400000)
AC   0  F    TS     0 PTAMS 0x000000046d400000 NTAMS 0x000000046d400000 space 4096K,   0% used [0x000000046d400000, 0x000000046d800000)
AC   0  F    TS     0 PTAMS 0x000000046d800000 NTAMS 0x000000046d800000 space 4096K,   0% used [0x000000046d800000, 0x000000046dc00000)
AC   0  F    TS     0 PTAMS 0x000000046dc00000 NTAMS 0x000000046dc00000 space 4096K,   0% used [0x000000046dc00000, 0x000000046e000000)
AC   0  F    TS     0 PTAMS 0x000000046e000000 NTAMS 0x000000046e000000 space 4096K,   0% used [0x000000046e000000, 0x000000046e400000)
AC   0  F    TS     0 PTAMS 0x000000046e400000 NTAMS 0x000000046e400000 space 4096K,   0% used [0x000000046e400000, 0x000000046e800000)
AC   0  F    TS     0 PTAMS 0x000000046e800000 NTAMS 0x000000046e800000 space 4096K,   0% used [0x000000046e800000, 0x000000046ec00000)
AC   0  F    TS     0 PTAMS 0x000000046ec00000 NTAMS 0x000000046ec00000 space 4096K,   0% used [0x000000046ec00000, 0x000000046f000000)
AC   0  F    TS     0 PTAMS 0x000000046f000000 NTAMS 0x000000046f000000 space 4096K,   0% used [0x000000046f000000, 0x000000046f400000)
AC   0  F    TS     0 PTAMS 0x000000046f400000 NTAMS 0x000000046f400000 space 4096K,   0% used [0x000000046f400000, 0x000000046f800000)
AC   0  F    TS     0 PTAMS 0x000000046f800000 NTAMS 0x000000046f800000 space 4096K,   0% used [0x000000046f800000, 0x000000046fc00000)
AC   0  F    TS     0 PTAMS 0x000000046fc00000 NTAMS 0x000000046fc00000 space 4096K,   0% used [0x000000046fc00000, 0x0000000470000000)
AC   0  F    TS     0 PTAMS 0x0000000470000000 NTAMS 0x0000000470000000 space 4096K,   0% used [0x0000000470000000, 0x0000000470400000)
AC   0  F    TS     0 PTAMS 0x0000000470400000 NTAMS 0x0000000470400000 space 4096K,   0% used [0x0000000470400000, 0x0000000470800000)
AC   0  F    TS     0 PTAMS 0x0000000470800000 NTAMS 0x0000000470800000 space 4096K,   0% used [0x0000000470800000, 0x0000000470c00000)
AC   0  F    TS     0 PTAMS 0x0000000470c00000 NTAMS 0x0000000470c00000 space 4096K,   0% used [0x0000000470c00000, 0x0000000471000000)
AC   0  F    TS     0 PTAMS 0x0000000471000000 NTAMS 0x0000000471000000 space 4096K,   0% used [0x0000000471000000, 0x0000000471400000)
AC   0  F    TS     0 PTAMS 0x0000000471400000 NTAMS 0x0000000471400000 space 4096K,   0% used [0x0000000471400000, 0x0000000471800000)
AC   0  F    TS     0 PTAMS 0x0000000471800000 NTAMS 0x0000000471800000 space 4096K,   0% used [0x0000000471800000, 0x0000000471c00000)
AC   0  F    TS     0 PTAMS 0x0000000471c00000 NTAMS 0x0000000471c00000 space 4096K,   0% used [0x0000000471c00000, 0x0000000472000000)
AC   0  F    TS     0 PTAMS 0x0000000472000000 NTAMS 0x0000000472000000 space 4096K,   0% used [0x0000000472000000, 0x0000000472400000)
AC   0  F    TS     0 PTAMS 0x0000000472400000 NTAMS 0x0000000472400000 space 4096K,   0% used [0x0000000472400000, 0x0000000472800000)
AC   0  F    TS     0 PTAMS 0x0000000472800000 NTAMS 0x0000000472800000 space 4096K,   0% used [0x0000000472800000, 0x0000000472c00000)
AC   0  F    TS     0 PTAMS 0x0000000472c00000 NTAMS 0x0000000472c00000 space 4096K,   0% used [0x0000000472c00000, 0x0000000473000000)
AC   0  F    TS     0 PTAMS 0x0000000473000000 NTAMS 0x0000000473000000 space 4096K,   0% used [0x0000000473000000, 0x0000000473400000)
AC   0  F    TS     0 PTAMS 0x0000000473400000 NTAMS 0x0000000473400000 space 4096K,   0% used [0x0000000473400000, 0x0000000473800000)
AC   0  F    TS     0 PTAMS 0x0000000473800000 NTAMS 0x0000000473800000 space 4096K,   0% used [0x0000000473800000, 0x0000000473c00000)
AC   0  F    TS     0 PTAMS 0x0000000473c00000 NTAMS 0x0000000473c00000 space 4096K,   0% used [0x0000000473c00000, 0x0000000474000000)
AC   0  F    TS     0 PTAMS 0x0000000474000000 NTAMS 0x0000000474000000 space 4096K,   0% used [0x0000000474000000, 0x0000000474400000)
AC   0  F    TS     0 PTAMS 0x0000000474400000 NTAMS 0x0000000474400000 space 4096K,   0% used [0x0000000474400000, 0x0000000474800000)
AC   0  F    TS     0 PTAMS 0x0000000474800000 NTAMS 0x0000000474800000 space 4096K,   0% used [0x0000000474800000, 0x0000000474c00000)
AC   0  F    TS     0 PTAMS 0x0000000474c00000 NTAMS 0x0000000474c00000 space 4096K,   0% used [0x0000000474c00000, 0x0000000475000000)
AC   0  F    TS     0 PTAMS 0x0000000475000000 NTAMS 0x0000000475000000 space 4096K,   0% used [0x0000000475000000, 0x0000000475400000)
AC   0  F    TS     0 PTAMS 0x0000000475400000 NTAMS 0x0000000475400000 space 4096K,   0% used [0x0000000475400000, 0x0000000475800000)
AC   0  F    TS     0 PTAMS 0x0000000475800000 NTAMS 0x0000000475800000 space 4096K,   0% used [0x0000000475800000, 0x0000000475c00000)
AC   0  F    TS     0 PTAMS 0x0000000475c00000 NTAMS 0x0000000475c00000 space 4096K,   0% used [0x0000000475c00000, 0x0000000476000000)
AC   0  F    TS     0 PTAMS 0x0000000476000000 NTAMS 0x0000000476000000 space 4096K,   0% used [0x0000000476000000, 0x0000000476400000)
AC   0  F    TS     0 PTAMS 0x0000000476400000 NTAMS 0x0000000476400000 space 4096K,   0% used [0x0000000476400000, 0x0000000476800000)
AC   0  F    TS     0 PTAMS 0x0000000476800000 NTAMS 0x0000000476800000 space 4096K,   0% used [0x0000000476800000, 0x0000000476c00000)
AC   0  F    TS     0 PTAMS 0x0000000476c00000 NTAMS 0x0000000476c00000 space 4096K,   0% used [0x0000000476c00000, 0x0000000477000000)
AC   0  F    TS     0 PTAMS 0x0000000477000000 NTAMS 0x0000000477000000 space 4096K,   0% used [0x0000000477000000, 0x0000000477400000)
AC   0  F    TS     0 PTAMS 0x0000000477400000 NTAMS 0x0000000477400000 space 4096K,   0% used [0x0000000477400000, 0x0000000477800000)
AC   0  F    TS     0 PTAMS 0x0000000477800000 NTAMS 0x0000000477800000 space 4096K,   0% used [0x0000000477800000, 0x0000000477c00000)
AC   0  F    TS     0 PTAMS 0x0000000477c00000 NTAMS 0x0000000477c00000 space 4096K,   0% used [0x0000000477c00000, 0x0000000478000000)
AC   0  F    TS     0 PTAMS 0x0000000478000000 NTAMS 0x0000000478000000 space 4096K,   0% used [0x0000000478000000, 0x0000000478400000)
AC   0  F    TS     0 PTAMS 0x0000000478400000 NTAMS 0x0000000478400000 space 4096K,   0% used [0x0000000478400000, 0x0000000478800000)
AC   0  F    TS     0 PTAMS 0x0000000478800000 NTAMS 0x0000000478800000 space 4096K,   0% used [0x0000000478800000, 0x0000000478c00000)
AC   0  F    TS     0 PTAMS 0x0000000478c00000 NTAMS 0x0000000478c00000 space 4096K,   0% used [0x0000000478c00000, 0x0000000479000000)
AC   0  F    TS     0 PTAMS 0x0000000479000000 NTAMS 0x0000000479000000 space 4096K,   0% used [0x0000000479000000, 0x0000000479400000)
AC   0  F    TS     0 PTAMS 0x0000000479400000 NTAMS 0x0000000479400000 space 4096K,   0% used [0x0000000479400000, 0x0000000479800000)
AC   0  F    TS     0 PTAMS 0x0000000479800000 NTAMS 0x0000000479800000 space 4096K,   0% used [0x0000000479800000, 0x0000000479c00000)
AC   0  F    TS     0 PTAMS 0x0000000479c00000 NTAMS 0x0000000479c00000 space 4096K,   0% used [0x0000000479c00000, 0x000000047a000000)
AC   0  F    TS     0 PTAMS 0x000000047a000000 NTAMS 0x000000047a000000 space 4096K,   0% used [0x000000047a000000, 0x000000047a400000)
AC   0  F    TS     0 PTAMS 0x000000047a400000 NTAMS 0x000000047a400000 space 4096K,   0% used [0x000000047a400000, 0x000000047a800000)
AC   0  F    TS     0 PTAMS 0x000000047a800000 NTAMS 0x000000047a800000 space 4096K,   0% used [0x000000047a800000, 0x000000047ac00000)
AC   0  F    TS     0 PTAMS 0x000000047ac00000 NTAMS 0x000000047ac00000 space 4096K,   0% used [0x000000047ac00000, 0x000000047b000000)
AC   0  F    TS     0 PTAMS 0x000000047b000000 NTAMS 0x000000047b000000 space 4096K,   0% used [0x000000047b000000, 0x000000047b400000)
AC   0  F    TS     0 PTAMS 0x000000047b400000 NTAMS 0x000000047b400000 space 4096K,   0% used [0x000000047b400000, 0x000000047b800000)
AC   0  F    TS     0 PTAMS 0x000000047b800000 NTAMS 0x000000047b800000 space 4096K,   0% used [0x000000047b800000, 0x000000047bc00000)
AC   0  F    TS     0 PTAMS 0x000000047bc00000 NTAMS 0x000000047bc00000 space 4096K,   0% used [0x000000047bc00000, 0x000000047c000000)
AC   0  F    TS     0 PTAMS 0x000000047c000000 NTAMS 0x000000047c000000 space 4096K,   0% used [0x000000047c000000, 0x000000047c400000)
AC   0  F    TS     0 PTAMS 0x000000047c400000 NTAMS 0x000000047c400000 space 4096K,   0% used [0x000000047c400000, 0x000000047c800000)
AC   0  F    TS     0 PTAMS 0x000000047c800000 NTAMS 0x000000047c800000 space 4096K,   0% used [0x000000047c800000, 0x000000047cc00000)
AC   0  F    TS     0 PTAMS 0x000000047cc00000 NTAMS 0x000000047cc00000 space 4096K,   0% used [0x000000047cc00000, 0x000000047d000000)
AC   0  F    TS     0 PTAMS 0x000000047d000000 NTAMS 0x000000047d000000 space 4096K,   0% used [0x000000047d000000, 0x000000047d400000)
AC   0  F    TS     0 PTAMS 0x000000047d400000 NTAMS 0x000000047d400000 space 4096K,   0% used [0x000000047d400000, 0x000000047d800000)
AC   0  F    TS     0 PTAMS 0x000000047d800000 NTAMS 0x000000047d800000 space 4096K,   0% used [0x000000047d800000, 0x000000047dc00000)
AC   0  F    TS     0 PTAMS 0x000000047dc00000 NTAMS 0x000000047dc00000 space 4096K,   0% used [0x000000047dc00000, 0x000000047e000000)
AC   0  F    TS     0 PTAMS 0x000000047e000000 NTAMS 0x000000047e000000 space 4096K,   0% used [0x000000047e000000, 0x000000047e400000)
AC   0  F    TS     0 PTAMS 0x000000047e400000 NTAMS 0x000000047e400000 space 4096K,   0% used [0x000000047e400000, 0x000000047e800000)
AC   0  F    TS     0 PTAMS 0x000000047e800000 NTAMS 0x000000047e800000 space 4096K,   0% used [0x000000047e800000, 0x000000047ec00000)
AC   0  F    TS     0 PTAMS 0x000000047ec00000 NTAMS 0x000000047ec00000 space 4096K,   0% used [0x000000047ec00000, 0x000000047f000000)
AC   0  F    TS     0 PTAMS 0x000000047f000000 NTAMS 0x000000047f000000 space 4096K,   0% used [0x000000047f000000, 0x000000047f400000)
AC   0  F    TS     0 PTAMS 0x000000047f400000 NTAMS 0x000000047f400000 space 4096K,   0% used [0x000000047f400000, 0x000000047f800000)
AC   0  F    TS     0 PTAMS 0x000000047f800000 NTAMS 0x000000047f800000 space 4096K,   0% used [0x000000047f800000, 0x000000047fc00000)
AC   0  F    TS     0 PTAMS 0x000000047fc00000 NTAMS 0x000000047fc00000 space 4096K,   0% used [0x000000047fc00000, 0x0000000480000000)
AC   0  F    TS     0 PTAMS 0x0000000480000000 NTAMS 0x0000000480000000 space 4096K,   0% used [0x0000000480000000, 0x0000000480400000)
AC   0  F    TS     0 PTAMS 0x0000000480400000 NTAMS 0x0000000480400000 space 4096K,   0% used [0x0000000480400000, 0x0000000480800000)
AC   0  F    TS     0 PTAMS 0x0000000480800000 NTAMS 0x0000000480800000 space 4096K,   0% used [0x0000000480800000, 0x0000000480c00000)
AC   0  F    TS     0 PTAMS 0x0000000480c00000 NTAMS 0x0000000480c00000 space 4096K,   0% used [0x0000000480c00000, 0x0000000481000000)
AC   0  F    TS     0 PTAMS 0x0000000481000000 NTAMS 0x0000000481000000 space 4096K,   0% used [0x0000000481000000, 0x0000000481400000)
AC   0  F    TS     0 PTAMS 0x0000000481400000 NTAMS 0x0000000481400000 space 4096K,   0% used [0x0000000481400000, 0x0000000481800000)
AC   0  F    TS     0 PTAMS 0x0000000481800000 NTAMS 0x0000000481800000 space 4096K,   0% used [0x0000000481800000, 0x0000000481c00000)
AC   0  F    TS     0 PTAMS 0x0000000481c00000 NTAMS 0x0000000481c00000 space 4096K,   0% used [0x0000000481c00000, 0x0000000482000000)
AC   0  F    TS     0 PTAMS 0x0000000482000000 NTAMS 0x0000000482000000 space 4096K,   0% used [0x0000000482000000, 0x0000000482400000)
AC   0  F    TS     0 PTAMS 0x0000000482400000 NTAMS 0x0000000482400000 space 4096K,   0% used [0x0000000482400000, 0x0000000482800000)
AC   0  F    TS     0 PTAMS 0x0000000482800000 NTAMS 0x0000000482800000 space 4096K,   0% used [0x0000000482800000, 0x0000000482c00000)
AC   0  F    TS     0 PTAMS 0x0000000482c00000 NTAMS 0x0000000482c00000 space 4096K,   0% used [0x0000000482c00000, 0x0000000483000000)
AC   0  F    TS     0 PTAMS 0x0000000483000000 NTAMS 0x0000000483000000 space 4096K,   0% used [0x0000000483000000, 0x0000000483400000)
AC   0  F    TS     0 PTAMS 0x0000000483400000 NTAMS 0x0000000483400000 space 4096K,   0% used [0x0000000483400000, 0x0000000483800000)
AC   0  F    TS     0 PTAMS 0x0000000483800000 NTAMS 0x0000000483800000 space 4096K,   0% used [0x0000000483800000, 0x0000000483c00000)
AC   0  F    TS     0 PTAMS 0x0000000483c00000 NTAMS 0x0000000483c00000 space 4096K,   0% used [0x0000000483c00000, 0x0000000484000000)
AC   0  F    TS     0 PTAMS 0x0000000484000000 NTAMS 0x0000000484000000 space 4096K,   0% used [0x0000000484000000, 0x0000000484400000)
AC   0  F    TS     0 PTAMS 0x0000000484400000 NTAMS 0x0000000484400000 space 4096K,   0% used [0x0000000484400000, 0x0000000484800000)
AC   0  F    TS     0 PTAMS 0x0000000484800000 NTAMS 0x0000000484800000 space 4096K,   0% used [0x0000000484800000, 0x0000000484c00000)
AC   0  F    TS     0 PTAMS 0x0000000484c00000 NTAMS 0x0000000484c00000 space 4096K,   0% used [0x0000000484c00000, 0x0000000485000000)
AC   0  F    TS     0 PTAMS 0x0000000485000000 NTAMS 0x0000000485000000 space 4096K,   0% used [0x0000000485000000, 0x0000000485400000)
AC   0  F    TS     0 PTAMS 0x0000000485400000 NTAMS 0x0000000485400000 space 4096K,   0% used [0x0000000485400000, 0x0000000485800000)
AC   0  F    TS     0 PTAMS 0x0000000485800000 NTAMS 0x0000000485800000 space 4096K,   0% used [0x0000000485800000, 0x0000000485c00000)
AC   0  F    TS     0 PTAMS 0x0000000485c00000 NTAMS 0x0000000485c00000 space 4096K,   0% used [0x0000000485c00000, 0x0000000486000000)
AC   0  F    TS     0 PTAMS 0x0000000486000000 NTAMS 0x0000000486000000 space 4096K,   0% used [0x0000000486000000, 0x0000000486400000)
AC   0  F    TS     0 PTAMS 0x0000000486400000 NTAMS 0x0000000486400000 space 4096K,   0% used [0x0000000486400000, 0x0000000486800000)
AC   0  F    TS     0 PTAMS 0x0000000486800000 NTAMS 0x0000000486800000 space 4096K,   0% used [0x0000000486800000, 0x0000000486c00000)
AC   0  F    TS     0 PTAMS 0x0000000486c00000 NTAMS 0x0000000486c00000 space 4096K,   0% used [0x0000000486c00000, 0x0000000487000000)
AC   0  F    TS     0 PTAMS 0x0000000487000000 NTAMS 0x0000000487000000 space 4096K,   0% used [0x0000000487000000, 0x0000000487400000)
AC   0  F    TS     0 PTAMS 0x0000000487400000 NTAMS 0x0000000487400000 space 4096K,   0% used [0x0000000487400000, 0x0000000487800000)
AC   0  F    TS     0 PTAMS 0x0000000487800000 NTAMS 0x0000000487800000 space 4096K,   0% used [0x0000000487800000, 0x0000000487c00000)
AC   0  F    TS     0 PTAMS 0x0000000487c00000 NTAMS 0x0000000487c00000 space 4096K,   0% used [0x0000000487c00000, 0x0000000488000000)
AC   0  F    TS     0 PTAMS 0x0000000488000000 NTAMS 0x0000000488000000 space 4096K,   0% used [0x0000000488000000, 0x0000000488400000)
AC   0  F    TS     0 PTAMS 0x0000000488400000 NTAMS 0x0000000488400000 space 4096K,   0% used [0x0000000488400000, 0x0000000488800000)
AC   0  F    TS     0 PTAMS 0x0000000488800000 NTAMS 0x0000000488800000 space 4096K,   0% used [0x0000000488800000, 0x0000000488c00000)
AC   0  F    TS     0 PTAMS 0x0000000488c00000 NTAMS 0x0000000488c00000 space 4096K,   0% used [0x0000000488c00000, 0x0000000489000000)
AC   0  F    TS     0 PTAMS 0x0000000489000000 NTAMS 0x0000000489000000 space 4096K,   0% used [0x0000000489000000, 0x0000000489400000)
AC   0  F    TS     0 PTAMS 0x0000000489400000 NTAMS 0x0000000489400000 space 4096K,   0% used [0x0000000489400000, 0x0000000489800000)
AC   0  F    TS     0 PTAMS 0x0000000489800000 NTAMS 0x0000000489800000 space 4096K,   0% used [0x0000000489800000, 0x0000000489c00000)
AC   0  F    TS     0 PTAMS 0x0000000489c00000 NTAMS 0x0000000489c00000 space 4096K,   0% used [0x0000000489c00000, 0x000000048a000000)
AC   0  F    TS     0 PTAMS 0x000000048a000000 NTAMS 0x000000048a000000 space 4096K,   0% used [0x000000048a000000, 0x000000048a400000)
AC   0  F    TS     0 PTAMS 0x000000048a400000 NTAMS 0x000000048a400000 space 4096K,   0% used [0x000000048a400000, 0x000000048a800000)
AC   0  F    TS     0 PTAMS 0x000000048a800000 NTAMS 0x000000048a800000 space 4096K,   0% used [0x000000048a800000, 0x000000048ac00000)
AC   0  F    TS     0 PTAMS 0x000000048ac00000 NTAMS 0x000000048ac00000 space 4096K,   0% used [0x000000048ac00000, 0x000000048b000000)
AC   0  F    TS     0 PTAMS 0x000000048b000000 NTAMS 0x000000048b000000 space 4096K,   0% used [0x000000048b000000, 0x000000048b400000)
AC   0  F    TS     0 PTAMS 0x000000048b400000 NTAMS 0x000000048b400000 space 4096K,   0% used [0x000000048b400000, 0x000000048b800000)
AC   0  F    TS     0 PTAMS 0x000000048b800000 NTAMS 0x000000048b800000 space 4096K,   0% used [0x000000048b800000, 0x000000048bc00000)
AC   0  F    TS     0 PTAMS 0x000000048bc00000 NTAMS 0x000000048bc00000 space 4096K,   0% used [0x000000048bc00000, 0x000000048c000000)
AC   0  F    TS     0 PTAMS 0x000000048c000000 NTAMS 0x000000048c000000 space 4096K,   0% used [0x000000048c000000, 0x000000048c400000)
AC   0  F    TS     0 PTAMS 0x000000048c400000 NTAMS 0x000000048c400000 space 4096K,   0% used [0x000000048c400000, 0x000000048c800000)
AC   0  F    TS     0 PTAMS 0x000000048c800000 NTAMS 0x000000048c800000 space 4096K,   0% used [0x000000048c800000, 0x000000048cc00000)
AC   0  F    TS     0 PTAMS 0x000000048cc00000 NTAMS 0x000000048cc00000 space 4096K,   0% used [0x000000048cc00000, 0x000000048d000000)
AC   0  F    TS     0 PTAMS 0x000000048d000000 NTAMS 0x000000048d000000 space 4096K,   0% used [0x000000048d000000, 0x000000048d400000)
AC   0  F    TS     0 PTAMS 0x000000048d400000 NTAMS 0x000000048d400000 space 4096K,   0% used [0x000000048d400000, 0x000000048d800000)
AC   0  F    TS     0 PTAMS 0x000000048d800000 NTAMS 0x000000048d800000 space 4096K,   0% used [0x000000048d800000, 0x000000048dc00000)
AC   0  F    TS     0 PTAMS 0x000000048dc00000 NTAMS 0x000000048dc00000 space 4096K,   0% used [0x000000048dc00000, 0x000000048e000000)
AC   0  F    TS     0 PTAMS 0x000000048e000000 NTAMS 0x000000048e000000 space 4096K,   0% used [0x000000048e000000, 0x000000048e400000)
AC   0  F    TS     0 PTAMS 0x000000048e400000 NTAMS 0x000000048e400000 space 4096K,   0% used [0x000000048e400000, 0x000000048e800000)
AC   0  F    TS     0 PTAMS 0x000000048e800000 NTAMS 0x000000048e800000 space 4096K,   0% used [0x000000048e800000, 0x000000048ec00000)
AC   0  F    TS     0 PTAMS 0x000000048ec00000 NTAMS 0x000000048ec00000 space 4096K,   0% used [0x000000048ec00000, 0x000000048f000000)
AC   0  F    TS     0 PTAMS 0x000000048f000000 NTAMS 0x000000048f000000 space 4096K,   0% used [0x000000048f000000, 0x000000048f400000)
AC   0  F    TS     0 PTAMS 0x000000048f400000 NTAMS 0x000000048f400000 space 4096K,   0% used [0x000000048f400000, 0x000000048f800000)
AC   0  F    TS     0 PTAMS 0x000000048f800000 NTAMS 0x000000048f800000 space 4096K,   0% used [0x000000048f800000, 0x000000048fc00000)
AC   0  F    TS     0 PTAMS 0x000000048fc00000 NTAMS 0x000000048fc00000 space 4096K,   0% used [0x000000048fc00000, 0x0000000490000000)
AC   0  F    TS     0 PTAMS 0x0000000490000000 NTAMS 0x0000000490000000 space 4096K,   0% used [0x0000000490000000, 0x0000000490400000)
AC   0  F    TS     0 PTAMS 0x0000000490400000 NTAMS 0x0000000490400000 space 4096K,   0% used [0x0000000490400000, 0x0000000490800000)
AC   0  F    TS     0 PTAMS 0x0000000490800000 NTAMS 0x0000000490800000 space 4096K,   0% used [0x0000000490800000, 0x0000000490c00000)
AC   0  F    TS     0 PTAMS 0x0000000490c00000 NTAMS 0x0000000490c00000 space 4096K,   0% used [0x0000000490c00000, 0x0000000491000000)
AC   0  F    TS     0 PTAMS 0x0000000491000000 NTAMS 0x0000000491000000 space 4096K,   0% used [0x0000000491000000, 0x0000000491400000)
AC   0  F    TS     0 PTAMS 0x0000000491400000 NTAMS 0x0000000491400000 space 4096K,   0% used [0x0000000491400000, 0x0000000491800000)
AC   0  F    TS     0 PTAMS 0x0000000491800000 NTAMS 0x0000000491800000 space 4096K,   0% used [0x0000000491800000, 0x0000000491c00000)
AC   0  F    TS     0 PTAMS 0x0000000491c00000 NTAMS 0x0000000491c00000 space 4096K,   0% used [0x0000000491c00000, 0x0000000492000000)
AC   0  F    TS     0 PTAMS 0x0000000492000000 NTAMS 0x0000000492000000 space 4096K,   0% used [0x0000000492000000, 0x0000000492400000)
AC   0  F    TS     0 PTAMS 0x0000000492400000 NTAMS 0x0000000492400000 space 4096K,   0% used [0x0000000492400000, 0x0000000492800000)
AC   0  F    TS     0 PTAMS 0x0000000492800000 NTAMS 0x0000000492800000 space 4096K,   0% used [0x0000000492800000, 0x0000000492c00000)
AC   0  F    TS     0 PTAMS 0x0000000492c00000 NTAMS 0x0000000492c00000 space 4096K,   0% used [0x0000000492c00000, 0x0000000493000000)
AC   0  F    TS     0 PTAMS 0x0000000493000000 NTAMS 0x0000000493000000 space 4096K,   0% used [0x0000000493000000, 0x0000000493400000)
AC   0  F    TS     0 PTAMS 0x0000000493400000 NTAMS 0x0000000493400000 space 4096K,   0% used [0x0000000493400000, 0x0000000493800000)
AC   0  F    TS     0 PTAMS 0x0000000493800000 NTAMS 0x0000000493800000 space 4096K,   0% used [0x0000000493800000, 0x0000000493c00000)
AC   0  F    TS     0 PTAMS 0x0000000493c00000 NTAMS 0x0000000493c00000 space 4096K,   0% used [0x0000000493c00000, 0x0000000494000000)
AC   0  F    TS     0 PTAMS 0x0000000494000000 NTAMS 0x0000000494000000 space 4096K,   0% used [0x0000000494000000, 0x0000000494400000)
AC   0  F    TS     0 PTAMS 0x0000000494400000 NTAMS 0x0000000494400000 space 4096K,   0% used [0x0000000494400000, 0x0000000494800000)
AC   0  F    TS     0 PTAMS 0x0000000494800000 NTAMS 0x0000000494800000 space 4096K,   0% used [0x0000000494800000, 0x0000000494c00000)
AC   0  F    TS     0 PTAMS 0x0000000494c00000 NTAMS 0x0000000494c00000 space 4096K,   0% used [0x0000000494c00000, 0x0000000495000000)
AC   0  F    TS     0 PTAMS 0x0000000495000000 NTAMS 0x0000000495000000 space 4096K,   0% used [0x0000000495000000, 0x0000000495400000)
AC   0  F    TS     0 PTAMS 0x0000000495400000 NTAMS 0x0000000495400000 space 4096K,   0% used [0x0000000495400000, 0x0000000495800000)
AC   0  F    TS     0 PTAMS 0x0000000495800000 NTAMS 0x0000000495800000 space 4096K,   0% used [0x0000000495800000, 0x0000000495c00000)
AC   0  F    TS     0 PTAMS 0x0000000495c00000 NTAMS 0x0000000495c00000 space 4096K,   0% used [0x0000000495c00000, 0x0000000496000000)
AC   0  F    TS     0 PTAMS 0x0000000496000000 NTAMS 0x0000000496000000 space 4096K,   0% used [0x0000000496000000, 0x0000000496400000)
AC   0  F    TS     0 PTAMS 0x0000000496400000 NTAMS 0x0000000496400000 space 4096K,   0% used [0x0000000496400000, 0x0000000496800000)
AC   0  F    TS     0 PTAMS 0x0000000496800000 NTAMS 0x0000000496800000 space 4096K,   0% used [0x0000000496800000, 0x0000000496c00000)
AC   0  F    TS     0 PTAMS 0x0000000496c00000 NTAMS 0x0000000496c00000 space 4096K,   0% used [0x0000000496c00000, 0x0000000497000000)
AC   0  F    TS     0 PTAMS 0x0000000497000000 NTAMS 0x0000000497000000 space 4096K,   0% used [0x0000000497000000, 0x0000000497400000)
AC   0  F    TS     0 PTAMS 0x0000000497400000 NTAMS 0x0000000497400000 space 4096K,   0% used [0x0000000497400000, 0x0000000497800000)
AC   0  F    TS     0 PTAMS 0x0000000497800000 NTAMS 0x0000000497800000 space 4096K,   0% used [0x0000000497800000, 0x0000000497c00000)
AC   0  F    TS     0 PTAMS 0x0000000497c00000 NTAMS 0x0000000497c00000 space 4096K,   0% used [0x0000000497c00000, 0x0000000498000000)
AC   0  F    TS     0 PTAMS 0x0000000498000000 NTAMS 0x0000000498000000 space 4096K,   0% used [0x0000000498000000, 0x0000000498400000)
AC   0  F    TS     0 PTAMS 0x0000000498400000 NTAMS 0x0000000498400000 space 4096K,   0% used [0x0000000498400000, 0x0000000498800000)
AC   0  F    TS     0 PTAMS 0x0000000498800000 NTAMS 0x0000000498800000 space 4096K,   0% used [0x0000000498800000, 0x0000000498c00000)
AC   0  F    TS     0 PTAMS 0x0000000498c00000 NTAMS 0x0000000498c00000 space 4096K,   0% used [0x0000000498c00000, 0x0000000499000000)
AC   0  F    TS     0 PTAMS 0x0000000499000000 NTAMS 0x0000000499000000 space 4096K,   0% used [0x0000000499000000, 0x0000000499400000)
AC   0  F    TS     0 PTAMS 0x0000000499400000 NTAMS 0x0000000499400000 space 4096K,   0% used [0x0000000499400000, 0x0000000499800000)
AC   0  F    TS     0 PTAMS 0x0000000499800000 NTAMS 0x0000000499800000 space 4096K,   0% used [0x0000000499800000, 0x0000000499c00000)
AC   0  F    TS     0 PTAMS 0x0000000499c00000 NTAMS 0x0000000499c00000 space 4096K,   0% used [0x0000000499c00000, 0x000000049a000000)
AC   0  F    TS     0 PTAMS 0x000000049a000000 NTAMS 0x000000049a000000 space 4096K,   0% used [0x000000049a000000, 0x000000049a400000)
AC   0  F    TS     0 PTAMS 0x000000049a400000 NTAMS 0x000000049a400000 space 4096K,   0% used [0x000000049a400000, 0x000000049a800000)
AC   0  F    TS     0 PTAMS 0x000000049a800000 NTAMS 0x000000049a800000 space 4096K,   0% used [0x000000049a800000, 0x000000049ac00000)
AC   0  F    TS     0 PTAMS 0x000000049ac00000 NTAMS 0x000000049ac00000 space 4096K,   0% used [0x000000049ac00000, 0x000000049b000000)
AC   0  F    TS     0 PTAMS 0x000000049b000000 NTAMS 0x000000049b000000 space 4096K,   0% used [0x000000049b000000, 0x000000049b400000)
AC   0  F    TS     0 PTAMS 0x000000049b400000 NTAMS 0x000000049b400000 space 4096K,   0% used [0x000000049b400000, 0x000000049b800000)
AC   0  F    TS     0 PTAMS 0x000000049b800000 NTAMS 0x000000049b800000 space 4096K,   0% used [0x000000049b800000, 0x000000049bc00000)
AC   0  F    TS     0 PTAMS 0x000000049bc00000 NTAMS 0x000000049bc00000 space 4096K,   0% used [0x000000049bc00000, 0x000000049c000000)
AC   0  F    TS     0 PTAMS 0x000000049c000000 NTAMS 0x000000049c000000 space 4096K,   0% used [0x000000049c000000, 0x000000049c400000)
AC   0  F    TS     0 PTAMS 0x000000049c400000 NTAMS 0x000000049c400000 space 4096K,   0% used [0x000000049c400000, 0x000000049c800000)
AC   0  F    TS     0 PTAMS 0x000000049c800000 NTAMS 0x000000049c800000 space 4096K,   0% used [0x000000049c800000, 0x000000049cc00000)
AC   0  F    TS     0 PTAMS 0x000000049cc00000 NTAMS 0x000000049cc00000 space 4096K,   0% used [0x000000049cc00000, 0x000000049d000000)
AC   0  F    TS     0 PTAMS 0x000000049d000000 NTAMS 0x000000049d000000 space 4096K,   0% used [0x000000049d000000, 0x000000049d400000)
AC   0  F    TS     0 PTAMS 0x000000049d400000 NTAMS 0x000000049d400000 space 4096K,   0% used [0x000000049d400000, 0x000000049d800000)
AC   0  F    TS     0 PTAMS 0x000000049d800000 NTAMS 0x000000049d800000 space 4096K,   0% used [0x000000049d800000, 0x000000049dc00000)
AC   0  F    TS     0 PTAMS 0x000000049dc00000 NTAMS 0x000000049dc00000 space 4096K,   0% used [0x000000049dc00000, 0x000000049e000000)
AC   0  F    TS     0 PTAMS 0x000000049e000000 NTAMS 0x000000049e000000 space 4096K,   0% used [0x000000049e000000, 0x000000049e400000)
AC   0  F    TS     0 PTAMS 0x000000049e400000 NTAMS 0x000000049e400000 space 4096K,   0% used [0x000000049e400000, 0x000000049e800000)
AC   0  F    TS     0 PTAMS 0x000000049e800000 NTAMS 0x000000049e800000 space 4096K,   0% used [0x000000049e800000, 0x000000049ec00000)
AC   0  F    TS     0 PTAMS 0x000000049ec00000 NTAMS 0x000000049ec00000 space 4096K,   0% used [0x000000049ec00000, 0x000000049f000000)
AC   0  F    TS     0 PTAMS 0x000000049f000000 NTAMS 0x000000049f000000 space 4096K,   0% used [0x000000049f000000, 0x000000049f400000)
AC   0  F    TS     0 PTAMS 0x000000049f400000 NTAMS 0x000000049f400000 space 4096K,   0% used [0x000000049f400000, 0x000000049f800000)
AC   0  F    TS     0 PTAMS 0x000000049f800000 NTAMS 0x000000049f800000 space 4096K,   0% used [0x000000049f800000, 0x000000049fc00000)
AC   0  F    TS     0 PTAMS 0x000000049fc00000 NTAMS 0x000000049fc00000 space 4096K,   0% used [0x000000049fc00000, 0x00000004a0000000)
AC   0  F    TS     0 PTAMS 0x00000004a0000000 NTAMS 0x00000004a0000000 space 4096K,   0% used [0x00000004a0000000, 0x00000004a0400000)
AC   0  F    TS     0 PTAMS 0x00000004a0400000 NTAMS 0x00000004a0400000 space 4096K,   0% used [0x00000004a0400000, 0x00000004a0800000)
AC   0  F    TS     0 PTAMS 0x00000004a0800000 NTAMS 0x00000004a0800000 space 4096K,   0% used [0x00000004a0800000, 0x00000004a0c00000)
AC   0  F    TS     0 PTAMS 0x00000004a0c00000 NTAMS 0x00000004a0c00000 space 4096K,   0% used [0x00000004a0c00000, 0x00000004a1000000)
AC   0  F    TS     0 PTAMS 0x00000004a1000000 NTAMS 0x00000004a1000000 space 4096K,   0% used [0x00000004a1000000, 0x00000004a1400000)
AC   0  F    TS     0 PTAMS 0x00000004a1400000 NTAMS 0x00000004a1400000 space 4096K,   0% used [0x00000004a1400000, 0x00000004a1800000)
AC   0  F    TS     0 PTAMS 0x00000004a1800000 NTAMS 0x00000004a1800000 space 4096K,   0% used [0x00000004a1800000, 0x00000004a1c00000)
AC   0  F    TS     0 PTAMS 0x00000004a1c00000 NTAMS 0x00000004a1c00000 space 4096K,   0% used [0x00000004a1c00000, 0x00000004a2000000)
AC   0  F    TS     0 PTAMS 0x00000004a2000000 NTAMS 0x00000004a2000000 space 4096K,   0% used [0x00000004a2000000, 0x00000004a2400000)
AC   0  F    TS     0 PTAMS 0x00000004a2400000 NTAMS 0x00000004a2400000 space 4096K,   0% used [0x00000004a2400000, 0x00000004a2800000)
AC   0  F    TS     0 PTAMS 0x00000004a2800000 NTAMS 0x00000004a2800000 space 4096K,   0% used [0x00000004a2800000, 0x00000004a2c00000)
AC   0  F    TS     0 PTAMS 0x00000004a2c00000 NTAMS 0x00000004a2c00000 space 4096K,   0% used [0x00000004a2c00000, 0x00000004a3000000)
AC   0  F    TS     0 PTAMS 0x00000004a3000000 NTAMS 0x00000004a3000000 space 4096K,   0% used [0x00000004a3000000, 0x00000004a3400000)
AC   0  F    TS     0 PTAMS 0x00000004a3400000 NTAMS 0x00000004a3400000 space 4096K,   0% used [0x00000004a3400000, 0x00000004a3800000)
AC   0  F    TS     0 PTAMS 0x00000004a3800000 NTAMS 0x00000004a3800000 space 4096K,   0% used [0x00000004a3800000, 0x00000004a3c00000)
AC   0  F    TS     0 PTAMS 0x00000004a3c00000 NTAMS 0x00000004a3c00000 space 4096K,   0% used [0x00000004a3c00000, 0x00000004a4000000)
AC   0  F    TS     0 PTAMS 0x00000004a4000000 NTAMS 0x00000004a4000000 space 4096K,   0% used [0x00000004a4000000, 0x00000004a4400000)
AC   0  F    TS     0 PTAMS 0x00000004a4400000 NTAMS 0x00000004a4400000 space 4096K,   0% used [0x00000004a4400000, 0x00000004a4800000)
AC   0  F    TS     0 PTAMS 0x00000004a4800000 NTAMS 0x00000004a4800000 space 4096K,   0% used [0x00000004a4800000, 0x00000004a4c00000)
AC   0  F    TS     0 PTAMS 0x00000004a4c00000 NTAMS 0x00000004a4c00000 space 4096K,   0% used [0x00000004a4c00000, 0x00000004a5000000)
AC   0  F    TS     0 PTAMS 0x00000004a5000000 NTAMS 0x00000004a5000000 space 4096K,   0% used [0x00000004a5000000, 0x00000004a5400000)
AC   0  F    TS     0 PTAMS 0x00000004a5400000 NTAMS 0x00000004a5400000 space 4096K,   0% used [0x00000004a5400000, 0x00000004a5800000)
AC   0  F    TS     0 PTAMS 0x00000004a5800000 NTAMS 0x00000004a5800000 space 4096K,   0% used [0x00000004a5800000, 0x00000004a5c00000)
AC   0  F    TS     0 PTAMS 0x00000004a5c00000 NTAMS 0x00000004a5c00000 space 4096K,   0% used [0x00000004a5c00000, 0x00000004a6000000)
AC   0  F    TS     0 PTAMS 0x00000004a6000000 NTAMS 0x00000004a6000000 space 4096K,   0% used [0x00000004a6000000, 0x00000004a6400000)
AC   0  F    TS     0 PTAMS 0x00000004a6400000 NTAMS 0x00000004a6400000 space 4096K,   0% used [0x00000004a6400000, 0x00000004a6800000)
AC   0  F    TS     0 PTAMS 0x00000004a6800000 NTAMS 0x00000004a6800000 space 4096K,   0% used [0x00000004a6800000, 0x00000004a6c00000)
AC   0  F    TS     0 PTAMS 0x00000004a6c00000 NTAMS 0x00000004a6c00000 space 4096K,   0% used [0x00000004a6c00000, 0x00000004a7000000)
AC   0  F    TS     0 PTAMS 0x00000004a7000000 NTAMS 0x00000004a7000000 space 4096K,   0% used [0x00000004a7000000, 0x00000004a7400000)
AC   0  F    TS     0 PTAMS 0x00000004a7400000 NTAMS 0x00000004a7400000 space 4096K,   0% used [0x00000004a7400000, 0x00000004a7800000)
AC   0  F    TS     0 PTAMS 0x00000004a7800000 NTAMS 0x00000004a7800000 space 4096K,   0% used [0x00000004a7800000, 0x00000004a7c00000)
AC   0  F    TS     0 PTAMS 0x00000004a7c00000 NTAMS 0x00000004a7c00000 space 4096K,   0% used [0x00000004a7c00000, 0x00000004a8000000)
AC   0  F    TS     0 PTAMS 0x00000004a8000000 NTAMS 0x00000004a8000000 space 4096K,   0% used [0x00000004a8000000, 0x00000004a8400000)
AC   0  F    TS     0 PTAMS 0x00000004a8400000 NTAMS 0x00000004a8400000 space 4096K,   0% used [0x00000004a8400000, 0x00000004a8800000)
AC   0  F    TS     0 PTAMS 0x00000004a8800000 NTAMS 0x00000004a8800000 space 4096K,   0% used [0x00000004a8800000, 0x00000004a8c00000)
AC   0  F    TS     0 PTAMS 0x00000004a8c00000 NTAMS 0x00000004a8c00000 space 4096K,   0% used [0x00000004a8c00000, 0x00000004a9000000)
AC   0  F    TS     0 PTAMS 0x00000004a9000000 NTAMS 0x00000004a9000000 space 4096K,   0% used [0x00000004a9000000, 0x00000004a9400000)
AC   0  F    TS     0 PTAMS 0x00000004a9400000 NTAMS 0x00000004a9400000 space 4096K,   0% used [0x00000004a9400000, 0x00000004a9800000)
AC   0  F    TS     0 PTAMS 0x00000004a9800000 NTAMS 0x00000004a9800000 space 4096K,   0% used [0x00000004a9800000, 0x00000004a9c00000)
AC   0  F    TS     0 PTAMS 0x00000004a9c00000 NTAMS 0x00000004a9c00000 space 4096K,   0% used [0x00000004a9c00000, 0x00000004aa000000)
AC   0  F    TS     0 PTAMS 0x00000004aa000000 NTAMS 0x00000004aa000000 space 4096K,   0% used [0x00000004aa000000, 0x00000004aa400000)
AC   0  F    TS     0 PTAMS 0x00000004aa400000 NTAMS 0x00000004aa400000 space 4096K,   0% used [0x00000004aa400000, 0x00000004aa800000)
AC   0  F    TS     0 PTAMS 0x00000004aa800000 NTAMS 0x00000004aa800000 space 4096K,   0% used [0x00000004aa800000, 0x00000004aac00000)
AC   0  F    TS     0 PTAMS 0x00000004aac00000 NTAMS 0x00000004aac00000 space 4096K,   0% used [0x00000004aac00000, 0x00000004ab000000)
AC   0  F    TS     0 PTAMS 0x00000004ab000000 NTAMS 0x00000004ab000000 space 4096K,   0% used [0x00000004ab000000, 0x00000004ab400000)
AC   0  F    TS     0 PTAMS 0x00000004ab400000 NTAMS 0x00000004ab400000 space 4096K,   0% used [0x00000004ab400000, 0x00000004ab800000)
AC   0  F    TS     0 PTAMS 0x00000004ab800000 NTAMS 0x00000004ab800000 space 4096K,   0% used [0x00000004ab800000, 0x00000004abc00000)
AC   0  F    TS     0 PTAMS 0x00000004abc00000 NTAMS 0x00000004abc00000 space 4096K,   0% used [0x00000004abc00000, 0x00000004ac000000)
AC   0  F    TS     0 PTAMS 0x00000004ac000000 NTAMS 0x00000004ac000000 space 4096K,   0% used [0x00000004ac000000, 0x00000004ac400000)
AC   0  F    TS     0 PTAMS 0x00000004ac400000 NTAMS 0x00000004ac400000 space 4096K,   0% used [0x00000004ac400000, 0x00000004ac800000)
AC   0  F    TS     0 PTAMS 0x00000004ac800000 NTAMS 0x00000004ac800000 space 4096K,   0% used [0x00000004ac800000, 0x00000004acc00000)
AC   0  F    TS     0 PTAMS 0x00000004acc00000 NTAMS 0x00000004acc00000 space 4096K,   0% used [0x00000004acc00000, 0x00000004ad000000)
AC   0  F    TS     0 PTAMS 0x00000004ad000000 NTAMS 0x00000004ad000000 space 4096K,   0% used [0x00000004ad000000, 0x00000004ad400000)
AC   0  F    TS     0 PTAMS 0x00000004ad400000 NTAMS 0x00000004ad400000 space 4096K,   0% used [0x00000004ad400000, 0x00000004ad800000)
AC   0  F    TS     0 PTAMS 0x00000004ad800000 NTAMS 0x00000004ad800000 space 4096K,   0% used [0x00000004ad800000, 0x00000004adc00000)
AC   0  F    TS     0 PTAMS 0x00000004adc00000 NTAMS 0x00000004adc00000 space 4096K,   0% used [0x00000004adc00000, 0x00000004ae000000)
AC   0  F    TS     0 PTAMS 0x00000004ae000000 NTAMS 0x00000004ae000000 space 4096K,   0% used [0x00000004ae000000, 0x00000004ae400000)
AC   0  F    TS     0 PTAMS 0x00000004ae400000 NTAMS 0x00000004ae400000 space 4096K,   0% used [0x00000004ae400000, 0x00000004ae800000)
AC   0  F    TS     0 PTAMS 0x00000004ae800000 NTAMS 0x00000004ae800000 space 4096K,   0% used [0x00000004ae800000, 0x00000004aec00000)
AC   0  F    TS     0 PTAMS 0x00000004aec00000 NTAMS 0x00000004aec00000 space 4096K,   0% used [0x00000004aec00000, 0x00000004af000000)
AC   0  F    TS     0 PTAMS 0x00000004af000000 NTAMS 0x00000004af000000 space 4096K,   0% used [0x00000004af000000, 0x00000004af400000)
AC   0  F    TS     0 PTAMS 0x00000004af400000 NTAMS 0x00000004af400000 space 4096K,   0% used [0x00000004af400000, 0x00000004af800000)
AC   0  F    TS     0 PTAMS 0x00000004af800000 NTAMS 0x00000004af800000 space 4096K,   0% used [0x00000004af800000, 0x00000004afc00000)
AC   0  F    TS     0 PTAMS 0x00000004afc00000 NTAMS 0x00000004afc00000 space 4096K,   0% used [0x00000004afc00000, 0x00000004b0000000)
AC   0  F    TS     0 PTAMS 0x00000004b0000000 NTAMS 0x00000004b0000000 space 4096K,   0% used [0x00000004b0000000, 0x00000004b0400000)
AC   0  F    TS     0 PTAMS 0x00000004b0400000 NTAMS 0x00000004b0400000 space 4096K,   0% used [0x00000004b0400000, 0x00000004b0800000)
AC   0  F    TS     0 PTAMS 0x00000004b0800000 NTAMS 0x00000004b0800000 space 4096K,   0% used [0x00000004b0800000, 0x00000004b0c00000)
AC   0  F    TS     0 PTAMS 0x00000004b0c00000 NTAMS 0x00000004b0c00000 space 4096K,   0% used [0x00000004b0c00000, 0x00000004b1000000)
AC   0  F    TS     0 PTAMS 0x00000004b1000000 NTAMS 0x00000004b1000000 space 4096K,   0% used [0x00000004b1000000, 0x00000004b1400000)
AC   0  F    TS     0 PTAMS 0x00000004b1400000 NTAMS 0x00000004b1400000 space 4096K,   0% used [0x00000004b1400000, 0x00000004b1800000)
AC   0  F    TS     0 PTAMS 0x00000004b1800000 NTAMS 0x00000004b1800000 space 4096K,   0% used [0x00000004b1800000, 0x00000004b1c00000)
AC   0  F    TS     0 PTAMS 0x00000004b1c00000 NTAMS 0x00000004b1c00000 space 4096K,   0% used [0x00000004b1c00000, 0x00000004b2000000)
AC   0  F    TS     0 PTAMS 0x00000004b2000000 NTAMS 0x00000004b2000000 space 4096K,   0% used [0x00000004b2000000, 0x00000004b2400000)
AC   0  F    TS     0 PTAMS 0x00000004b2400000 NTAMS 0x00000004b2400000 space 4096K,   0% used [0x00000004b2400000, 0x00000004b2800000)
AC   0  F    TS     0 PTAMS 0x00000004b2800000 NTAMS 0x00000004b2800000 space 4096K,   0% used [0x00000004b2800000, 0x00000004b2c00000)
AC   0  F    TS     0 PTAMS 0x00000004b2c00000 NTAMS 0x00000004b2c00000 space 4096K,   0% used [0x00000004b2c00000, 0x00000004b3000000)
AC   0  F    TS     0 PTAMS 0x00000004b3000000 NTAMS 0x00000004b3000000 space 4096K,   0% used [0x00000004b3000000, 0x00000004b3400000)
AC   0  F    TS     0 PTAMS 0x00000004b3400000 NTAMS 0x00000004b3400000 space 4096K,   0% used [0x00000004b3400000, 0x00000004b3800000)
AC   0  F    TS     0 PTAMS 0x00000004b3800000 NTAMS 0x00000004b3800000 space 4096K,   0% used [0x00000004b3800000, 0x00000004b3c00000)
AC   0  F    TS     0 PTAMS 0x00000004b3c00000 NTAMS 0x00000004b3c00000 space 4096K,   0% used [0x00000004b3c00000, 0x00000004b4000000)
AC   0  F    TS     0 PTAMS 0x00000004b4000000 NTAMS 0x00000004b4000000 space 4096K,   0% used [0x00000004b4000000, 0x00000004b4400000)
AC   0  F    TS     0 PTAMS 0x00000004b4400000 NTAMS 0x00000004b4400000 space 4096K,   0% used [0x00000004b4400000, 0x00000004b4800000)
AC   0  F    TS     0 PTAMS 0x00000004b4800000 NTAMS 0x00000004b4800000 space 4096K,   0% used [0x00000004b4800000, 0x00000004b4c00000)
AC   0  F    TS     0 PTAMS 0x00000004b4c00000 NTAMS 0x00000004b4c00000 space 4096K,   0% used [0x00000004b4c00000, 0x00000004b5000000)
AC   0  F    TS     0 PTAMS 0x00000004b5000000 NTAMS 0x00000004b5000000 space 4096K,   0% used [0x00000004b5000000, 0x00000004b5400000)
AC   0  F    TS     0 PTAMS 0x00000004b5400000 NTAMS 0x00000004b5400000 space 4096K,   0% used [0x00000004b5400000, 0x00000004b5800000)
AC   0  F    TS     0 PTAMS 0x00000004b5800000 NTAMS 0x00000004b5800000 space 4096K,   0% used [0x00000004b5800000, 0x00000004b5c00000)
AC   0  F    TS     0 PTAMS 0x00000004b5c00000 NTAMS 0x00000004b5c00000 space 4096K,   0% used [0x00000004b5c00000, 0x00000004b6000000)
AC   0  F    TS     0 PTAMS 0x00000004b6000000 NTAMS 0x00000004b6000000 space 4096K,   0% used [0x00000004b6000000, 0x00000004b6400000)
AC   0  F    TS     0 PTAMS 0x00000004b6400000 NTAMS 0x00000004b6400000 space 4096K,   0% used [0x00000004b6400000, 0x00000004b6800000)
AC   0  F    TS     0 PTAMS 0x00000004b6800000 NTAMS 0x00000004b6800000 space 4096K,   0% used [0x00000004b6800000, 0x00000004b6c00000)
AC   0  F    TS     0 PTAMS 0x00000004b6c00000 NTAMS 0x00000004b6c00000 space 4096K,   0% used [0x00000004b6c00000, 0x00000004b7000000)
AC   0  F    TS     0 PTAMS 0x00000004b7000000 NTAMS 0x00000004b7000000 space 4096K,   0% used [0x00000004b7000000, 0x00000004b7400000)
AC   0  F    TS     0 PTAMS 0x00000004b7400000 NTAMS 0x00000004b7400000 space 4096K,   0% used [0x00000004b7400000, 0x00000004b7800000)
AC   0  F    TS     0 PTAMS 0x00000004b7800000 NTAMS 0x00000004b7800000 space 4096K,   0% used [0x00000004b7800000, 0x00000004b7c00000)
AC   0  F    TS     0 PTAMS 0x00000004b7c00000 NTAMS 0x00000004b7c00000 space 4096K,   0% used [0x00000004b7c00000, 0x00000004b8000000)
AC   0  F    TS     0 PTAMS 0x00000004b8000000 NTAMS 0x00000004b8000000 space 4096K,   0% used [0x00000004b8000000, 0x00000004b8400000)
AC   0  F    TS     0 PTAMS 0x00000004b8400000 NTAMS 0x00000004b8400000 space 4096K,   0% used [0x00000004b8400000, 0x00000004b8800000)
AC   0  F    TS     0 PTAMS 0x00000004b8800000 NTAMS 0x00000004b8800000 space 4096K,   0% used [0x00000004b8800000, 0x00000004b8c00000)
AC   0  F    TS     0 PTAMS 0x00000004b8c00000 NTAMS 0x00000004b8c00000 space 4096K,   0% used [0x00000004b8c00000, 0x00000004b9000000)
AC   0  F    TS     0 PTAMS 0x00000004b9000000 NTAMS 0x00000004b9000000 space 4096K,   0% used [0x00000004b9000000, 0x00000004b9400000)
AC   0  F    TS     0 PTAMS 0x00000004b9400000 NTAMS 0x00000004b9400000 space 4096K,   0% used [0x00000004b9400000, 0x00000004b9800000)
AC   0  F    TS     0 PTAMS 0x00000004b9800000 NTAMS 0x00000004b9800000 space 4096K,   0% used [0x00000004b9800000, 0x00000004b9c00000)
AC   0  F    TS     0 PTAMS 0x00000004b9c00000 NTAMS 0x00000004b9c00000 space 4096K,   0% used [0x00000004b9c00000, 0x00000004ba000000)
AC   0  F    TS     0 PTAMS 0x00000004ba000000 NTAMS 0x00000004ba000000 space 4096K,   0% used [0x00000004ba000000, 0x00000004ba400000)
AC   0  F    TS     0 PTAMS 0x00000004ba400000 NTAMS 0x00000004ba400000 space 4096K,   0% used [0x00000004ba400000, 0x00000004ba800000)
AC   0  F    TS     0 PTAMS 0x00000004ba800000 NTAMS 0x00000004ba800000 space 4096K,   0% used [0x00000004ba800000, 0x00000004bac00000)
AC   0  F    TS     0 PTAMS 0x00000004bac00000 NTAMS 0x00000004bac00000 space 4096K,   0% used [0x00000004bac00000, 0x00000004bb000000)
AC   0  F    TS     0 PTAMS 0x00000004bb000000 NTAMS 0x00000004bb000000 space 4096K,   0% used [0x00000004bb000000, 0x00000004bb400000)
AC   0  F    TS     0 PTAMS 0x00000004bb400000 NTAMS 0x00000004bb400000 space 4096K,   0% used [0x00000004bb400000, 0x00000004bb800000)
AC   0  F    TS     0 PTAMS 0x00000004bb800000 NTAMS 0x00000004bb800000 space 4096K,   0% used [0x00000004bb800000, 0x00000004bbc00000)
AC   0  F    TS     0 PTAMS 0x00000004bbc00000 NTAMS 0x00000004bbc00000 space 4096K,   0% used [0x00000004bbc00000, 0x00000004bc000000)
AC   0  F    TS     0 PTAMS 0x00000004bc000000 NTAMS 0x00000004bc000000 space 4096K,   0% used [0x00000004bc000000, 0x00000004bc400000)
AC   0  F    TS     0 PTAMS 0x00000004bc400000 NTAMS 0x00000004bc400000 space 4096K,   0% used [0x00000004bc400000, 0x00000004bc800000)
AC   0  F    TS     0 PTAMS 0x00000004bc800000 NTAMS 0x00000004bc800000 space 4096K,   0% used [0x00000004bc800000, 0x00000004bcc00000)
AC   0  F    TS     0 PTAMS 0x00000004bcc00000 NTAMS 0x00000004bcc00000 space 4096K,   0% used [0x00000004bcc00000, 0x00000004bd000000)
AC   0  F    TS     0 PTAMS 0x00000004bd000000 NTAMS 0x00000004bd000000 space 4096K,   0% used [0x00000004bd000000, 0x00000004bd400000)
AC   0  F    TS     0 PTAMS 0x00000004bd400000 NTAMS 0x00000004bd400000 space 4096K,   0% used [0x00000004bd400000, 0x00000004bd800000)
AC   0  F    TS     0 PTAMS 0x00000004bd800000 NTAMS 0x00000004bd800000 space 4096K,   0% used [0x00000004bd800000, 0x00000004bdc00000)
AC   0  F    TS     0 PTAMS 0x00000004bdc00000 NTAMS 0x00000004bdc00000 space 4096K,   0% used [0x00000004bdc00000, 0x00000004be000000)
AC   0  F    TS     0 PTAMS 0x00000004be000000 NTAMS 0x00000004be000000 space 4096K,   0% used [0x00000004be000000, 0x00000004be400000)
AC   0  F    TS     0 PTAMS 0x00000004be400000 NTAMS 0x00000004be400000 space 4096K,   0% used [0x00000004be400000, 0x00000004be800000)
AC   0  F    TS     0 PTAMS 0x00000004be800000 NTAMS 0x00000004be800000 space 4096K,   0% used [0x00000004be800000, 0x00000004bec00000)
AC   0  F    TS     0 PTAMS 0x00000004bec00000 NTAMS 0x00000004bec00000 space 4096K,   0% used [0x00000004bec00000, 0x00000004bf000000)
AC   0  F    TS     0 PTAMS 0x00000004bf000000 NTAMS 0x00000004bf000000 space 4096K,   0% used [0x00000004bf000000, 0x00000004bf400000)
AC   0  F    TS     0 PTAMS 0x00000004bf400000 NTAMS 0x00000004bf400000 space 4096K,   0% used [0x00000004bf400000, 0x00000004bf800000)
AC   0  F    TS     0 PTAMS 0x00000004bf800000 NTAMS 0x00000004bf800000 space 4096K,   0% used [0x00000004bf800000, 0x00000004bfc00000)
AC   0  F    TS     0 PTAMS 0x00000004bfc00000 NTAMS 0x00000004bfc00000 space 4096K,   0% used [0x00000004bfc00000, 0x00000004c0000000)
AC   0  F    TS     0 PTAMS 0x00000004c0000000 NTAMS 0x00000004c0000000 space 4096K,   0% used [0x00000004c0000000, 0x00000004c0400000)
AC   0  F    TS     0 PTAMS 0x00000004c0400000 NTAMS 0x00000004c0400000 space 4096K,   0% used [0x00000004c0400000, 0x00000004c0800000)
AC   0  F    TS     0 PTAMS 0x00000004c0800000 NTAMS 0x00000004c0800000 space 4096K,   0% used [0x00000004c0800000, 0x00000004c0c00000)
AC   0  F    TS     0 PTAMS 0x00000004c0c00000 NTAMS 0x00000004c0c00000 space 4096K,   0% used [0x00000004c0c00000, 0x00000004c1000000)
AC   0  F    TS     0 PTAMS 0x00000004c1000000 NTAMS 0x00000004c1000000 space 4096K,   0% used [0x00000004c1000000, 0x00000004c1400000)
AC   0  F    TS     0 PTAMS 0x00000004c1400000 NTAMS 0x00000004c1400000 space 4096K,   0% used [0x00000004c1400000, 0x00000004c1800000)
AC   0  F    TS     0 PTAMS 0x00000004c1800000 NTAMS 0x00000004c1800000 space 4096K,   0% used [0x00000004c1800000, 0x00000004c1c00000)
AC   0  F    TS     0 PTAMS 0x00000004c1c00000 NTAMS 0x00000004c1c00000 space 4096K,   0% used [0x00000004c1c00000, 0x00000004c2000000)
AC   0  F    TS     0 PTAMS 0x00000004c2000000 NTAMS 0x00000004c2000000 space 4096K,   0% used [0x00000004c2000000, 0x00000004c2400000)
AC   0  F    TS     0 PTAMS 0x00000004c2400000 NTAMS 0x00000004c2400000 space 4096K,   0% used [0x00000004c2400000, 0x00000004c2800000)
AC   0  F    TS     0 PTAMS 0x00000004c2800000 NTAMS 0x00000004c2800000 space 4096K,   0% used [0x00000004c2800000, 0x00000004c2c00000)
AC   0  F    TS     0 PTAMS 0x00000004c2c00000 NTAMS 0x00000004c2c00000 space 4096K,   0% used [0x00000004c2c00000, 0x00000004c3000000)
AC   0  F    TS     0 PTAMS 0x00000004c3000000 NTAMS 0x00000004c3000000 space 4096K,   0% used [0x00000004c3000000, 0x00000004c3400000)
AC   0  F    TS     0 PTAMS 0x00000004c3400000 NTAMS 0x00000004c3400000 space 4096K,   0% used [0x00000004c3400000, 0x00000004c3800000)
AC   0  F    TS     0 PTAMS 0x00000004c3800000 NTAMS 0x00000004c3800000 space 4096K,   0% used [0x00000004c3800000, 0x00000004c3c00000)
AC   0  F    TS     0 PTAMS 0x00000004c3c00000 NTAMS 0x00000004c3c00000 space 4096K,   0% used [0x00000004c3c00000, 0x00000004c4000000)
AC   0  F    TS     0 PTAMS 0x00000004c4000000 NTAMS 0x00000004c4000000 space 4096K,   0% used [0x00000004c4000000, 0x00000004c4400000)
AC   0  F    TS     0 PTAMS 0x00000004c4400000 NTAMS 0x00000004c4400000 space 4096K,   0% used [0x00000004c4400000, 0x00000004c4800000)
AC   0  F    TS     0 PTAMS 0x00000004c4800000 NTAMS 0x00000004c4800000 space 4096K,   0% used [0x00000004c4800000, 0x00000004c4c00000)
AC   0  F    TS     0 PTAMS 0x00000004c4c00000 NTAMS 0x00000004c4c00000 space 4096K,   0% used [0x00000004c4c00000, 0x00000004c5000000)
AC   0  F    TS     0 PTAMS 0x00000004c5000000 NTAMS 0x00000004c5000000 space 4096K,   0% used [0x00000004c5000000, 0x00000004c5400000)
AC   0  F    TS     0 PTAMS 0x00000004c5400000 NTAMS 0x00000004c5400000 space 4096K,   0% used [0x00000004c5400000, 0x00000004c5800000)
AC   0  F    TS     0 PTAMS 0x00000004c5800000 NTAMS 0x00000004c5800000 space 4096K,   0% used [0x00000004c5800000, 0x00000004c5c00000)
AC   0  F    TS     0 PTAMS 0x00000004c5c00000 NTAMS 0x00000004c5c00000 space 4096K,   0% used [0x00000004c5c00000, 0x00000004c6000000)
AC   0  F    TS     0 PTAMS 0x00000004c6000000 NTAMS 0x00000004c6000000 space 4096K,   0% used [0x00000004c6000000, 0x00000004c6400000)
AC   0  F    TS     0 PTAMS 0x00000004c6400000 NTAMS 0x00000004c6400000 space 4096K,   0% used [0x00000004c6400000, 0x00000004c6800000)
AC   0  F    TS     0 PTAMS 0x00000004c6800000 NTAMS 0x00000004c6800000 space 4096K,   0% used [0x00000004c6800000, 0x00000004c6c00000)
AC   0  F    TS     0 PTAMS 0x00000004c6c00000 NTAMS 0x00000004c6c00000 space 4096K,   0% used [0x00000004c6c00000, 0x00000004c7000000)
AC   0  F    TS     0 PTAMS 0x00000004c7000000 NTAMS 0x00000004c7000000 space 4096K,   0% used [0x00000004c7000000, 0x00000004c7400000)
AC   0  F    TS     0 PTAMS 0x00000004c7400000 NTAMS 0x00000004c7400000 space 4096K,   0% used [0x00000004c7400000, 0x00000004c7800000)
AC   0  F    TS     0 PTAMS 0x00000004c7800000 NTAMS 0x00000004c7800000 space 4096K,   0% used [0x00000004c7800000, 0x00000004c7c00000)
AC   0  F    TS     0 PTAMS 0x00000004c7c00000 NTAMS 0x00000004c7c00000 space 4096K,   0% used [0x00000004c7c00000, 0x00000004c8000000)
AC   0  F    TS     0 PTAMS 0x00000004c8000000 NTAMS 0x00000004c8000000 space 4096K,   0% used [0x00000004c8000000, 0x00000004c8400000)
AC   0  F    TS     0 PTAMS 0x00000004c8400000 NTAMS 0x00000004c8400000 space 4096K,   0% used [0x00000004c8400000, 0x00000004c8800000)
AC   0  F    TS     0 PTAMS 0x00000004c8800000 NTAMS 0x00000004c8800000 space 4096K,   0% used [0x00000004c8800000, 0x00000004c8c00000)
AC   0  F    TS     0 PTAMS 0x00000004c8c00000 NTAMS 0x00000004c8c00000 space 4096K,   0% used [0x00000004c8c00000, 0x00000004c9000000)
AC   0  F    TS     0 PTAMS 0x00000004c9000000 NTAMS 0x00000004c9000000 space 4096K,   0% used [0x00000004c9000000, 0x00000004c9400000)
AC   0  F    TS     0 PTAMS 0x00000004c9400000 NTAMS 0x00000004c9400000 space 4096K,   0% used [0x00000004c9400000, 0x00000004c9800000)
AC   0  F    TS     0 PTAMS 0x00000004c9800000 NTAMS 0x00000004c9800000 space 4096K,   0% used [0x00000004c9800000, 0x00000004c9c00000)
AC   0  F    TS     0 PTAMS 0x00000004c9c00000 NTAMS 0x00000004c9c00000 space 4096K,   0% used [0x00000004c9c00000, 0x00000004ca000000)
AC   0  F    TS     0 PTAMS 0x00000004ca000000 NTAMS 0x00000004ca000000 space 4096K,   0% used [0x00000004ca000000, 0x00000004ca400000)
AC   0  F    TS     0 PTAMS 0x00000004ca400000 NTAMS 0x00000004ca400000 space 4096K,   0% used [0x00000004ca400000, 0x00000004ca800000)
AC   0  F    TS     0 PTAMS 0x00000004ca800000 NTAMS 0x00000004ca800000 space 4096K,   0% used [0x00000004ca800000, 0x00000004cac00000)
AC   0  F    TS     0 PTAMS 0x00000004cac00000 NTAMS 0x00000004cac00000 space 4096K,   0% used [0x00000004cac00000, 0x00000004cb000000)
AC   0  F    TS     0 PTAMS 0x00000004cb000000 NTAMS 0x00000004cb000000 space 4096K,   0% used [0x00000004cb000000, 0x00000004cb400000)
AC   0  F    TS     0 PTAMS 0x00000004cb400000 NTAMS 0x00000004cb400000 space 4096K,   0% used [0x00000004cb400000, 0x00000004cb800000)
AC   0  F    TS     0 PTAMS 0x00000004cb800000 NTAMS 0x00000004cb800000 space 4096K,   0% used [0x00000004cb800000, 0x00000004cbc00000)
AC   0  F    TS     0 PTAMS 0x00000004cbc00000 NTAMS 0x00000004cbc00000 space 4096K,   0% used [0x00000004cbc00000, 0x00000004cc000000)
AC   0  F    TS     0 PTAMS 0x00000004cc000000 NTAMS 0x00000004cc000000 space 4096K,   0% used [0x00000004cc000000, 0x00000004cc400000)
AC   0  F    TS     0 PTAMS 0x00000004cc400000 NTAMS 0x00000004cc400000 space 4096K,   0% used [0x00000004cc400000, 0x00000004cc800000)
AC   0  F    TS     0 PTAMS 0x00000004cc800000 NTAMS 0x00000004cc800000 space 4096K,   0% used [0x00000004cc800000, 0x00000004ccc00000)
AC   0  F    TS     0 PTAMS 0x00000004ccc00000 NTAMS 0x00000004ccc00000 space 4096K,   0% used [0x00000004ccc00000, 0x00000004cd000000)
AC   0  F    TS     0 PTAMS 0x00000004cd000000 NTAMS 0x00000004cd000000 space 4096K,   0% used [0x00000004cd000000, 0x00000004cd400000)
AC   0  F    TS     0 PTAMS 0x00000004cd400000 NTAMS 0x00000004cd400000 space 4096K,   0% used [0x00000004cd400000, 0x00000004cd800000)
AC   0  F    TS     0 PTAMS 0x00000004cd800000 NTAMS 0x00000004cd800000 space 4096K,   0% used [0x00000004cd800000, 0x00000004cdc00000)
AC   0  F    TS     0 PTAMS 0x00000004cdc00000 NTAMS 0x00000004cdc00000 space 4096K,   0% used [0x00000004cdc00000, 0x00000004ce000000)
AC   0  F    TS     0 PTAMS 0x00000004ce000000 NTAMS 0x00000004ce000000 space 4096K,   0% used [0x00000004ce000000, 0x00000004ce400000)
AC   0  F    TS     0 PTAMS 0x00000004ce400000 NTAMS 0x00000004ce400000 space 4096K,   0% used [0x00000004ce400000, 0x00000004ce800000)
AC   0  F    TS     0 PTAMS 0x00000004ce800000 NTAMS 0x00000004ce800000 space 4096K,   0% used [0x00000004ce800000, 0x00000004cec00000)
AC   0  F    TS     0 PTAMS 0x00000004cec00000 NTAMS 0x00000004cec00000 space 4096K,   0% used [0x00000004cec00000, 0x00000004cf000000)
AC   0  F    TS     0 PTAMS 0x00000004cf000000 NTAMS 0x00000004cf000000 space 4096K,   0% used [0x00000004cf000000, 0x00000004cf400000)
AC   0  F    TS     0 PTAMS 0x00000004cf400000 NTAMS 0x00000004cf400000 space 4096K,   0% used [0x00000004cf400000, 0x00000004cf800000)
AC   0  F    TS     0 PTAMS 0x00000004cf800000 NTAMS 0x00000004cf800000 space 4096K,   0% used [0x00000004cf800000, 0x00000004cfc00000)
AC   0  F    TS     0 PTAMS 0x00000004cfc00000 NTAMS 0x00000004cfc00000 space 4096K,   0% used [0x00000004cfc00000, 0x00000004d0000000)
AC   0  F    TS     0 PTAMS 0x00000004d0000000 NTAMS 0x00000004d0000000 space 4096K,   0% used [0x00000004d0000000, 0x00000004d0400000)
AC   0  F    TS     0 PTAMS 0x00000004d0400000 NTAMS 0x00000004d0400000 space 4096K,   0% used [0x00000004d0400000, 0x00000004d0800000)
AC   0  F    TS     0 PTAMS 0x00000004d0800000 NTAMS 0x00000004d0800000 space 4096K,   0% used [0x00000004d0800000, 0x00000004d0c00000)
AC   0  F    TS     0 PTAMS 0x00000004d0c00000 NTAMS 0x00000004d0c00000 space 4096K,   0% used [0x00000004d0c00000, 0x00000004d1000000)
AC   0  F    TS     0 PTAMS 0x00000004d1000000 NTAMS 0x00000004d1000000 space 4096K,   0% used [0x00000004d1000000, 0x00000004d1400000)
AC   0  F    TS     0 PTAMS 0x00000004d1400000 NTAMS 0x00000004d1400000 space 4096K,   0% used [0x00000004d1400000, 0x00000004d1800000)
AC   0  F    TS     0 PTAMS 0x00000004d1800000 NTAMS 0x00000004d1800000 space 4096K,   0% used [0x00000004d1800000, 0x00000004d1c00000)
AC   0  F    TS     0 PTAMS 0x00000004d1c00000 NTAMS 0x00000004d1c00000 space 4096K,   0% used [0x00000004d1c00000, 0x00000004d2000000)
AC   0  F    TS     0 PTAMS 0x00000004d2000000 NTAMS 0x00000004d2000000 space 4096K,   0% used [0x00000004d2000000, 0x00000004d2400000)
AC   0  F    TS     0 PTAMS 0x00000004d2400000 NTAMS 0x00000004d2400000 space 4096K,   0% used [0x00000004d2400000, 0x00000004d2800000)
AC   0  F    TS     0 PTAMS 0x00000004d2800000 NTAMS 0x00000004d2800000 space 4096K,   0% used [0x00000004d2800000, 0x00000004d2c00000)
AC   0  F    TS     0 PTAMS 0x00000004d2c00000 NTAMS 0x00000004d2c00000 space 4096K,   0% used [0x00000004d2c00000, 0x00000004d3000000)
AC   0  F    TS     0 PTAMS 0x00000004d3000000 NTAMS 0x00000004d3000000 space 4096K,   0% used [0x00000004d3000000, 0x00000004d3400000)
AC   0  F    TS     0 PTAMS 0x00000004d3400000 NTAMS 0x00000004d3400000 space 4096K,   0% used [0x00000004d3400000, 0x00000004d3800000)
AC   0  F    TS     0 PTAMS 0x00000004d3800000 NTAMS 0x00000004d3800000 space 4096K,   0% used [0x00000004d3800000, 0x00000004d3c00000)
AC   0  F    TS     0 PTAMS 0x00000004d3c00000 NTAMS 0x00000004d3c00000 space 4096K,   0% used [0x00000004d3c00000, 0x00000004d4000000)
AC   0  F    TS     0 PTAMS 0x00000004d4000000 NTAMS 0x00000004d4000000 space 4096K,   0% used [0x00000004d4000000, 0x00000004d4400000)
AC   0  F    TS     0 PTAMS 0x00000004d4400000 NTAMS 0x00000004d4400000 space 4096K,   0% used [0x00000004d4400000, 0x00000004d4800000)
AC   0  F    TS     0 PTAMS 0x00000004d4800000 NTAMS 0x00000004d4800000 space 4096K,   0% used [0x00000004d4800000, 0x00000004d4c00000)
AC   0  F    TS     0 PTAMS 0x00000004d4c00000 NTAMS 0x00000004d4c00000 space 4096K,   0% used [0x00000004d4c00000, 0x00000004d5000000)
AC   0  F    TS     0 PTAMS 0x00000004d5000000 NTAMS 0x00000004d5000000 space 4096K,   0% used [0x00000004d5000000, 0x00000004d5400000)
AC   0  F    TS     0 PTAMS 0x00000004d5400000 NTAMS 0x00000004d5400000 space 4096K,   0% used [0x00000004d5400000, 0x00000004d5800000)
AC   0  F    TS     0 PTAMS 0x00000004d5800000 NTAMS 0x00000004d5800000 space 4096K,   0% used [0x00000004d5800000, 0x00000004d5c00000)
AC   0  F    TS     0 PTAMS 0x00000004d5c00000 NTAMS 0x00000004d5c00000 space 4096K,   0% used [0x00000004d5c00000, 0x00000004d6000000)
AC   0  F    TS     0 PTAMS 0x00000004d6000000 NTAMS 0x00000004d6000000 space 4096K,   0% used [0x00000004d6000000, 0x00000004d6400000)
AC   0  F    TS     0 PTAMS 0x00000004d6400000 NTAMS 0x00000004d6400000 space 4096K,   0% used [0x00000004d6400000, 0x00000004d6800000)
AC   0  F    TS     0 PTAMS 0x00000004d6800000 NTAMS 0x00000004d6800000 space 4096K,   0% used [0x00000004d6800000, 0x00000004d6c00000)
AC   0  F    TS     0 PTAMS 0x00000004d6c00000 NTAMS 0x00000004d6c00000 space 4096K,   0% used [0x00000004d6c00000, 0x00000004d7000000)
AC   0  F    TS     0 PTAMS 0x00000004d7000000 NTAMS 0x00000004d7000000 space 4096K,   0% used [0x00000004d7000000, 0x00000004d7400000)
AC   0  F    TS     0 PTAMS 0x00000004d7400000 NTAMS 0x00000004d7400000 space 4096K,   0% used [0x00000004d7400000, 0x00000004d7800000)
AC   0  F    TS     0 PTAMS 0x00000004d7800000 NTAMS 0x00000004d7800000 space 4096K,   0% used [0x00000004d7800000, 0x00000004d7c00000)
AC   0  F    TS     0 PTAMS 0x00000004d7c00000 NTAMS 0x00000004d7c00000 space 4096K,   0% used [0x00000004d7c00000, 0x00000004d8000000)
AC   0  F    TS     0 PTAMS 0x00000004d8000000 NTAMS 0x00000004d8000000 space 4096K,   0% used [0x00000004d8000000, 0x00000004d8400000)
AC   0  F    TS     0 PTAMS 0x00000004d8400000 NTAMS 0x00000004d8400000 space 4096K,   0% used [0x00000004d8400000, 0x00000004d8800000)
AC   0  F    TS     0 PTAMS 0x00000004d8800000 NTAMS 0x00000004d8800000 space 4096K,   0% used [0x00000004d8800000, 0x00000004d8c00000)
AC   0  F    TS     0 PTAMS 0x00000004d8c00000 NTAMS 0x00000004d8c00000 space 4096K,   0% used [0x00000004d8c00000, 0x00000004d9000000)
AC   0  F    TS     0 PTAMS 0x00000004d9000000 NTAMS 0x00000004d9000000 space 4096K,   0% used [0x00000004d9000000, 0x00000004d9400000)
AC   0  F    TS     0 PTAMS 0x00000004d9400000 NTAMS 0x00000004d9400000 space 4096K,   0% used [0x00000004d9400000, 0x00000004d9800000)
AC   0  F    TS     0 PTAMS 0x00000004d9800000 NTAMS 0x00000004d9800000 space 4096K,   0% used [0x00000004d9800000, 0x00000004d9c00000)
AC   0  F    TS     0 PTAMS 0x00000004d9c00000 NTAMS 0x00000004d9c00000 space 4096K,   0% used [0x00000004d9c00000, 0x00000004da000000)
AC   0  F    TS     0 PTAMS 0x00000004da000000 NTAMS 0x00000004da000000 space 4096K,   0% used [0x00000004da000000, 0x00000004da400000)
AC   0  F    TS     0 PTAMS 0x00000004da400000 NTAMS 0x00000004da400000 space 4096K,   0% used [0x00000004da400000, 0x00000004da800000)
AC   0  F    TS     0 PTAMS 0x00000004da800000 NTAMS 0x00000004da800000 space 4096K,   0% used [0x00000004da800000, 0x00000004dac00000)
AC   0  F    TS     0 PTAMS 0x00000004dac00000 NTAMS 0x00000004dac00000 space 4096K,   0% used [0x00000004dac00000, 0x00000004db000000)
AC   0  F    TS     0 PTAMS 0x00000004db000000 NTAMS 0x00000004db000000 space 4096K,   0% used [0x00000004db000000, 0x00000004db400000)
AC   0  F    TS     0 PTAMS 0x00000004db400000 NTAMS 0x00000004db400000 space 4096K,   0% used [0x00000004db400000, 0x00000004db800000)
AC   0  F    TS     0 PTAMS 0x00000004db800000 NTAMS 0x00000004db800000 space 4096K,   0% used [0x00000004db800000, 0x00000004dbc00000)
AC   0  F    TS     0 PTAMS 0x00000004dbc00000 NTAMS 0x00000004dbc00000 space 4096K,   0% used [0x00000004dbc00000, 0x00000004dc000000)
AC   0  F    TS     0 PTAMS 0x00000004dc000000 NTAMS 0x00000004dc000000 space 4096K,   0% used [0x00000004dc000000, 0x00000004dc400000)
AC   0  F    TS     0 PTAMS 0x00000004dc400000 NTAMS 0x00000004dc400000 space 4096K,   0% used [0x00000004dc400000, 0x00000004dc800000)
AC   0  F    TS     0 PTAMS 0x00000004dc800000 NTAMS 0x00000004dc800000 space 4096K,   0% used [0x00000004dc800000, 0x00000004dcc00000)
AC   0  F    TS     0 PTAMS 0x00000004dcc00000 NTAMS 0x00000004dcc00000 space 4096K,   0% used [0x00000004dcc00000, 0x00000004dd000000)
AC   0  F    TS     0 PTAMS 0x00000004dd000000 NTAMS 0x00000004dd000000 space 4096K,   0% used [0x00000004dd000000, 0x00000004dd400000)
AC   0  F    TS     0 PTAMS 0x00000004dd400000 NTAMS 0x00000004dd400000 space 4096K,   0% used [0x00000004dd400000, 0x00000004dd800000)
AC   0  F    TS     0 PTAMS 0x00000004dd800000 NTAMS 0x00000004dd800000 space 4096K,   0% used [0x00000004dd800000, 0x00000004ddc00000)
AC   0  F    TS     0 PTAMS 0x00000004ddc00000 NTAMS 0x00000004ddc00000 space 4096K,   0% used [0x00000004ddc00000, 0x00000004de000000)
AC   0  F    TS     0 PTAMS 0x00000004de000000 NTAMS 0x00000004de000000 space 4096K,   0% used [0x00000004de000000, 0x00000004de400000)
AC   0  F    TS     0 PTAMS 0x00000004de400000 NTAMS 0x00000004de400000 space 4096K,   0% used [0x00000004de400000, 0x00000004de800000)
AC   0  F    TS     0 PTAMS 0x00000004de800000 NTAMS 0x00000004de800000 space 4096K,   0% used [0x00000004de800000, 0x00000004dec00000)
AC   0  F    TS     0 PTAMS 0x00000004dec00000 NTAMS 0x00000004dec00000 space 4096K,   0% used [0x00000004dec00000, 0x00000004df000000)
AC   0  F    TS     0 PTAMS 0x00000004df000000 NTAMS 0x00000004df000000 space 4096K,   0% used [0x00000004df000000, 0x00000004df400000)
AC   0  F    TS     0 PTAMS 0x00000004df400000 NTAMS 0x00000004df400000 space 4096K,   0% used [0x00000004df400000, 0x00000004df800000)
AC   0  F    TS     0 PTAMS 0x00000004df800000 NTAMS 0x00000004df800000 space 4096K,   0% used [0x00000004df800000, 0x00000004dfc00000)
AC   0  F    TS     0 PTAMS 0x00000004dfc00000 NTAMS 0x00000004dfc00000 space 4096K,   0% used [0x00000004dfc00000, 0x00000004e0000000)
AC   0  F    TS     0 PTAMS 0x00000004e0000000 NTAMS 0x00000004e0000000 space 4096K,   0% used [0x00000004e0000000, 0x00000004e0400000)
AC   0  F    TS     0 PTAMS 0x00000004e0400000 NTAMS 0x00000004e0400000 space 4096K,   0% used [0x00000004e0400000, 0x00000004e0800000)
AC   0  F    TS     0 PTAMS 0x00000004e0800000 NTAMS 0x00000004e0800000 space 4096K,   0% used [0x00000004e0800000, 0x00000004e0c00000)
AC   0  F    TS     0 PTAMS 0x00000004e0c00000 NTAMS 0x00000004e0c00000 space 4096K,   0% used [0x00000004e0c00000, 0x00000004e1000000)
AC   0  F    TS     0 PTAMS 0x00000004e1000000 NTAMS 0x00000004e1000000 space 4096K,   0% used [0x00000004e1000000, 0x00000004e1400000)
AC   0  F    TS     0 PTAMS 0x00000004e1400000 NTAMS 0x00000004e1400000 space 4096K,   0% used [0x00000004e1400000, 0x00000004e1800000)
AC   0  F    TS     0 PTAMS 0x00000004e1800000 NTAMS 0x00000004e1800000 space 4096K,   0% used [0x00000004e1800000, 0x00000004e1c00000)
AC   0  F    TS     0 PTAMS 0x00000004e1c00000 NTAMS 0x00000004e1c00000 space 4096K,   0% used [0x00000004e1c00000, 0x00000004e2000000)
AC   0  F    TS     0 PTAMS 0x00000004e2000000 NTAMS 0x00000004e2000000 space 4096K,   0% used [0x00000004e2000000, 0x00000004e2400000)
AC   0  F    TS     0 PTAMS 0x00000004e2400000 NTAMS 0x00000004e2400000 space 4096K,   0% used [0x00000004e2400000, 0x00000004e2800000)
AC   0  F    TS     0 PTAMS 0x00000004e2800000 NTAMS 0x00000004e2800000 space 4096K,   0% used [0x00000004e2800000, 0x00000004e2c00000)
AC   0  F    TS     0 PTAMS 0x00000004e2c00000 NTAMS 0x00000004e2c00000 space 4096K,   0% used [0x00000004e2c00000, 0x00000004e3000000)
AC   0  F    TS     0 PTAMS 0x00000004e3000000 NTAMS 0x00000004e3000000 space 4096K,   0% used [0x00000004e3000000, 0x00000004e3400000)
AC   0  F    TS     0 PTAMS 0x00000004e3400000 NTAMS 0x00000004e3400000 space 4096K,   0% used [0x00000004e3400000, 0x00000004e3800000)
AC   0  F    TS     0 PTAMS 0x00000004e3800000 NTAMS 0x00000004e3800000 space 4096K,   0% used [0x00000004e3800000, 0x00000004e3c00000)
AC   0  F    TS     0 PTAMS 0x00000004e3c00000 NTAMS 0x00000004e3c00000 space 4096K,   0% used [0x00000004e3c00000, 0x00000004e4000000)
AC   0  F    TS     0 PTAMS 0x00000004e4000000 NTAMS 0x00000004e4000000 space 4096K,   0% used [0x00000004e4000000, 0x00000004e4400000)
AC   0  F    TS     0 PTAMS 0x00000004e4400000 NTAMS 0x00000004e4400000 space 4096K,   0% used [0x00000004e4400000, 0x00000004e4800000)
AC   0  F    TS     0 PTAMS 0x00000004e4800000 NTAMS 0x00000004e4800000 space 4096K,   0% used [0x00000004e4800000, 0x00000004e4c00000)
AC   0  F    TS     0 PTAMS 0x00000004e4c00000 NTAMS 0x00000004e4c00000 space 4096K,   0% used [0x00000004e4c00000, 0x00000004e5000000)
AC   0  F    TS     0 PTAMS 0x00000004e5000000 NTAMS 0x00000004e5000000 space 4096K,   0% used [0x00000004e5000000, 0x00000004e5400000)
AC   0  F    TS     0 PTAMS 0x00000004e5400000 NTAMS 0x00000004e5400000 space 4096K,   0% used [0x00000004e5400000, 0x00000004e5800000)
AC   0  F    TS     0 PTAMS 0x00000004e5800000 NTAMS 0x00000004e5800000 space 4096K,   0% used [0x00000004e5800000, 0x00000004e5c00000)
AC   0  F    TS     0 PTAMS 0x00000004e5c00000 NTAMS 0x00000004e5c00000 space 4096K,   0% used [0x00000004e5c00000, 0x00000004e6000000)
AC   0  F    TS     0 PTAMS 0x00000004e6000000 NTAMS 0x00000004e6000000 space 4096K,   0% used [0x00000004e6000000, 0x00000004e6400000)
AC   0  F    TS     0 PTAMS 0x00000004e6400000 NTAMS 0x00000004e6400000 space 4096K,   0% used [0x00000004e6400000, 0x00000004e6800000)
AC   0  F    TS     0 PTAMS 0x00000004e6800000 NTAMS 0x00000004e6800000 space 4096K,   0% used [0x00000004e6800000, 0x00000004e6c00000)
AC   0  F    TS     0 PTAMS 0x00000004e6c00000 NTAMS 0x00000004e6c00000 space 4096K,   0% used [0x00000004e6c00000, 0x00000004e7000000)
AC   0  F    TS     0 PTAMS 0x00000004e7000000 NTAMS 0x00000004e7000000 space 4096K,   0% used [0x00000004e7000000, 0x00000004e7400000)
AC   0  F    TS     0 PTAMS 0x00000004e7400000 NTAMS 0x00000004e7400000 space 4096K,   0% used [0x00000004e7400000, 0x00000004e7800000)
AC   0  F    TS     0 PTAMS 0x00000004e7800000 NTAMS 0x00000004e7800000 space 4096K,   0% used [0x00000004e7800000, 0x00000004e7c00000)
AC   0  F    TS     0 PTAMS 0x00000004e7c00000 NTAMS 0x00000004e7c00000 space 4096K,   0% used [0x00000004e7c00000, 0x00000004e8000000)
AC   0  F    TS     0 PTAMS 0x00000004e8000000 NTAMS 0x00000004e8000000 space 4096K,   0% used [0x00000004e8000000, 0x00000004e8400000)
AC   0  F    TS     0 PTAMS 0x00000004e8400000 NTAMS 0x00000004e8400000 space 4096K,   0% used [0x00000004e8400000, 0x00000004e8800000)
AC   0  F    TS     0 PTAMS 0x00000004e8800000 NTAMS 0x00000004e8800000 space 4096K,   0% used [0x00000004e8800000, 0x00000004e8c00000)
AC   0  F    TS     0 PTAMS 0x00000004e8c00000 NTAMS 0x00000004e8c00000 space 4096K,   0% used [0x00000004e8c00000, 0x00000004e9000000)
AC   0  F    TS     0 PTAMS 0x00000004e9000000 NTAMS 0x00000004e9000000 space 4096K,   0% used [0x00000004e9000000, 0x00000004e9400000)
AC   0  F    TS     0 PTAMS 0x00000004e9400000 NTAMS 0x00000004e9400000 space 4096K,   0% used [0x00000004e9400000, 0x00000004e9800000)
AC   0  F    TS     0 PTAMS 0x00000004e9800000 NTAMS 0x00000004e9800000 space 4096K,   0% used [0x00000004e9800000, 0x00000004e9c00000)
AC   0  F    TS     0 PTAMS 0x00000004e9c00000 NTAMS 0x00000004e9c00000 space 4096K,   0% used [0x00000004e9c00000, 0x00000004ea000000)
AC   0  F    TS     0 PTAMS 0x00000004ea000000 NTAMS 0x00000004ea000000 space 4096K,   0% used [0x00000004ea000000, 0x00000004ea400000)
AC   0  F    TS     0 PTAMS 0x00000004ea400000 NTAMS 0x00000004ea400000 space 4096K,   0% used [0x00000004ea400000, 0x00000004ea800000)
AC   0  F    TS     0 PTAMS 0x00000004ea800000 NTAMS 0x00000004ea800000 space 4096K,   0% used [0x00000004ea800000, 0x00000004eac00000)
AC   0  F    TS     0 PTAMS 0x00000004eac00000 NTAMS 0x00000004eac00000 space 4096K,   0% used [0x00000004eac00000, 0x00000004eb000000)
AC   0  F    TS     0 PTAMS 0x00000004eb000000 NTAMS 0x00000004eb000000 space 4096K,   0% used [0x00000004eb000000, 0x00000004eb400000)
AC   0  F    TS     0 PTAMS 0x00000004eb400000 NTAMS 0x00000004eb400000 space 4096K,   0% used [0x00000004eb400000, 0x00000004eb800000)
AC   0  F    TS     0 PTAMS 0x00000004eb800000 NTAMS 0x00000004eb800000 space 4096K,   0% used [0x00000004eb800000, 0x00000004ebc00000)
AC   0  F    TS     0 PTAMS 0x00000004ebc00000 NTAMS 0x00000004ebc00000 space 4096K,   0% used [0x00000004ebc00000, 0x00000004ec000000)
AC   0  F    TS     0 PTAMS 0x00000004ec000000 NTAMS 0x00000004ec000000 space 4096K,   0% used [0x00000004ec000000, 0x00000004ec400000)
AC   0  F    TS     0 PTAMS 0x00000004ec400000 NTAMS 0x00000004ec400000 space 4096K,   0% used [0x00000004ec400000, 0x00000004ec800000)
AC   0  F    TS     0 PTAMS 0x00000004ec800000 NTAMS 0x00000004ec800000 space 4096K,   0% used [0x00000004ec800000, 0x00000004ecc00000)
AC   0  F    TS     0 PTAMS 0x00000004ecc00000 NTAMS 0x00000004ecc00000 space 4096K,   0% used [0x00000004ecc00000, 0x00000004ed000000)
AC   0  F    TS     0 PTAMS 0x00000004ed000000 NTAMS 0x00000004ed000000 space 4096K,   0% used [0x00000004ed000000, 0x00000004ed400000)
AC   0  F    TS     0 PTAMS 0x00000004ed400000 NTAMS 0x00000004ed400000 space 4096K,   0% used [0x00000004ed400000, 0x00000004ed800000)
AC   0  F    TS     0 PTAMS 0x00000004ed800000 NTAMS 0x00000004ed800000 space 4096K,   0% used [0x00000004ed800000, 0x00000004edc00000)
AC   0  F    TS     0 PTAMS 0x00000004edc00000 NTAMS 0x00000004edc00000 space 4096K,   0% used [0x00000004edc00000, 0x00000004ee000000)
AC   0  F    TS     0 PTAMS 0x00000004ee000000 NTAMS 0x00000004ee000000 space 4096K,   0% used [0x00000004ee000000, 0x00000004ee400000)
AC   0  F    TS     0 PTAMS 0x00000004ee400000 NTAMS 0x00000004ee400000 space 4096K,   0% used [0x00000004ee400000, 0x00000004ee800000)
AC   0  F    TS     0 PTAMS 0x00000004ee800000 NTAMS 0x00000004ee800000 space 4096K,   0% used [0x00000004ee800000, 0x00000004eec00000)
AC   0  F    TS     0 PTAMS 0x00000004eec00000 NTAMS 0x00000004eec00000 space 4096K,   0% used [0x00000004eec00000, 0x00000004ef000000)
AC   0  F    TS     0 PTAMS 0x00000004ef000000 NTAMS 0x00000004ef000000 space 4096K,   0% used [0x00000004ef000000, 0x00000004ef400000)
AC   0  F    TS     0 PTAMS 0x00000004ef400000 NTAMS 0x00000004ef400000 space 4096K,   0% used [0x00000004ef400000, 0x00000004ef800000)
AC   0  F    TS     0 PTAMS 0x00000004ef800000 NTAMS 0x00000004ef800000 space 4096K,   0% used [0x00000004ef800000, 0x00000004efc00000)
AC   0  F    TS     0 PTAMS 0x00000004efc00000 NTAMS 0x00000004efc00000 space 4096K,   0% used [0x00000004efc00000, 0x00000004f0000000)
AC   0  F    TS     0 PTAMS 0x00000004f0000000 NTAMS 0x00000004f0000000 space 4096K,   0% used [0x00000004f0000000, 0x00000004f0400000)
AC   0  F    TS     0 PTAMS 0x00000004f0400000 NTAMS 0x00000004f0400000 space 4096K,   0% used [0x00000004f0400000, 0x00000004f0800000)
AC   0  F    TS     0 PTAMS 0x00000004f0800000 NTAMS 0x00000004f0800000 space 4096K,   0% used [0x00000004f0800000, 0x00000004f0c00000)
AC   0  F    TS     0 PTAMS 0x00000004f0c00000 NTAMS 0x00000004f0c00000 space 4096K,   0% used [0x00000004f0c00000, 0x00000004f1000000)
AC   0  F    TS     0 PTAMS 0x00000004f1000000 NTAMS 0x00000004f1000000 space 4096K,   0% used [0x00000004f1000000, 0x00000004f1400000)
AC   0  F    TS     0 PTAMS 0x00000004f1400000 NTAMS 0x00000004f1400000 space 4096K,   0% used [0x00000004f1400000, 0x00000004f1800000)
AC   0  F    TS     0 PTAMS 0x00000004f1800000 NTAMS 0x00000004f1800000 space 4096K,   0% used [0x00000004f1800000, 0x00000004f1c00000)
AC   0  F    TS     0 PTAMS 0x00000004f1c00000 NTAMS 0x00000004f1c00000 space 4096K,   0% used [0x00000004f1c00000, 0x00000004f2000000)
AC   0  F    TS     0 PTAMS 0x00000004f2000000 NTAMS 0x00000004f2000000 space 4096K,   0% used [0x00000004f2000000, 0x00000004f2400000)
AC   0  F    TS     0 PTAMS 0x00000004f2400000 NTAMS 0x00000004f2400000 space 4096K,   0% used [0x00000004f2400000, 0x00000004f2800000)
AC   0  F    TS     0 PTAMS 0x00000004f2800000 NTAMS 0x00000004f2800000 space 4096K,   0% used [0x00000004f2800000, 0x00000004f2c00000)
AC   0  F    TS     0 PTAMS 0x00000004f2c00000 NTAMS 0x00000004f2c00000 space 4096K,   0% used [0x00000004f2c00000, 0x00000004f3000000)
AC   0  F    TS     0 PTAMS 0x00000004f3000000 NTAMS 0x00000004f3000000 space 4096K,   0% used [0x00000004f3000000, 0x00000004f3400000)
AC   0  F    TS     0 PTAMS 0x00000004f3400000 NTAMS 0x00000004f3400000 space 4096K,   0% used [0x00000004f3400000, 0x00000004f3800000)
AC   0  F    TS     0 PTAMS 0x00000004f3800000 NTAMS 0x00000004f3800000 space 4096K,   0% used [0x00000004f3800000, 0x00000004f3c00000)
AC   0  F    TS     0 PTAMS 0x00000004f3c00000 NTAMS 0x00000004f3c00000 space 4096K,   0% used [0x00000004f3c00000, 0x00000004f4000000)
AC   0  F    TS     0 PTAMS 0x00000004f4000000 NTAMS 0x00000004f4000000 space 4096K,   0% used [0x00000004f4000000, 0x00000004f4400000)
AC   0  F    TS     0 PTAMS 0x00000004f4400000 NTAMS 0x00000004f4400000 space 4096K,   0% used [0x00000004f4400000, 0x00000004f4800000)
AC   0  F    TS     0 PTAMS 0x00000004f4800000 NTAMS 0x00000004f4800000 space 4096K,   0% used [0x00000004f4800000, 0x00000004f4c00000)
AC   0  F    TS     0 PTAMS 0x00000004f4c00000 NTAMS 0x00000004f4c00000 space 4096K,   0% used [0x00000004f4c00000, 0x00000004f5000000)
AC   0  F    TS     0 PTAMS 0x00000004f5000000 NTAMS 0x00000004f5000000 space 4096K,   0% used [0x00000004f5000000, 0x00000004f5400000)
AC   0  F    TS     0 PTAMS 0x00000004f5400000 NTAMS 0x00000004f5400000 space 4096K,   0% used [0x00000004f5400000, 0x00000004f5800000)
AC   0  F    TS     0 PTAMS 0x00000004f5800000 NTAMS 0x00000004f5800000 space 4096K,   0% used [0x00000004f5800000, 0x00000004f5c00000)
AC   0  F    TS     0 PTAMS 0x00000004f5c00000 NTAMS 0x00000004f5c00000 space 4096K,   0% used [0x00000004f5c00000, 0x00000004f6000000)
AC   0  F    TS     0 PTAMS 0x00000004f6000000 NTAMS 0x00000004f6000000 space 4096K,   0% used [0x00000004f6000000, 0x00000004f6400000)
AC   0  F    TS     0 PTAMS 0x00000004f6400000 NTAMS 0x00000004f6400000 space 4096K,   0% used [0x00000004f6400000, 0x00000004f6800000)
AC   0  F    TS     0 PTAMS 0x00000004f6800000 NTAMS 0x00000004f6800000 space 4096K,   0% used [0x00000004f6800000, 0x00000004f6c00000)
AC   0  F    TS     0 PTAMS 0x00000004f6c00000 NTAMS 0x00000004f6c00000 space 4096K,   0% used [0x00000004f6c00000, 0x00000004f7000000)
AC   0  F    TS     0 PTAMS 0x00000004f7000000 NTAMS 0x00000004f7000000 space 4096K,   0% used [0x00000004f7000000, 0x00000004f7400000)
AC   0  F    TS     0 PTAMS 0x00000004f7400000 NTAMS 0x00000004f7400000 space 4096K,   0% used [0x00000004f7400000, 0x00000004f7800000)
AC   0  F    TS     0 PTAMS 0x00000004f7800000 NTAMS 0x00000004f7800000 space 4096K,   0% used [0x00000004f7800000, 0x00000004f7c00000)
AC   0  F    TS     0 PTAMS 0x00000004f7c00000 NTAMS 0x00000004f7c00000 space 4096K,   0% used [0x00000004f7c00000, 0x00000004f8000000)
AC   0  F    TS     0 PTAMS 0x00000004f8000000 NTAMS 0x00000004f8000000 space 4096K,   0% used [0x00000004f8000000, 0x00000004f8400000)
AC   0  F    TS     0 PTAMS 0x00000004f8400000 NTAMS 0x00000004f8400000 space 4096K,   0% used [0x00000004f8400000, 0x00000004f8800000)
AC   0  F    TS     0 PTAMS 0x00000004f8800000 NTAMS 0x00000004f8800000 space 4096K,   0% used [0x00000004f8800000, 0x00000004f8c00000)
AC   0  F    TS     0 PTAMS 0x00000004f8c00000 NTAMS 0x00000004f8c00000 space 4096K,   0% used [0x00000004f8c00000, 0x00000004f9000000)
AC   0  F    TS     0 PTAMS 0x00000004f9000000 NTAMS 0x00000004f9000000 space 4096K,   0% used [0x00000004f9000000, 0x00000004f9400000)
AC   0  F    TS     0 PTAMS 0x00000004f9400000 NTAMS 0x00000004f9400000 space 4096K,   0% used [0x00000004f9400000, 0x00000004f9800000)
AC   0  F    TS     0 PTAMS 0x00000004f9800000 NTAMS 0x00000004f9800000 space 4096K,   0% used [0x00000004f9800000, 0x00000004f9c00000)
AC   0  F    TS     0 PTAMS 0x00000004f9c00000 NTAMS 0x00000004f9c00000 space 4096K,   0% used [0x00000004f9c00000, 0x00000004fa000000)
AC   0  F    TS     0 PTAMS 0x00000004fa000000 NTAMS 0x00000004fa000000 space 4096K,   0% used [0x00000004fa000000, 0x00000004fa400000)
AC   0  F    TS     0 PTAMS 0x00000004fa400000 NTAMS 0x00000004fa400000 space 4096K,   0% used [0x00000004fa400000, 0x00000004fa800000)
AC   0  F    TS     0 PTAMS 0x00000004fa800000 NTAMS 0x00000004fa800000 space 4096K,   0% used [0x00000004fa800000, 0x00000004fac00000)
AC   0  F    TS     0 PTAMS 0x00000004fac00000 NTAMS 0x00000004fac00000 space 4096K,   0% used [0x00000004fac00000, 0x00000004fb000000)
AC   0  F    TS     0 PTAMS 0x00000004fb000000 NTAMS 0x00000004fb000000 space 4096K,   0% used [0x00000004fb000000, 0x00000004fb400000)
AC   0  F    TS     0 PTAMS 0x00000004fb400000 NTAMS 0x00000004fb400000 space 4096K,   0% used [0x00000004fb400000, 0x00000004fb800000)
AC   0  F    TS     0 PTAMS 0x00000004fb800000 NTAMS 0x00000004fb800000 space 4096K,   0% used [0x00000004fb800000, 0x00000004fbc00000)
AC   0  F    TS     0 PTAMS 0x00000004fbc00000 NTAMS 0x00000004fbc00000 space 4096K,   0% used [0x00000004fbc00000, 0x00000004fc000000)
AC   0  F    TS     0 PTAMS 0x00000004fc000000 NTAMS 0x00000004fc000000 space 4096K,   0% used [0x00000004fc000000, 0x00000004fc400000)
AC   0  F    TS     0 PTAMS 0x00000004fc400000 NTAMS 0x00000004fc400000 space 4096K,   0% used [0x00000004fc400000, 0x00000004fc800000)
AC   0  F    TS     0 PTAMS 0x00000004fc800000 NTAMS 0x00000004fc800000 space 4096K,   0% used [0x00000004fc800000, 0x00000004fcc00000)
AC   0  F    TS     0 PTAMS 0x00000004fcc00000 NTAMS 0x00000004fcc00000 space 4096K,   0% used [0x00000004fcc00000, 0x00000004fd000000)
AC   0  F    TS     0 PTAMS 0x00000004fd000000 NTAMS 0x00000004fd000000 space 4096K,   0% used [0x00000004fd000000, 0x00000004fd400000)
AC   0  F    TS     0 PTAMS 0x00000004fd400000 NTAMS 0x00000004fd400000 space 4096K,   0% used [0x00000004fd400000, 0x00000004fd800000)
AC   0  F    TS     0 PTAMS 0x00000004fd800000 NTAMS 0x00000004fd800000 space 4096K,   0% used [0x00000004fd800000, 0x00000004fdc00000)
AC   0  F    TS     0 PTAMS 0x00000004fdc00000 NTAMS 0x00000004fdc00000 space 4096K,   0% used [0x00000004fdc00000, 0x00000004fe000000)
AC   0  F    TS     0 PTAMS 0x00000004fe000000 NTAMS 0x00000004fe000000 space 4096K,   0% used [0x00000004fe000000, 0x00000004fe400000)
AC   0  F    TS     0 PTAMS 0x00000004fe400000 NTAMS 0x00000004fe400000 space 4096K,   0% used [0x00000004fe400000, 0x00000004fe800000)
AC   0  F    TS     0 PTAMS 0x00000004fe800000 NTAMS 0x00000004fe800000 space 4096K,   0% used [0x00000004fe800000, 0x00000004fec00000)
AC   0  F    TS     0 PTAMS 0x00000004fec00000 NTAMS 0x00000004fec00000 space 4096K,   0% used [0x00000004fec00000, 0x00000004ff000000)
AC   0  F    TS     0 PTAMS 0x00000004ff000000 NTAMS 0x00000004ff000000 space 4096K,   0% used [0x00000004ff000000, 0x00000004ff400000)
AC   0  F    TS     0 PTAMS 0x00000004ff400000 NTAMS 0x00000004ff400000 space 4096K,   0% used [0x00000004ff400000, 0x00000004ff800000)
AC   0  F    TS     0 PTAMS 0x00000004ff800000 NTAMS 0x00000004ff800000 space 4096K,   0% used [0x00000004ff800000, 0x00000004ffc00000)
AC   0  F    TS     0 PTAMS 0x00000004ffc00000 NTAMS 0x00000004ffc00000 space 4096K,   0% used [0x00000004ffc00000, 0x0000000500000000)
AC   0  F    TS     0 PTAMS 0x0000000500000000 NTAMS 0x0000000500000000 space 4096K,   0% used [0x0000000500000000, 0x0000000500400000)
AC   0  F    TS     0 PTAMS 0x0000000500400000 NTAMS 0x0000000500400000 space 4096K,   0% used [0x0000000500400000, 0x0000000500800000)
AC   0  F    TS     0 PTAMS 0x0000000500800000 NTAMS 0x0000000500800000 space 4096K,   0% used [0x0000000500800000, 0x0000000500c00000)
AC   0  F    TS     0 PTAMS 0x0000000500c00000 NTAMS 0x0000000500c00000 space 4096K,   0% used [0x0000000500c00000, 0x0000000501000000)
AC   0  F    TS     0 PTAMS 0x0000000501000000 NTAMS 0x0000000501000000 space 4096K,   0% used [0x0000000501000000, 0x0000000501400000)
AC   0  F    TS     0 PTAMS 0x0000000501400000 NTAMS 0x0000000501400000 space 4096K,   0% used [0x0000000501400000, 0x0000000501800000)
AC   0  F    TS     0 PTAMS 0x0000000501800000 NTAMS 0x0000000501800000 space 4096K,   0% used [0x0000000501800000, 0x0000000501c00000)
AC   0  F    TS     0 PTAMS 0x0000000501c00000 NTAMS 0x0000000501c00000 space 4096K,   0% used [0x0000000501c00000, 0x0000000502000000)
AC   0  F    TS     0 PTAMS 0x0000000502000000 NTAMS 0x0000000502000000 space 4096K,   0% used [0x0000000502000000, 0x0000000502400000)
AC   0  F    TS     0 PTAMS 0x0000000502400000 NTAMS 0x0000000502400000 space 4096K,   0% used [0x0000000502400000, 0x0000000502800000)
AC   0  F    TS     0 PTAMS 0x0000000502800000 NTAMS 0x0000000502800000 space 4096K,   0% used [0x0000000502800000, 0x0000000502c00000)
AC   0  F    TS     0 PTAMS 0x0000000502c00000 NTAMS 0x0000000502c00000 space 4096K,   0% used [0x0000000502c00000, 0x0000000503000000)
AC   0  F    TS     0 PTAMS 0x0000000503000000 NTAMS 0x0000000503000000 space 4096K,   0% used [0x0000000503000000, 0x0000000503400000)
AC   0  F    TS     0 PTAMS 0x0000000503400000 NTAMS 0x0000000503400000 space 4096K,   0% used [0x0000000503400000, 0x0000000503800000)
AC   0  F    TS     0 PTAMS 0x0000000503800000 NTAMS 0x0000000503800000 space 4096K,   0% used [0x0000000503800000, 0x0000000503c00000)
AC   0  F    TS     0 PTAMS 0x0000000503c00000 NTAMS 0x0000000503c00000 space 4096K,   0% used [0x0000000503c00000, 0x0000000504000000)
AC   0  F    TS     0 PTAMS 0x0000000504000000 NTAMS 0x0000000504000000 space 4096K,   0% used [0x0000000504000000, 0x0000000504400000)
AC   0  F    TS     0 PTAMS 0x0000000504400000 NTAMS 0x0000000504400000 space 4096K,   0% used [0x0000000504400000, 0x0000000504800000)
AC   0  F    TS     0 PTAMS 0x0000000504800000 NTAMS 0x0000000504800000 space 4096K,   0% used [0x0000000504800000, 0x0000000504c00000)
AC   0  F    TS     0 PTAMS 0x0000000504c00000 NTAMS 0x0000000504c00000 space 4096K,   0% used [0x0000000504c00000, 0x0000000505000000)
AC   0  F    TS     0 PTAMS 0x0000000505000000 NTAMS 0x0000000505000000 space 4096K,   0% used [0x0000000505000000, 0x0000000505400000)
AC   0  F    TS     0 PTAMS 0x0000000505400000 NTAMS 0x0000000505400000 space 4096K,   0% used [0x0000000505400000, 0x0000000505800000)
AC   0  F    TS     0 PTAMS 0x0000000505800000 NTAMS 0x0000000505800000 space 4096K,   0% used [0x0000000505800000, 0x0000000505c00000)
AC   0  F    TS     0 PTAMS 0x0000000505c00000 NTAMS 0x0000000505c00000 space 4096K,   0% used [0x0000000505c00000, 0x0000000506000000)
AC   0  F    TS     0 PTAMS 0x0000000506000000 NTAMS 0x0000000506000000 space 4096K,   0% used [0x0000000506000000, 0x0000000506400000)
AC   0  F    TS     0 PTAMS 0x0000000506400000 NTAMS 0x0000000506400000 space 4096K,   0% used [0x0000000506400000, 0x0000000506800000)
AC   0  F    TS     0 PTAMS 0x0000000506800000 NTAMS 0x0000000506800000 space 4096K,   0% used [0x0000000506800000, 0x0000000506c00000)
AC   0  F    TS     0 PTAMS 0x0000000506c00000 NTAMS 0x0000000506c00000 space 4096K,   0% used [0x0000000506c00000, 0x0000000507000000)
AC   0  F    TS     0 PTAMS 0x0000000507000000 NTAMS 0x0000000507000000 space 4096K,   0% used [0x0000000507000000, 0x0000000507400000)
AC   0  F    TS     0 PTAMS 0x0000000507400000 NTAMS 0x0000000507400000 space 4096K,   0% used [0x0000000507400000, 0x0000000507800000)
AC   0  F    TS     0 PTAMS 0x0000000507800000 NTAMS 0x0000000507800000 space 4096K,   0% used [0x0000000507800000, 0x0000000507c00000)
AC   0  F    TS     0 PTAMS 0x0000000507c00000 NTAMS 0x0000000507c00000 space 4096K,   0% used [0x0000000507c00000, 0x0000000508000000)
AC   0  F    TS     0 PTAMS 0x0000000508000000 NTAMS 0x0000000508000000 space 4096K,   0% used [0x0000000508000000, 0x0000000508400000)
AC   0  F    TS     0 PTAMS 0x0000000508400000 NTAMS 0x0000000508400000 space 4096K,   0% used [0x0000000508400000, 0x0000000508800000)
AC   0  F    TS     0 PTAMS 0x0000000508800000 NTAMS 0x0000000508800000 space 4096K,   0% used [0x0000000508800000, 0x0000000508c00000)
AC   0  F    TS     0 PTAMS 0x0000000508c00000 NTAMS 0x0000000508c00000 space 4096K,   0% used [0x0000000508c00000, 0x0000000509000000)
AC   0  F    TS     0 PTAMS 0x0000000509000000 NTAMS 0x0000000509000000 space 4096K,   0% used [0x0000000509000000, 0x0000000509400000)
AC   0  F    TS     0 PTAMS 0x0000000509400000 NTAMS 0x0000000509400000 space 4096K,   0% used [0x0000000509400000, 0x0000000509800000)
AC   0  F    TS     0 PTAMS 0x0000000509800000 NTAMS 0x0000000509800000 space 4096K,   0% used [0x0000000509800000, 0x0000000509c00000)
AC   0  F    TS     0 PTAMS 0x0000000509c00000 NTAMS 0x0000000509c00000 space 4096K,   0% used [0x0000000509c00000, 0x000000050a000000)
AC   0  F    TS     0 PTAMS 0x000000050a000000 NTAMS 0x000000050a000000 space 4096K,   0% used [0x000000050a000000, 0x000000050a400000)
AC   0  F    TS     0 PTAMS 0x000000050a400000 NTAMS 0x000000050a400000 space 4096K,   0% used [0x000000050a400000, 0x000000050a800000)
AC   0  F    TS     0 PTAMS 0x000000050a800000 NTAMS 0x000000050a800000 space 4096K,   0% used [0x000000050a800000, 0x000000050ac00000)
AC   0  F    TS     0 PTAMS 0x000000050ac00000 NTAMS 0x000000050ac00000 space 4096K,   0% used [0x000000050ac00000, 0x000000050b000000)
AC   0  F    TS     0 PTAMS 0x000000050b000000 NTAMS 0x000000050b000000 space 4096K,   0% used [0x000000050b000000, 0x000000050b400000)
AC   0  F    TS     0 PTAMS 0x000000050b400000 NTAMS 0x000000050b400000 space 4096K,   0% used [0x000000050b400000, 0x000000050b800000)
AC   0  F    TS     0 PTAMS 0x000000050b800000 NTAMS 0x000000050b800000 space 4096K,   0% used [0x000000050b800000, 0x000000050bc00000)
AC   0  F    TS     0 PTAMS 0x000000050bc00000 NTAMS 0x000000050bc00000 space 4096K,   0% used [0x000000050bc00000, 0x000000050c000000)
AC   0  F    TS     0 PTAMS 0x000000050c000000 NTAMS 0x000000050c000000 space 4096K,   0% used [0x000000050c000000, 0x000000050c400000)
AC   0  F    TS     0 PTAMS 0x000000050c400000 NTAMS 0x000000050c400000 space 4096K,   0% used [0x000000050c400000, 0x000000050c800000)
AC   0  F    TS     0 PTAMS 0x000000050c800000 NTAMS 0x000000050c800000 space 4096K,   0% used [0x000000050c800000, 0x000000050cc00000)
AC   0  F    TS     0 PTAMS 0x000000050cc00000 NTAMS 0x000000050cc00000 space 4096K,   0% used [0x000000050cc00000, 0x000000050d000000)
AC   0  F    TS     0 PTAMS 0x000000050d000000 NTAMS 0x000000050d000000 space 4096K,   0% used [0x000000050d000000, 0x000000050d400000)
AC   0  F    TS     0 PTAMS 0x000000050d400000 NTAMS 0x000000050d400000 space 4096K,   0% used [0x000000050d400000, 0x000000050d800000)
AC   0  F    TS     0 PTAMS 0x000000050d800000 NTAMS 0x000000050d800000 space 4096K,   0% used [0x000000050d800000, 0x000000050dc00000)
AC   0  F    TS     0 PTAMS 0x000000050dc00000 NTAMS 0x000000050dc00000 space 4096K,   0% used [0x000000050dc00000, 0x000000050e000000)
AC   0  F    TS     0 PTAMS 0x000000050e000000 NTAMS 0x000000050e000000 space 4096K,   0% used [0x000000050e000000, 0x000000050e400000)
AC   0  F    TS     0 PTAMS 0x000000050e400000 NTAMS 0x000000050e400000 space 4096K,   0% used [0x000000050e400000, 0x000000050e800000)
AC   0  F    TS     0 PTAMS 0x000000050e800000 NTAMS 0x000000050e800000 space 4096K,   0% used [0x000000050e800000, 0x000000050ec00000)
AC   0  F    TS     0 PTAMS 0x000000050ec00000 NTAMS 0x000000050ec00000 space 4096K,   0% used [0x000000050ec00000, 0x000000050f000000)
AC   0  F    TS     0 PTAMS 0x000000050f000000 NTAMS 0x000000050f000000 space 4096K,   0% used [0x000000050f000000, 0x000000050f400000)
AC   0  F    TS     0 PTAMS 0x000000050f400000 NTAMS 0x000000050f400000 space 4096K,   0% used [0x000000050f400000, 0x000000050f800000)
AC   0  F    TS     0 PTAMS 0x000000050f800000 NTAMS 0x000000050f800000 space 4096K,   0% used [0x000000050f800000, 0x000000050fc00000)
AC   0  F    TS     0 PTAMS 0x000000050fc00000 NTAMS 0x000000050fc00000 space 4096K,   0% used [0x000000050fc00000, 0x0000000510000000)
AC   0  F    TS     0 PTAMS 0x0000000510000000 NTAMS 0x0000000510000000 space 4096K,   0% used [0x0000000510000000, 0x0000000510400000)
AC   0  F    TS     0 PTAMS 0x0000000510400000 NTAMS 0x0000000510400000 space 4096K,   0% used [0x0000000510400000, 0x0000000510800000)
AC   0  F    TS     0 PTAMS 0x0000000510800000 NTAMS 0x0000000510800000 space 4096K,   0% used [0x0000000510800000, 0x0000000510c00000)
AC   0  F    TS     0 PTAMS 0x0000000510c00000 NTAMS 0x0000000510c00000 space 4096K,   0% used [0x0000000510c00000, 0x0000000511000000)
AC   0  F    TS     0 PTAMS 0x0000000511000000 NTAMS 0x0000000511000000 space 4096K,   0% used [0x0000000511000000, 0x0000000511400000)
AC   0  F    TS     0 PTAMS 0x0000000511400000 NTAMS 0x0000000511400000 space 4096K,   0% used [0x0000000511400000, 0x0000000511800000)
AC   0  F    TS     0 PTAMS 0x0000000511800000 NTAMS 0x0000000511800000 space 4096K,   0% used [0x0000000511800000, 0x0000000511c00000)
AC   0  F    TS     0 PTAMS 0x0000000511c00000 NTAMS 0x0000000511c00000 space 4096K,   0% used [0x0000000511c00000, 0x0000000512000000)
AC   0  F    TS     0 PTAMS 0x0000000512000000 NTAMS 0x0000000512000000 space 4096K,   0% used [0x0000000512000000, 0x0000000512400000)
AC   0  F    TS     0 PTAMS 0x0000000512400000 NTAMS 0x0000000512400000 space 4096K,   0% used [0x0000000512400000, 0x0000000512800000)
AC   0  F    TS     0 PTAMS 0x0000000512800000 NTAMS 0x0000000512800000 space 4096K,   0% used [0x0000000512800000, 0x0000000512c00000)
AC   0  F    TS     0 PTAMS 0x0000000512c00000 NTAMS 0x0000000512c00000 space 4096K,   0% used [0x0000000512c00000, 0x0000000513000000)
AC   0  F    TS     0 PTAMS 0x0000000513000000 NTAMS 0x0000000513000000 space 4096K,   0% used [0x0000000513000000, 0x0000000513400000)
AC   0  F    TS     0 PTAMS 0x0000000513400000 NTAMS 0x0000000513400000 space 4096K,   0% used [0x0000000513400000, 0x0000000513800000)
AC   0  F    TS     0 PTAMS 0x0000000513800000 NTAMS 0x0000000513800000 space 4096K,   0% used [0x0000000513800000, 0x0000000513c00000)
AC   0  F    TS     0 PTAMS 0x0000000513c00000 NTAMS 0x0000000513c00000 space 4096K,   0% used [0x0000000513c00000, 0x0000000514000000)
AC   0  F    TS     0 PTAMS 0x0000000514000000 NTAMS 0x0000000514000000 space 4096K,   0% used [0x0000000514000000, 0x0000000514400000)
AC   0  F    TS     0 PTAMS 0x0000000514400000 NTAMS 0x0000000514400000 space 4096K,   0% used [0x0000000514400000, 0x0000000514800000)
AC   0  F    TS     0 PTAMS 0x0000000514800000 NTAMS 0x0000000514800000 space 4096K,   0% used [0x0000000514800000, 0x0000000514c00000)
AC   0  F    TS     0 PTAMS 0x0000000514c00000 NTAMS 0x0000000514c00000 space 4096K,   0% used [0x0000000514c00000, 0x0000000515000000)
AC   0  F    TS     0 PTAMS 0x0000000515000000 NTAMS 0x0000000515000000 space 4096K,   0% used [0x0000000515000000, 0x0000000515400000)
AC   0  F    TS     0 PTAMS 0x0000000515400000 NTAMS 0x0000000515400000 space 4096K,   0% used [0x0000000515400000, 0x0000000515800000)
AC   0  F    TS     0 PTAMS 0x0000000515800000 NTAMS 0x0000000515800000 space 4096K,   0% used [0x0000000515800000, 0x0000000515c00000)
AC   0  F    TS     0 PTAMS 0x0000000515c00000 NTAMS 0x0000000515c00000 space 4096K,   0% used [0x0000000515c00000, 0x0000000516000000)
AC   0  F    TS     0 PTAMS 0x0000000516000000 NTAMS 0x0000000516000000 space 4096K,   0% used [0x0000000516000000, 0x0000000516400000)
AC   0  F    TS     0 PTAMS 0x0000000516400000 NTAMS 0x0000000516400000 space 4096K,   0% used [0x0000000516400000, 0x0000000516800000)
AC   0  F    TS     0 PTAMS 0x0000000516800000 NTAMS 0x0000000516800000 space 4096K,   0% used [0x0000000516800000, 0x0000000516c00000)
AC   0  F    TS     0 PTAMS 0x0000000516c00000 NTAMS 0x0000000516c00000 space 4096K,   0% used [0x0000000516c00000, 0x0000000517000000)
AC   0  F    TS     0 PTAMS 0x0000000517000000 NTAMS 0x0000000517000000 space 4096K,   0% used [0x0000000517000000, 0x0000000517400000)
AC   0  F    TS     0 PTAMS 0x0000000517400000 NTAMS 0x0000000517400000 space 4096K,   0% used [0x0000000517400000, 0x0000000517800000)
AC   0  F    TS     0 PTAMS 0x0000000517800000 NTAMS 0x0000000517800000 space 4096K,   0% used [0x0000000517800000, 0x0000000517c00000)
AC   0  F    TS     0 PTAMS 0x0000000517c00000 NTAMS 0x0000000517c00000 space 4096K,   0% used [0x0000000517c00000, 0x0000000518000000)
AC   0  F    TS     0 PTAMS 0x0000000518000000 NTAMS 0x0000000518000000 space 4096K,   0% used [0x0000000518000000, 0x0000000518400000)
AC   0  F    TS     0 PTAMS 0x0000000518400000 NTAMS 0x0000000518400000 space 4096K,   0% used [0x0000000518400000, 0x0000000518800000)
AC   0  F    TS     0 PTAMS 0x0000000518800000 NTAMS 0x0000000518800000 space 4096K,   0% used [0x0000000518800000, 0x0000000518c00000)
AC   0  F    TS     0 PTAMS 0x0000000518c00000 NTAMS 0x0000000518c00000 space 4096K,   0% used [0x0000000518c00000, 0x0000000519000000)
AC   0  F    TS     0 PTAMS 0x0000000519000000 NTAMS 0x0000000519000000 space 4096K,   0% used [0x0000000519000000, 0x0000000519400000)
AC   0  F    TS     0 PTAMS 0x0000000519400000 NTAMS 0x0000000519400000 space 4096K,   0% used [0x0000000519400000, 0x0000000519800000)
AC   0  F    TS     0 PTAMS 0x0000000519800000 NTAMS 0x0000000519800000 space 4096K,   0% used [0x0000000519800000, 0x0000000519c00000)
AC   0  F    TS     0 PTAMS 0x0000000519c00000 NTAMS 0x0000000519c00000 space 4096K,   0% used [0x0000000519c00000, 0x000000051a000000)
AC   0  F    TS     0 PTAMS 0x000000051a000000 NTAMS 0x000000051a000000 space 4096K,   0% used [0x000000051a000000, 0x000000051a400000)
AC   0  F    TS     0 PTAMS 0x000000051a400000 NTAMS 0x000000051a400000 space 4096K,   0% used [0x000000051a400000, 0x000000051a800000)
AC   0  F    TS     0 PTAMS 0x000000051a800000 NTAMS 0x000000051a800000 space 4096K,   0% used [0x000000051a800000, 0x000000051ac00000)
AC   0  F    TS     0 PTAMS 0x000000051ac00000 NTAMS 0x000000051ac00000 space 4096K,   0% used [0x000000051ac00000, 0x000000051b000000)
AC   0  F    TS     0 PTAMS 0x000000051b000000 NTAMS 0x000000051b000000 space 4096K,   0% used [0x000000051b000000, 0x000000051b400000)
AC   0  F    TS     0 PTAMS 0x000000051b400000 NTAMS 0x000000051b400000 space 4096K,   0% used [0x000000051b400000, 0x000000051b800000)
AC   0  F    TS     0 PTAMS 0x000000051b800000 NTAMS 0x000000051b800000 space 4096K,   0% used [0x000000051b800000, 0x000000051bc00000)
AC   0  F    TS     0 PTAMS 0x000000051bc00000 NTAMS 0x000000051bc00000 space 4096K,   0% used [0x000000051bc00000, 0x000000051c000000)
AC   0  F    TS     0 PTAMS 0x000000051c000000 NTAMS 0x000000051c000000 space 4096K,   0% used [0x000000051c000000, 0x000000051c400000)
AC   0  F    TS     0 PTAMS 0x000000051c400000 NTAMS 0x000000051c400000 space 4096K,   0% used [0x000000051c400000, 0x000000051c800000)
AC   0  F    TS     0 PTAMS 0x000000051c800000 NTAMS 0x000000051c800000 space 4096K,   0% used [0x000000051c800000, 0x000000051cc00000)
AC   0  F    TS     0 PTAMS 0x000000051cc00000 NTAMS 0x000000051cc00000 space 4096K,   0% used [0x000000051cc00000, 0x000000051d000000)
AC   0  F    TS     0 PTAMS 0x000000051d000000 NTAMS 0x000000051d000000 space 4096K,   0% used [0x000000051d000000, 0x000000051d400000)
AC   0  F    TS     0 PTAMS 0x000000051d400000 NTAMS 0x000000051d400000 space 4096K,   0% used [0x000000051d400000, 0x000000051d800000)
AC   0  F    TS     0 PTAMS 0x000000051d800000 NTAMS 0x000000051d800000 space 4096K,   0% used [0x000000051d800000, 0x000000051dc00000)
AC   0  F    TS     0 PTAMS 0x000000051dc00000 NTAMS 0x000000051dc00000 space 4096K,   0% used [0x000000051dc00000, 0x000000051e000000)
AC   0  F    TS     0 PTAMS 0x000000051e000000 NTAMS 0x000000051e000000 space 4096K,   0% used [0x000000051e000000, 0x000000051e400000)
AC   0  F    TS     0 PTAMS 0x000000051e400000 NTAMS 0x000000051e400000 space 4096K,   0% used [0x000000051e400000, 0x000000051e800000)
AC   0  F    TS     0 PTAMS 0x000000051e800000 NTAMS 0x000000051e800000 space 4096K,   0% used [0x000000051e800000, 0x000000051ec00000)
AC   0  F    TS     0 PTAMS 0x000000051ec00000 NTAMS 0x000000051ec00000 space 4096K,   0% used [0x000000051ec00000, 0x000000051f000000)
AC   0  F    TS     0 PTAMS 0x000000051f000000 NTAMS 0x000000051f000000 space 4096K,   0% used [0x000000051f000000, 0x000000051f400000)
AC   0  F    TS     0 PTAMS 0x000000051f400000 NTAMS 0x000000051f400000 space 4096K,   0% used [0x000000051f400000, 0x000000051f800000)
AC   0  F    TS     0 PTAMS 0x000000051f800000 NTAMS 0x000000051f800000 space 4096K,   0% used [0x000000051f800000, 0x000000051fc00000)
AC   0  F    TS     0 PTAMS 0x000000051fc00000 NTAMS 0x000000051fc00000 space 4096K,   0% used [0x000000051fc00000, 0x0000000520000000)
AC   0  F    TS     0 PTAMS 0x0000000520000000 NTAMS 0x0000000520000000 space 4096K,   0% used [0x0000000520000000, 0x0000000520400000)
AC   0  F    TS     0 PTAMS 0x0000000520400000 NTAMS 0x0000000520400000 space 4096K,   0% used [0x0000000520400000, 0x0000000520800000)
AC   0  F    TS     0 PTAMS 0x0000000520800000 NTAMS 0x0000000520800000 space 4096K,   0% used [0x0000000520800000, 0x0000000520c00000)
AC   0  F    TS     0 PTAMS 0x0000000520c00000 NTAMS 0x0000000520c00000 space 4096K,   0% used [0x0000000520c00000, 0x0000000521000000)
AC   0  F    TS     0 PTAMS 0x0000000521000000 NTAMS 0x0000000521000000 space 4096K,   0% used [0x0000000521000000, 0x0000000521400000)
AC   0  F    TS     0 PTAMS 0x0000000521400000 NTAMS 0x0000000521400000 space 4096K,   0% used [0x0000000521400000, 0x0000000521800000)
AC   0  F    TS     0 PTAMS 0x0000000521800000 NTAMS 0x0000000521800000 space 4096K,   0% used [0x0000000521800000, 0x0000000521c00000)
AC   0  F    TS     0 PTAMS 0x0000000521c00000 NTAMS 0x0000000521c00000 space 4096K,   0% used [0x0000000521c00000, 0x0000000522000000)
AC   0  F    TS     0 PTAMS 0x0000000522000000 NTAMS 0x0000000522000000 space 4096K,   0% used [0x0000000522000000, 0x0000000522400000)
AC   0  F    TS     0 PTAMS 0x0000000522400000 NTAMS 0x0000000522400000 space 4096K,   0% used [0x0000000522400000, 0x0000000522800000)
AC   0  F    TS     0 PTAMS 0x0000000522800000 NTAMS 0x0000000522800000 space 4096K,   0% used [0x0000000522800000, 0x0000000522c00000)
AC   0  F    TS     0 PTAMS 0x0000000522c00000 NTAMS 0x0000000522c00000 space 4096K,   0% used [0x0000000522c00000, 0x0000000523000000)
AC   0  F    TS     0 PTAMS 0x0000000523000000 NTAMS 0x0000000523000000 space 4096K,   0% used [0x0000000523000000, 0x0000000523400000)
AC   0  F    TS     0 PTAMS 0x0000000523400000 NTAMS 0x0000000523400000 space 4096K,   0% used [0x0000000523400000, 0x0000000523800000)
AC   0  F    TS     0 PTAMS 0x0000000523800000 NTAMS 0x0000000523800000 space 4096K,   0% used [0x0000000523800000, 0x0000000523c00000)
AC   0  F    TS     0 PTAMS 0x0000000523c00000 NTAMS 0x0000000523c00000 space 4096K,   0% used [0x0000000523c00000, 0x0000000524000000)
AC   0  F    TS     0 PTAMS 0x0000000524000000 NTAMS 0x0000000524000000 space 4096K,   0% used [0x0000000524000000, 0x0000000524400000)
AC   0  F    TS     0 PTAMS 0x0000000524400000 NTAMS 0x0000000524400000 space 4096K,   0% used [0x0000000524400000, 0x0000000524800000)
AC   0  F    TS     0 PTAMS 0x0000000524800000 NTAMS 0x0000000524800000 space 4096K,   0% used [0x0000000524800000, 0x0000000524c00000)
AC   0  F    TS     0 PTAMS 0x0000000524c00000 NTAMS 0x0000000524c00000 space 4096K,   0% used [0x0000000524c00000, 0x0000000525000000)
AC   0  F    TS     0 PTAMS 0x0000000525000000 NTAMS 0x0000000525000000 space 4096K,   0% used [0x0000000525000000, 0x0000000525400000)
AC   0  F    TS     0 PTAMS 0x0000000525400000 NTAMS 0x0000000525400000 space 4096K,   0% used [0x0000000525400000, 0x0000000525800000)
AC   0  F    TS     0 PTAMS 0x0000000525800000 NTAMS 0x0000000525800000 space 4096K,   0% used [0x0000000525800000, 0x0000000525c00000)
AC   0  F    TS     0 PTAMS 0x0000000525c00000 NTAMS 0x0000000525c00000 space 4096K,   0% used [0x0000000525c00000, 0x0000000526000000)
AC   0  F    TS     0 PTAMS 0x0000000526000000 NTAMS 0x0000000526000000 space 4096K,   0% used [0x0000000526000000, 0x0000000526400000)
AC   0  F    TS     0 PTAMS 0x0000000526400000 NTAMS 0x0000000526400000 space 4096K,   0% used [0x0000000526400000, 0x0000000526800000)
AC   0  F    TS     0 PTAMS 0x0000000526800000 NTAMS 0x0000000526800000 space 4096K,   0% used [0x0000000526800000, 0x0000000526c00000)
AC   0  F    TS     0 PTAMS 0x0000000526c00000 NTAMS 0x0000000526c00000 space 4096K,   0% used [0x0000000526c00000, 0x0000000527000000)
AC   0  F    TS     0 PTAMS 0x0000000527000000 NTAMS 0x0000000527000000 space 4096K,   0% used [0x0000000527000000, 0x0000000527400000)
AC   0  F    TS     0 PTAMS 0x0000000527400000 NTAMS 0x0000000527400000 space 4096K,   0% used [0x0000000527400000, 0x0000000527800000)
AC   0  F    TS     0 PTAMS 0x0000000527800000 NTAMS 0x0000000527800000 space 4096K,   0% used [0x0000000527800000, 0x0000000527c00000)
AC   0  F    TS     0 PTAMS 0x0000000527c00000 NTAMS 0x0000000527c00000 space 4096K,   0% used [0x0000000527c00000, 0x0000000528000000)
AC   0  F    TS     0 PTAMS 0x0000000528000000 NTAMS 0x0000000528000000 space 4096K,   0% used [0x0000000528000000, 0x0000000528400000)
AC   0  F    TS     0 PTAMS 0x0000000528400000 NTAMS 0x0000000528400000 space 4096K,   0% used [0x0000000528400000, 0x0000000528800000)
AC   0  F    TS     0 PTAMS 0x0000000528800000 NTAMS 0x0000000528800000 space 4096K,   0% used [0x0000000528800000, 0x0000000528c00000)
AC   0  F    TS     0 PTAMS 0x0000000528c00000 NTAMS 0x0000000528c00000 space 4096K,   0% used [0x0000000528c00000, 0x0000000529000000)
AC   0  F    TS     0 PTAMS 0x0000000529000000 NTAMS 0x0000000529000000 space 4096K,   0% used [0x0000000529000000, 0x0000000529400000)
AC   0  F    TS     0 PTAMS 0x0000000529400000 NTAMS 0x0000000529400000 space 4096K,   0% used [0x0000000529400000, 0x0000000529800000)
AC   0  F    TS     0 PTAMS 0x0000000529800000 NTAMS 0x0000000529800000 space 4096K,   0% used [0x0000000529800000, 0x0000000529c00000)
AC   0  F    TS     0 PTAMS 0x0000000529c00000 NTAMS 0x0000000529c00000 space 4096K,   0% used [0x0000000529c00000, 0x000000052a000000)
AC   0  F    TS     0 PTAMS 0x000000052a000000 NTAMS 0x000000052a000000 space 4096K,   0% used [0x000000052a000000, 0x000000052a400000)
AC   0  F    TS     0 PTAMS 0x000000052a400000 NTAMS 0x000000052a400000 space 4096K,   0% used [0x000000052a400000, 0x000000052a800000)
AC   0  F    TS     0 PTAMS 0x000000052a800000 NTAMS 0x000000052a800000 space 4096K,   0% used [0x000000052a800000, 0x000000052ac00000)
AC   0  F    TS     0 PTAMS 0x000000052ac00000 NTAMS 0x000000052ac00000 space 4096K,   0% used [0x000000052ac00000, 0x000000052b000000)
AC   0  F    TS     0 PTAMS 0x000000052b000000 NTAMS 0x000000052b000000 space 4096K,   0% used [0x000000052b000000, 0x000000052b400000)
AC   0  F    TS     0 PTAMS 0x000000052b400000 NTAMS 0x000000052b400000 space 4096K,   0% used [0x000000052b400000, 0x000000052b800000)
AC   0  F    TS     0 PTAMS 0x000000052b800000 NTAMS 0x000000052b800000 space 4096K,   0% used [0x000000052b800000, 0x000000052bc00000)
AC   0  F    TS     0 PTAMS 0x000000052bc00000 NTAMS 0x000000052bc00000 space 4096K,   0% used [0x000000052bc00000, 0x000000052c000000)
AC   0  F    TS     0 PTAMS 0x000000052c000000 NTAMS 0x000000052c000000 space 4096K,   0% used [0x000000052c000000, 0x000000052c400000)
AC   0  F    TS     0 PTAMS 0x000000052c400000 NTAMS 0x000000052c400000 space 4096K,   0% used [0x000000052c400000, 0x000000052c800000)
AC   0  F    TS     0 PTAMS 0x000000052c800000 NTAMS 0x000000052c800000 space 4096K,   0% used [0x000000052c800000, 0x000000052cc00000)
AC   0  F    TS     0 PTAMS 0x000000052cc00000 NTAMS 0x000000052cc00000 space 4096K,   0% used [0x000000052cc00000, 0x000000052d000000)
AC   0  F    TS     0 PTAMS 0x000000052d000000 NTAMS 0x000000052d000000 space 4096K,   0% used [0x000000052d000000, 0x000000052d400000)
AC   0  F    TS     0 PTAMS 0x000000052d400000 NTAMS 0x000000052d400000 space 4096K,   0% used [0x000000052d400000, 0x000000052d800000)
AC   0  F    TS     0 PTAMS 0x000000052d800000 NTAMS 0x000000052d800000 space 4096K,   0% used [0x000000052d800000, 0x000000052dc00000)
AC   0  F    TS     0 PTAMS 0x000000052dc00000 NTAMS 0x000000052dc00000 space 4096K,   0% used [0x000000052dc00000, 0x000000052e000000)
AC   0  F    TS     0 PTAMS 0x000000052e000000 NTAMS 0x000000052e000000 space 4096K,   0% used [0x000000052e000000, 0x000000052e400000)
AC   0  F    TS     0 PTAMS 0x000000052e400000 NTAMS 0x000000052e400000 space 4096K,   0% used [0x000000052e400000, 0x000000052e800000)
AC   0  F    TS     0 PTAMS 0x000000052e800000 NTAMS 0x000000052e800000 space 4096K,   0% used [0x000000052e800000, 0x000000052ec00000)
AC   0  F    TS     0 PTAMS 0x000000052ec00000 NTAMS 0x000000052ec00000 space 4096K,   0% used [0x000000052ec00000, 0x000000052f000000)
AC   0  F    TS     0 PTAMS 0x000000052f000000 NTAMS 0x000000052f000000 space 4096K,   0% used [0x000000052f000000, 0x000000052f400000)
AC   0  F    TS     0 PTAMS 0x000000052f400000 NTAMS 0x000000052f400000 space 4096K,   0% used [0x000000052f400000, 0x000000052f800000)
AC   0  F    TS     0 PTAMS 0x000000052f800000 NTAMS 0x000000052f800000 space 4096K,   0% used [0x000000052f800000, 0x000000052fc00000)
AC   0  F    TS     0 PTAMS 0x000000052fc00000 NTAMS 0x000000052fc00000 space 4096K,   0% used [0x000000052fc00000, 0x0000000530000000)
AC   0  F    TS     0 PTAMS 0x0000000530000000 NTAMS 0x0000000530000000 space 4096K,   0% used [0x0000000530000000, 0x0000000530400000)
AC   0  F    TS     0 PTAMS 0x0000000530400000 NTAMS 0x0000000530400000 space 4096K,   0% used [0x0000000530400000, 0x0000000530800000)
AC   0  F    TS     0 PTAMS 0x0000000530800000 NTAMS 0x0000000530800000 space 4096K,   0% used [0x0000000530800000, 0x0000000530c00000)
AC   0  F    TS     0 PTAMS 0x0000000530c00000 NTAMS 0x0000000530c00000 space 4096K,   0% used [0x0000000530c00000, 0x0000000531000000)
AC   0  F    TS     0 PTAMS 0x0000000531000000 NTAMS 0x0000000531000000 space 4096K,   0% used [0x0000000531000000, 0x0000000531400000)
AC   0  F    TS     0 PTAMS 0x0000000531400000 NTAMS 0x0000000531400000 space 4096K,   0% used [0x0000000531400000, 0x0000000531800000)
AC   0  F    TS     0 PTAMS 0x0000000531800000 NTAMS 0x0000000531800000 space 4096K,   0% used [0x0000000531800000, 0x0000000531c00000)
AC   0  F    TS     0 PTAMS 0x0000000531c00000 NTAMS 0x0000000531c00000 space 4096K,   0% used [0x0000000531c00000, 0x0000000532000000)
AC   0  F    TS     0 PTAMS 0x0000000532000000 NTAMS 0x0000000532000000 space 4096K,   0% used [0x0000000532000000, 0x0000000532400000)
AC   0  F    TS     0 PTAMS 0x0000000532400000 NTAMS 0x0000000532400000 space 4096K,   0% used [0x0000000532400000, 0x0000000532800000)
AC   0  F    TS     0 PTAMS 0x0000000532800000 NTAMS 0x0000000532800000 space 4096K,   0% used [0x0000000532800000, 0x0000000532c00000)
AC   0  F    TS     0 PTAMS 0x0000000532c00000 NTAMS 0x0000000532c00000 space 4096K,   0% used [0x0000000532c00000, 0x0000000533000000)
AC   0  F    TS     0 PTAMS 0x0000000533000000 NTAMS 0x0000000533000000 space 4096K,   0% used [0x0000000533000000, 0x0000000533400000)
AC   0  F    TS     0 PTAMS 0x0000000533400000 NTAMS 0x0000000533400000 space 4096K,   0% used [0x0000000533400000, 0x0000000533800000)
AC   0  F    TS     0 PTAMS 0x0000000533800000 NTAMS 0x0000000533800000 space 4096K,   0% used [0x0000000533800000, 0x0000000533c00000)
AC   0  F    TS     0 PTAMS 0x0000000533c00000 NTAMS 0x0000000533c00000 space 4096K,   0% used [0x0000000533c00000, 0x0000000534000000)
AC   0  F    TS     0 PTAMS 0x0000000534000000 NTAMS 0x0000000534000000 space 4096K,   0% used [0x0000000534000000, 0x0000000534400000)
AC   0  F    TS     0 PTAMS 0x0000000534400000 NTAMS 0x0000000534400000 space 4096K,   0% used [0x0000000534400000, 0x0000000534800000)
AC   0  F    TS     0 PTAMS 0x0000000534800000 NTAMS 0x0000000534800000 space 4096K,   0% used [0x0000000534800000, 0x0000000534c00000)
AC   0  F    TS     0 PTAMS 0x0000000534c00000 NTAMS 0x0000000534c00000 space 4096K,   0% used [0x0000000534c00000, 0x0000000535000000)
AC   0  F    TS     0 PTAMS 0x0000000535000000 NTAMS 0x0000000535000000 space 4096K,   0% used [0x0000000535000000, 0x0000000535400000)
AC   0  F    TS     0 PTAMS 0x0000000535400000 NTAMS 0x0000000535400000 space 4096K,   0% used [0x0000000535400000, 0x0000000535800000)
AC   0  F    TS     0 PTAMS 0x0000000535800000 NTAMS 0x0000000535800000 space 4096K,   0% used [0x0000000535800000, 0x0000000535c00000)
AC   0  F    TS     0 PTAMS 0x0000000535c00000 NTAMS 0x0000000535c00000 space 4096K,   0% used [0x0000000535c00000, 0x0000000536000000)
AC   0  F    TS     0 PTAMS 0x0000000536000000 NTAMS 0x0000000536000000 space 4096K,   0% used [0x0000000536000000, 0x0000000536400000)
AC   0  F    TS     0 PTAMS 0x0000000536400000 NTAMS 0x0000000536400000 space 4096K,   0% used [0x0000000536400000, 0x0000000536800000)
AC   0  F    TS     0 PTAMS 0x0000000536800000 NTAMS 0x0000000536800000 space 4096K,   0% used [0x0000000536800000, 0x0000000536c00000)
AC   0  F    TS     0 PTAMS 0x0000000536c00000 NTAMS 0x0000000536c00000 space 4096K,   0% used [0x0000000536c00000, 0x0000000537000000)
AC   0  F    TS     0 PTAMS 0x0000000537000000 NTAMS 0x0000000537000000 space 4096K,   0% used [0x0000000537000000, 0x0000000537400000)
AC   0  F    TS     0 PTAMS 0x0000000537400000 NTAMS 0x0000000537400000 space 4096K,   0% used [0x0000000537400000, 0x0000000537800000)
AC   0  F    TS     0 PTAMS 0x0000000537800000 NTAMS 0x0000000537800000 space 4096K,   0% used [0x0000000537800000, 0x0000000537c00000)
AC   0  F    TS     0 PTAMS 0x0000000537c00000 NTAMS 0x0000000537c00000 space 4096K,   0% used [0x0000000537c00000, 0x0000000538000000)
AC   0  F    TS     0 PTAMS 0x0000000538000000 NTAMS 0x0000000538000000 space 4096K,   0% used [0x0000000538000000, 0x0000000538400000)
AC   0  F    TS     0 PTAMS 0x0000000538400000 NTAMS 0x0000000538400000 space 4096K,   0% used [0x0000000538400000, 0x0000000538800000)
AC   0  F    TS     0 PTAMS 0x0000000538800000 NTAMS 0x0000000538800000 space 4096K,   0% used [0x0000000538800000, 0x0000000538c00000)
AC   0  F    TS     0 PTAMS 0x0000000538c00000 NTAMS 0x0000000538c00000 space 4096K,   0% used [0x0000000538c00000, 0x0000000539000000)
AC   0  F    TS     0 PTAMS 0x0000000539000000 NTAMS 0x0000000539000000 space 4096K,   0% used [0x0000000539000000, 0x0000000539400000)
AC   0  F    TS     0 PTAMS 0x0000000539400000 NTAMS 0x0000000539400000 space 4096K,   0% used [0x0000000539400000, 0x0000000539800000)
AC   0  F    TS     0 PTAMS 0x0000000539800000 NTAMS 0x0000000539800000 space 4096K,   0% used [0x0000000539800000, 0x0000000539c00000)
AC   0  F    TS     0 PTAMS 0x0000000539c00000 NTAMS 0x0000000539c00000 space 4096K,   0% used [0x0000000539c00000, 0x000000053a000000)
AC   0  F    TS     0 PTAMS 0x000000053a000000 NTAMS 0x000000053a000000 space 4096K,   0% used [0x000000053a000000, 0x000000053a400000)
AC   0  F    TS     0 PTAMS 0x000000053a400000 NTAMS 0x000000053a400000 space 4096K,   0% used [0x000000053a400000, 0x000000053a800000)
AC   0  F    TS     0 PTAMS 0x000000053a800000 NTAMS 0x000000053a800000 space 4096K,   0% used [0x000000053a800000, 0x000000053ac00000)
AC   0  F    TS     0 PTAMS 0x000000053ac00000 NTAMS 0x000000053ac00000 space 4096K,   0% used [0x000000053ac00000, 0x000000053b000000)
AC   0  F    TS     0 PTAMS 0x000000053b000000 NTAMS 0x000000053b000000 space 4096K,   0% used [0x000000053b000000, 0x000000053b400000)
AC   0  F    TS     0 PTAMS 0x000000053b400000 NTAMS 0x000000053b400000 space 4096K,   0% used [0x000000053b400000, 0x000000053b800000)
AC   0  F    TS     0 PTAMS 0x000000053b800000 NTAMS 0x000000053b800000 space 4096K,   0% used [0x000000053b800000, 0x000000053bc00000)
AC   0  F    TS     0 PTAMS 0x000000053bc00000 NTAMS 0x000000053bc00000 space 4096K,   0% used [0x000000053bc00000, 0x000000053c000000)
AC   0  F    TS     0 PTAMS 0x000000053c000000 NTAMS 0x000000053c000000 space 4096K,   0% used [0x000000053c000000, 0x000000053c400000)
AC   0  F    TS     0 PTAMS 0x000000053c400000 NTAMS 0x000000053c400000 space 4096K,   0% used [0x000000053c400000, 0x000000053c800000)
AC   0  F    TS     0 PTAMS 0x000000053c800000 NTAMS 0x000000053c800000 space 4096K,   0% used [0x000000053c800000, 0x000000053cc00000)
AC   0  F    TS     0 PTAMS 0x000000053cc00000 NTAMS 0x000000053cc00000 space 4096K,   0% used [0x000000053cc00000, 0x000000053d000000)
AC   0  F    TS     0 PTAMS 0x000000053d000000 NTAMS 0x000000053d000000 space 4096K,   0% used [0x000000053d000000, 0x000000053d400000)
AC   0  F    TS     0 PTAMS 0x000000053d400000 NTAMS 0x000000053d400000 space 4096K,   0% used [0x000000053d400000, 0x000000053d800000)
AC   0  F    TS     0 PTAMS 0x000000053d800000 NTAMS 0x000000053d800000 space 4096K,   0% used [0x000000053d800000, 0x000000053dc00000)
AC   0  F    TS     0 PTAMS 0x000000053dc00000 NTAMS 0x000000053dc00000 space 4096K,   0% used [0x000000053dc00000, 0x000000053e000000)
AC   0  F    TS     0 PTAMS 0x000000053e000000 NTAMS 0x000000053e000000 space 4096K,   0% used [0x000000053e000000, 0x000000053e400000)
AC   0  F    TS     0 PTAMS 0x000000053e400000 NTAMS 0x000000053e400000 space 4096K,   0% used [0x000000053e400000, 0x000000053e800000)
AC   0  F    TS     0 PTAMS 0x000000053e800000 NTAMS 0x000000053e800000 space 4096K,   0% used [0x000000053e800000, 0x000000053ec00000)
AC   0  F    TS     0 PTAMS 0x000000053ec00000 NTAMS 0x000000053ec00000 space 4096K,   0% used [0x000000053ec00000, 0x000000053f000000)
AC   0  F    TS     0 PTAMS 0x000000053f000000 NTAMS 0x000000053f000000 space 4096K,   0% used [0x000000053f000000, 0x000000053f400000)
AC   0  F    TS     0 PTAMS 0x000000053f400000 NTAMS 0x000000053f400000 space 4096K,   0% used [0x000000053f400000, 0x000000053f800000)
AC   0  F    TS     0 PTAMS 0x000000053f800000 NTAMS 0x000000053f800000 space 4096K,   0% used [0x000000053f800000, 0x000000053fc00000)
AC   0  F    TS     0 PTAMS 0x000000053fc00000 NTAMS 0x000000053fc00000 space 4096K,   0% used [0x000000053fc00000, 0x0000000540000000)
AC   0  F    TS     0 PTAMS 0x0000000540000000 NTAMS 0x0000000540000000 space 4096K,   0% used [0x0000000540000000, 0x0000000540400000)
AC   0  F    TS     0 PTAMS 0x0000000540400000 NTAMS 0x0000000540400000 space 4096K,   0% used [0x0000000540400000, 0x0000000540800000)
AC   0  F    TS     0 PTAMS 0x0000000540800000 NTAMS 0x0000000540800000 space 4096K,   0% used [0x0000000540800000, 0x0000000540c00000)
AC   0  F    TS     0 PTAMS 0x0000000540c00000 NTAMS 0x0000000540c00000 space 4096K,   0% used [0x0000000540c00000, 0x0000000541000000)
AC   0  F    TS     0 PTAMS 0x0000000541000000 NTAMS 0x0000000541000000 space 4096K,   0% used [0x0000000541000000, 0x0000000541400000)
AC   0  F    TS     0 PTAMS 0x0000000541400000 NTAMS 0x0000000541400000 space 4096K,   0% used [0x0000000541400000, 0x0000000541800000)
AC   0  F    TS     0 PTAMS 0x0000000541800000 NTAMS 0x0000000541800000 space 4096K,   0% used [0x0000000541800000, 0x0000000541c00000)
AC   0  F    TS     0 PTAMS 0x0000000541c00000 NTAMS 0x0000000541c00000 space 4096K,   0% used [0x0000000541c00000, 0x0000000542000000)
AC   0  F    TS     0 PTAMS 0x0000000542000000 NTAMS 0x0000000542000000 space 4096K,   0% used [0x0000000542000000, 0x0000000542400000)
AC   0  F    TS     0 PTAMS 0x0000000542400000 NTAMS 0x0000000542400000 space 4096K,   0% used [0x0000000542400000, 0x0000000542800000)
AC   0  F    TS     0 PTAMS 0x0000000542800000 NTAMS 0x0000000542800000 space 4096K,   0% used [0x0000000542800000, 0x0000000542c00000)
AC   0  F    TS     0 PTAMS 0x0000000542c00000 NTAMS 0x0000000542c00000 space 4096K,   0% used [0x0000000542c00000, 0x0000000543000000)
AC   0  F    TS     0 PTAMS 0x0000000543000000 NTAMS 0x0000000543000000 space 4096K,   0% used [0x0000000543000000, 0x0000000543400000)
AC   0  F    TS     0 PTAMS 0x0000000543400000 NTAMS 0x0000000543400000 space 4096K,   0% used [0x0000000543400000, 0x0000000543800000)
AC   0  F    TS     0 PTAMS 0x0000000543800000 NTAMS 0x0000000543800000 space 4096K,   0% used [0x0000000543800000, 0x0000000543c00000)
AC   0  F    TS     0 PTAMS 0x0000000543c00000 NTAMS 0x0000000543c00000 space 4096K,   0% used [0x0000000543c00000, 0x0000000544000000)
AC   0  F    TS     0 PTAMS 0x0000000544000000 NTAMS 0x0000000544000000 space 4096K,   0% used [0x0000000544000000, 0x0000000544400000)
AC   0  F    TS     0 PTAMS 0x0000000544400000 NTAMS 0x0000000544400000 space 4096K,   0% used [0x0000000544400000, 0x0000000544800000)
AC   0  F    TS     0 PTAMS 0x0000000544800000 NTAMS 0x0000000544800000 space 4096K,   0% used [0x0000000544800000, 0x0000000544c00000)
AC   0  F    TS     0 PTAMS 0x0000000544c00000 NTAMS 0x0000000544c00000 space 4096K,   0% used [0x0000000544c00000, 0x0000000545000000)
AC   0  F    TS     0 PTAMS 0x0000000545000000 NTAMS 0x0000000545000000 space 4096K,   0% used [0x0000000545000000, 0x0000000545400000)
AC   0  F    TS     0 PTAMS 0x0000000545400000 NTAMS 0x0000000545400000 space 4096K,   0% used [0x0000000545400000, 0x0000000545800000)
AC   0  F    TS     0 PTAMS 0x0000000545800000 NTAMS 0x0000000545800000 space 4096K,   0% used [0x0000000545800000, 0x0000000545c00000)
AC   0  F    TS     0 PTAMS 0x0000000545c00000 NTAMS 0x0000000545c00000 space 4096K,   0% used [0x0000000545c00000, 0x0000000546000000)
AC   0  F    TS     0 PTAMS 0x0000000546000000 NTAMS 0x0000000546000000 space 4096K,   0% used [0x0000000546000000, 0x0000000546400000)
AC   0  F    TS     0 PTAMS 0x0000000546400000 NTAMS 0x0000000546400000 space 4096K,   0% used [0x0000000546400000, 0x0000000546800000)
AC   0  F    TS     0 PTAMS 0x0000000546800000 NTAMS 0x0000000546800000 space 4096K,   0% used [0x0000000546800000, 0x0000000546c00000)
AC   0  F    TS     0 PTAMS 0x0000000546c00000 NTAMS 0x0000000546c00000 space 4096K,   0% used [0x0000000546c00000, 0x0000000547000000)
AC   0  F    TS     0 PTAMS 0x0000000547000000 NTAMS 0x0000000547000000 space 4096K,   0% used [0x0000000547000000, 0x0000000547400000)
AC   0  F    TS     0 PTAMS 0x0000000547400000 NTAMS 0x0000000547400000 space 4096K,   0% used [0x0000000547400000, 0x0000000547800000)
AC   0  F    TS     0 PTAMS 0x0000000547800000 NTAMS 0x0000000547800000 space 4096K,   0% used [0x0000000547800000, 0x0000000547c00000)
AC   0  F    TS     0 PTAMS 0x0000000547c00000 NTAMS 0x0000000547c00000 space 4096K,   0% used [0x0000000547c00000, 0x0000000548000000)
AC   0  F    TS     0 PTAMS 0x0000000548000000 NTAMS 0x0000000548000000 space 4096K,   0% used [0x0000000548000000, 0x0000000548400000)
AC   0  F    TS     0 PTAMS 0x0000000548400000 NTAMS 0x0000000548400000 space 4096K,   0% used [0x0000000548400000, 0x0000000548800000)
AC   0  F    TS     0 PTAMS 0x0000000548800000 NTAMS 0x0000000548800000 space 4096K,   0% used [0x0000000548800000, 0x0000000548c00000)
AC   0  F    TS     0 PTAMS 0x0000000548c00000 NTAMS 0x0000000548c00000 space 4096K,   0% used [0x0000000548c00000, 0x0000000549000000)
AC   0  F    TS     0 PTAMS 0x0000000549000000 NTAMS 0x0000000549000000 space 4096K,   0% used [0x0000000549000000, 0x0000000549400000)
AC   0  F    TS     0 PTAMS 0x0000000549400000 NTAMS 0x0000000549400000 space 4096K,   0% used [0x0000000549400000, 0x0000000549800000)
AC   0  F    TS     0 PTAMS 0x0000000549800000 NTAMS 0x0000000549800000 space 4096K,   0% used [0x0000000549800000, 0x0000000549c00000)
AC   0  F    TS     0 PTAMS 0x0000000549c00000 NTAMS 0x0000000549c00000 space 4096K,   0% used [0x0000000549c00000, 0x000000054a000000)
AC   0  F    TS     0 PTAMS 0x000000054a000000 NTAMS 0x000000054a000000 space 4096K,   0% used [0x000000054a000000, 0x000000054a400000)
AC   0  F    TS     0 PTAMS 0x000000054a400000 NTAMS 0x000000054a400000 space 4096K,   0% used [0x000000054a400000, 0x000000054a800000)
AC   0  F    TS     0 PTAMS 0x000000054a800000 NTAMS 0x000000054a800000 space 4096K,   0% used [0x000000054a800000, 0x000000054ac00000)
AC   0  F    TS     0 PTAMS 0x000000054ac00000 NTAMS 0x000000054ac00000 space 4096K,   0% used [0x000000054ac00000, 0x000000054b000000)
AC   0  F    TS     0 PTAMS 0x000000054b000000 NTAMS 0x000000054b000000 space 4096K,   0% used [0x000000054b000000, 0x000000054b400000)
AC   0  F    TS     0 PTAMS 0x000000054b400000 NTAMS 0x000000054b400000 space 4096K,   0% used [0x000000054b400000, 0x000000054b800000)
AC   0  F    TS     0 PTAMS 0x000000054b800000 NTAMS 0x000000054b800000 space 4096K,   0% used [0x000000054b800000, 0x000000054bc00000)
AC   0  F    TS     0 PTAMS 0x000000054bc00000 NTAMS 0x000000054bc00000 space 4096K,   0% used [0x000000054bc00000, 0x000000054c000000)
AC   0  F    TS     0 PTAMS 0x000000054c000000 NTAMS 0x000000054c000000 space 4096K,   0% used [0x000000054c000000, 0x000000054c400000)
AC   0  F    TS     0 PTAMS 0x000000054c400000 NTAMS 0x000000054c400000 space 4096K,   0% used [0x000000054c400000, 0x000000054c800000)
AC   0  F    TS     0 PTAMS 0x000000054c800000 NTAMS 0x000000054c800000 space 4096K,   0% used [0x000000054c800000, 0x000000054cc00000)
AC   0  F    TS     0 PTAMS 0x000000054cc00000 NTAMS 0x000000054cc00000 space 4096K,   0% used [0x000000054cc00000, 0x000000054d000000)
AC   0  F    TS     0 PTAMS 0x000000054d000000 NTAMS 0x000000054d000000 space 4096K,   0% used [0x000000054d000000, 0x000000054d400000)
AC   0  F    TS     0 PTAMS 0x000000054d400000 NTAMS 0x000000054d400000 space 4096K,   0% used [0x000000054d400000, 0x000000054d800000)
AC   0  F    TS     0 PTAMS 0x000000054d800000 NTAMS 0x000000054d800000 space 4096K,   0% used [0x000000054d800000, 0x000000054dc00000)
AC   0  F    TS     0 PTAMS 0x000000054dc00000 NTAMS 0x000000054dc00000 space 4096K,   0% used [0x000000054dc00000, 0x000000054e000000)
AC   0  F    TS     0 PTAMS 0x000000054e000000 NTAMS 0x000000054e000000 space 4096K,   0% used [0x000000054e000000, 0x000000054e400000)
AC   0  F    TS     0 PTAMS 0x000000054e400000 NTAMS 0x000000054e400000 space 4096K,   0% used [0x000000054e400000, 0x000000054e800000)
AC   0  F    TS     0 PTAMS 0x000000054e800000 NTAMS 0x000000054e800000 space 4096K,   0% used [0x000000054e800000, 0x000000054ec00000)
AC   0  F    TS     0 PTAMS 0x000000054ec00000 NTAMS 0x000000054ec00000 space 4096K,   0% used [0x000000054ec00000, 0x000000054f000000)
AC   0  F    TS     0 PTAMS 0x000000054f000000 NTAMS 0x000000054f000000 space 4096K,   0% used [0x000000054f000000, 0x000000054f400000)
AC   0  F    TS     0 PTAMS 0x000000054f400000 NTAMS 0x000000054f400000 space 4096K,   0% used [0x000000054f400000, 0x000000054f800000)
AC   0  F    TS     0 PTAMS 0x000000054f800000 NTAMS 0x000000054f800000 space 4096K,   0% used [0x000000054f800000, 0x000000054fc00000)
AC   0  F    TS     0 PTAMS 0x000000054fc00000 NTAMS 0x000000054fc00000 space 4096K,   0% used [0x000000054fc00000, 0x0000000550000000)
AC   0  F    TS     0 PTAMS 0x0000000550000000 NTAMS 0x0000000550000000 space 4096K,   0% used [0x0000000550000000, 0x0000000550400000)
AC   0  F    TS     0 PTAMS 0x0000000550400000 NTAMS 0x0000000550400000 space 4096K,   0% used [0x0000000550400000, 0x0000000550800000)
AC   0  F    TS     0 PTAMS 0x0000000550800000 NTAMS 0x0000000550800000 space 4096K,   0% used [0x0000000550800000, 0x0000000550c00000)
AC   0  F    TS     0 PTAMS 0x0000000550c00000 NTAMS 0x0000000550c00000 space 4096K,   0% used [0x0000000550c00000, 0x0000000551000000)
AC   0  F    TS     0 PTAMS 0x0000000551000000 NTAMS 0x0000000551000000 space 4096K,   0% used [0x0000000551000000, 0x0000000551400000)
AC   0  F    TS     0 PTAMS 0x0000000551400000 NTAMS 0x0000000551400000 space 4096K,   0% used [0x0000000551400000, 0x0000000551800000)
AC   0  F    TS     0 PTAMS 0x0000000551800000 NTAMS 0x0000000551800000 space 4096K,   0% used [0x0000000551800000, 0x0000000551c00000)
AC   0  F    TS     0 PTAMS 0x0000000551c00000 NTAMS 0x0000000551c00000 space 4096K,   0% used [0x0000000551c00000, 0x0000000552000000)
AC   0  F    TS     0 PTAMS 0x0000000552000000 NTAMS 0x0000000552000000 space 4096K,   0% used [0x0000000552000000, 0x0000000552400000)
AC   0  F    TS     0 PTAMS 0x0000000552400000 NTAMS 0x0000000552400000 space 4096K,   0% used [0x0000000552400000, 0x0000000552800000)
AC   0  F    TS     0 PTAMS 0x0000000552800000 NTAMS 0x0000000552800000 space 4096K,   0% used [0x0000000552800000, 0x0000000552c00000)
AC   0  F    TS     0 PTAMS 0x0000000552c00000 NTAMS 0x0000000552c00000 space 4096K,   0% used [0x0000000552c00000, 0x0000000553000000)
AC   0  F    TS     0 PTAMS 0x0000000553000000 NTAMS 0x0000000553000000 space 4096K,   0% used [0x0000000553000000, 0x0000000553400000)
AC   0  F    TS     0 PTAMS 0x0000000553400000 NTAMS 0x0000000553400000 space 4096K,   0% used [0x0000000553400000, 0x0000000553800000)
AC   0  F    TS     0 PTAMS 0x0000000553800000 NTAMS 0x0000000553800000 space 4096K,   0% used [0x0000000553800000, 0x0000000553c00000)
AC   0  F    TS     0 PTAMS 0x0000000553c00000 NTAMS 0x0000000553c00000 space 4096K,   0% used [0x0000000553c00000, 0x0000000554000000)
AC   0  F    TS     0 PTAMS 0x0000000554000000 NTAMS 0x0000000554000000 space 4096K,   0% used [0x0000000554000000, 0x0000000554400000)
AC   0  F    TS     0 PTAMS 0x0000000554400000 NTAMS 0x0000000554400000 space 4096K,   0% used [0x0000000554400000, 0x0000000554800000)
AC   0  F    TS     0 PTAMS 0x0000000554800000 NTAMS 0x0000000554800000 space 4096K,   0% used [0x0000000554800000, 0x0000000554c00000)
AC   0  F    TS     0 PTAMS 0x0000000554c00000 NTAMS 0x0000000554c00000 space 4096K,   0% used [0x0000000554c00000, 0x0000000555000000)
AC   0  F    TS     0 PTAMS 0x0000000555000000 NTAMS 0x0000000555000000 space 4096K,   0% used [0x0000000555000000, 0x0000000555400000)
AC   0  F    TS     0 PTAMS 0x0000000555400000 NTAMS 0x0000000555400000 space 4096K,   0% used [0x0000000555400000, 0x0000000555800000)
AC   0  F    TS     0 PTAMS 0x0000000555800000 NTAMS 0x0000000555800000 space 4096K,   0% used [0x0000000555800000, 0x0000000555c00000)
AC   0  F    TS     0 PTAMS 0x0000000555c00000 NTAMS 0x0000000555c00000 space 4096K,   0% used [0x0000000555c00000, 0x0000000556000000)
AC   0  F    TS     0 PTAMS 0x0000000556000000 NTAMS 0x0000000556000000 space 4096K,   0% used [0x0000000556000000, 0x0000000556400000)
AC   0  F    TS     0 PTAMS 0x0000000556400000 NTAMS 0x0000000556400000 space 4096K,   0% used [0x0000000556400000, 0x0000000556800000)
AC   0  F    TS     0 PTAMS 0x0000000556800000 NTAMS 0x0000000556800000 space 4096K,   0% used [0x0000000556800000, 0x0000000556c00000)
AC   0  F    TS     0 PTAMS 0x0000000556c00000 NTAMS 0x0000000556c00000 space 4096K,   0% used [0x0000000556c00000, 0x0000000557000000)
AC   0  F    TS     0 PTAMS 0x0000000557000000 NTAMS 0x0000000557000000 space 4096K,   0% used [0x0000000557000000, 0x0000000557400000)
AC   0  F    TS     0 PTAMS 0x0000000557400000 NTAMS 0x0000000557400000 space 4096K,   0% used [0x0000000557400000, 0x0000000557800000)
AC   0  F    TS     0 PTAMS 0x0000000557800000 NTAMS 0x0000000557800000 space 4096K,   0% used [0x0000000557800000, 0x0000000557c00000)
AC   0  F    TS     0 PTAMS 0x0000000557c00000 NTAMS 0x0000000557c00000 space 4096K,   0% used [0x0000000557c00000, 0x0000000558000000)
AC   0  F    TS     0 PTAMS 0x0000000558000000 NTAMS 0x0000000558000000 space 4096K,   0% used [0x0000000558000000, 0x0000000558400000)
AC   0  F    TS     0 PTAMS 0x0000000558400000 NTAMS 0x0000000558400000 space 4096K,   0% used [0x0000000558400000, 0x0000000558800000)
AC   0  F    TS     0 PTAMS 0x0000000558800000 NTAMS 0x0000000558800000 space 4096K,   0% used [0x0000000558800000, 0x0000000558c00000)
AC   0  F    TS     0 PTAMS 0x0000000558c00000 NTAMS 0x0000000558c00000 space 4096K,   0% used [0x0000000558c00000, 0x0000000559000000)
AC   0  F    TS     0 PTAMS 0x0000000559000000 NTAMS 0x0000000559000000 space 4096K,   0% used [0x0000000559000000, 0x0000000559400000)
AC   0  F    TS     0 PTAMS 0x0000000559400000 NTAMS 0x0000000559400000 space 4096K,   0% used [0x0000000559400000, 0x0000000559800000)
AC   0  F    TS     0 PTAMS 0x0000000559800000 NTAMS 0x0000000559800000 space 4096K,   0% used [0x0000000559800000, 0x0000000559c00000)
AC   0  F    TS     0 PTAMS 0x0000000559c00000 NTAMS 0x0000000559c00000 space 4096K,   0% used [0x0000000559c00000, 0x000000055a000000)
AC   0  F    TS     0 PTAMS 0x000000055a000000 NTAMS 0x000000055a000000 space 4096K,   0% used [0x000000055a000000, 0x000000055a400000)
AC   0  F    TS     0 PTAMS 0x000000055a400000 NTAMS 0x000000055a400000 space 4096K,   0% used [0x000000055a400000, 0x000000055a800000)
AC   0  F    TS     0 PTAMS 0x000000055a800000 NTAMS 0x000000055a800000 space 4096K,   0% used [0x000000055a800000, 0x000000055ac00000)
AC   0  F    TS     0 PTAMS 0x000000055ac00000 NTAMS 0x000000055ac00000 space 4096K,   0% used [0x000000055ac00000, 0x000000055b000000)
AC   0  F    TS     0 PTAMS 0x000000055b000000 NTAMS 0x000000055b000000 space 4096K,   0% used [0x000000055b000000, 0x000000055b400000)
AC   0  F    TS     0 PTAMS 0x000000055b400000 NTAMS 0x000000055b400000 space 4096K,   0% used [0x000000055b400000, 0x000000055b800000)
AC   0  F    TS     0 PTAMS 0x000000055b800000 NTAMS 0x000000055b800000 space 4096K,   0% used [0x000000055b800000, 0x000000055bc00000)
AC   0  F    TS     0 PTAMS 0x000000055bc00000 NTAMS 0x000000055bc00000 space 4096K,   0% used [0x000000055bc00000, 0x000000055c000000)
AC   0  F    TS     0 PTAMS 0x000000055c000000 NTAMS 0x000000055c000000 space 4096K,   0% used [0x000000055c000000, 0x000000055c400000)
AC   0  F    TS     0 PTAMS 0x000000055c400000 NTAMS 0x000000055c400000 space 4096K,   0% used [0x000000055c400000, 0x000000055c800000)
AC   0  F    TS     0 PTAMS 0x000000055c800000 NTAMS 0x000000055c800000 space 4096K,   0% used [0x000000055c800000, 0x000000055cc00000)
AC   0  F    TS     0 PTAMS 0x000000055cc00000 NTAMS 0x000000055cc00000 space 4096K,   0% used [0x000000055cc00000, 0x000000055d000000)
AC   0  F    TS     0 PTAMS 0x000000055d000000 NTAMS 0x000000055d000000 space 4096K,   0% used [0x000000055d000000, 0x000000055d400000)
AC   0  F    TS     0 PTAMS 0x000000055d400000 NTAMS 0x000000055d400000 space 4096K,   0% used [0x000000055d400000, 0x000000055d800000)
AC   0  F    TS     0 PTAMS 0x000000055d800000 NTAMS 0x000000055d800000 space 4096K,   0% used [0x000000055d800000, 0x000000055dc00000)
AC   0  F    TS     0 PTAMS 0x000000055dc00000 NTAMS 0x000000055dc00000 space 4096K,   0% used [0x000000055dc00000, 0x000000055e000000)
AC   0  F    TS     0 PTAMS 0x000000055e000000 NTAMS 0x000000055e000000 space 4096K,   0% used [0x000000055e000000, 0x000000055e400000)
AC   0  F    TS     0 PTAMS 0x000000055e400000 NTAMS 0x000000055e400000 space 4096K,   0% used [0x000000055e400000, 0x000000055e800000)
AC   0  F    TS     0 PTAMS 0x000000055e800000 NTAMS 0x000000055e800000 space 4096K,   0% used [0x000000055e800000, 0x000000055ec00000)
AC   0  F    TS     0 PTAMS 0x000000055ec00000 NTAMS 0x000000055ec00000 space 4096K,   0% used [0x000000055ec00000, 0x000000055f000000)
AC   0  F    TS     0 PTAMS 0x000000055f000000 NTAMS 0x000000055f000000 space 4096K,   0% used [0x000000055f000000, 0x000000055f400000)
AC   0  F    TS     0 PTAMS 0x000000055f400000 NTAMS 0x000000055f400000 space 4096K,   0% used [0x000000055f400000, 0x000000055f800000)
AC   0  F    TS     0 PTAMS 0x000000055f800000 NTAMS 0x000000055f800000 space 4096K,   0% used [0x000000055f800000, 0x000000055fc00000)
AC   0  F    TS     0 PTAMS 0x000000055fc00000 NTAMS 0x000000055fc00000 space 4096K,   0% used [0x000000055fc00000, 0x0000000560000000)
AC   0  F    TS     0 PTAMS 0x0000000560000000 NTAMS 0x0000000560000000 space 4096K,   0% used [0x0000000560000000, 0x0000000560400000)
AC   0  F    TS     0 PTAMS 0x0000000560400000 NTAMS 0x0000000560400000 space 4096K,   0% used [0x0000000560400000, 0x0000000560800000)
AC   0  F    TS     0 PTAMS 0x0000000560800000 NTAMS 0x0000000560800000 space 4096K,   0% used [0x0000000560800000, 0x0000000560c00000)
AC   0  F    TS     0 PTAMS 0x0000000560c00000 NTAMS 0x0000000560c00000 space 4096K,   0% used [0x0000000560c00000, 0x0000000561000000)
AC   0  F    TS     0 PTAMS 0x0000000561000000 NTAMS 0x0000000561000000 space 4096K,   0% used [0x0000000561000000, 0x0000000561400000)
AC   0  F    TS     0 PTAMS 0x0000000561400000 NTAMS 0x0000000561400000 space 4096K,   0% used [0x0000000561400000, 0x0000000561800000)
AC   0  F    TS     0 PTAMS 0x0000000561800000 NTAMS 0x0000000561800000 space 4096K,   0% used [0x0000000561800000, 0x0000000561c00000)
AC   0  F    TS     0 PTAMS 0x0000000561c00000 NTAMS 0x0000000561c00000 space 4096K,   0% used [0x0000000561c00000, 0x0000000562000000)
AC   0  F    TS     0 PTAMS 0x0000000562000000 NTAMS 0x0000000562000000 space 4096K,   0% used [0x0000000562000000, 0x0000000562400000)
AC   0  F    TS     0 PTAMS 0x0000000562400000 NTAMS 0x0000000562400000 space 4096K,   0% used [0x0000000562400000, 0x0000000562800000)
AC   0  F    TS     0 PTAMS 0x0000000562800000 NTAMS 0x0000000562800000 space 4096K,   0% used [0x0000000562800000, 0x0000000562c00000)
AC   0  F    TS     0 PTAMS 0x0000000562c00000 NTAMS 0x0000000562c00000 space 4096K,   0% used [0x0000000562c00000, 0x0000000563000000)
AC   0  F    TS     0 PTAMS 0x0000000563000000 NTAMS 0x0000000563000000 space 4096K,   0% used [0x0000000563000000, 0x0000000563400000)
AC   0  F    TS     0 PTAMS 0x0000000563400000 NTAMS 0x0000000563400000 space 4096K,   0% used [0x0000000563400000, 0x0000000563800000)
AC   0  F    TS     0 PTAMS 0x0000000563800000 NTAMS 0x0000000563800000 space 4096K,   0% used [0x0000000563800000, 0x0000000563c00000)
AC   0  F    TS     0 PTAMS 0x0000000563c00000 NTAMS 0x0000000563c00000 space 4096K,   0% used [0x0000000563c00000, 0x0000000564000000)
AC   0  F    TS     0 PTAMS 0x0000000564000000 NTAMS 0x0000000564000000 space 4096K,   0% used [0x0000000564000000, 0x0000000564400000)
AC   0  F    TS     0 PTAMS 0x0000000564400000 NTAMS 0x0000000564400000 space 4096K,   0% used [0x0000000564400000, 0x0000000564800000)
AC   0  F    TS     0 PTAMS 0x0000000564800000 NTAMS 0x0000000564800000 space 4096K,   0% used [0x0000000564800000, 0x0000000564c00000)
AC   0  F    TS     0 PTAMS 0x0000000564c00000 NTAMS 0x0000000564c00000 space 4096K,   0% used [0x0000000564c00000, 0x0000000565000000)
AC   0  F    TS     0 PTAMS 0x0000000565000000 NTAMS 0x0000000565000000 space 4096K,   0% used [0x0000000565000000, 0x0000000565400000)
AC   0  F    TS     0 PTAMS 0x0000000565400000 NTAMS 0x0000000565400000 space 4096K,   0% used [0x0000000565400000, 0x0000000565800000)
AC   0  F    TS     0 PTAMS 0x0000000565800000 NTAMS 0x0000000565800000 space 4096K,   0% used [0x0000000565800000, 0x0000000565c00000)
AC   0  F    TS     0 PTAMS 0x0000000565c00000 NTAMS 0x0000000565c00000 space 4096K,   0% used [0x0000000565c00000, 0x0000000566000000)
AC   0  F    TS     0 PTAMS 0x0000000566000000 NTAMS 0x0000000566000000 space 4096K,   0% used [0x0000000566000000, 0x0000000566400000)
AC   0  F    TS     0 PTAMS 0x0000000566400000 NTAMS 0x0000000566400000 space 4096K,   0% used [0x0000000566400000, 0x0000000566800000)
AC   0  F    TS     0 PTAMS 0x0000000566800000 NTAMS 0x0000000566800000 space 4096K,   0% used [0x0000000566800000, 0x0000000566c00000)
AC   0  F    TS     0 PTAMS 0x0000000566c00000 NTAMS 0x0000000566c00000 space 4096K,   0% used [0x0000000566c00000, 0x0000000567000000)
AC   0  F    TS     0 PTAMS 0x0000000567000000 NTAMS 0x0000000567000000 space 4096K,   0% used [0x0000000567000000, 0x0000000567400000)
AC   0  F    TS     0 PTAMS 0x0000000567400000 NTAMS 0x0000000567400000 space 4096K,   0% used [0x0000000567400000, 0x0000000567800000)
AC   0  F    TS     0 PTAMS 0x0000000567800000 NTAMS 0x0000000567800000 space 4096K,   0% used [0x0000000567800000, 0x0000000567c00000)
AC   0  F    TS     0 PTAMS 0x0000000567c00000 NTAMS 0x0000000567c00000 space 4096K,   0% used [0x0000000567c00000, 0x0000000568000000)
AC   0  F    TS     0 PTAMS 0x0000000568000000 NTAMS 0x0000000568000000 space 4096K,   0% used [0x0000000568000000, 0x0000000568400000)
AC   0  F    TS     0 PTAMS 0x0000000568400000 NTAMS 0x0000000568400000 space 4096K,   0% used [0x0000000568400000, 0x0000000568800000)
AC   0  F    TS     0 PTAMS 0x0000000568800000 NTAMS 0x0000000568800000 space 4096K,   0% used [0x0000000568800000, 0x0000000568c00000)
AC   0  F    TS     0 PTAMS 0x0000000568c00000 NTAMS 0x0000000568c00000 space 4096K,   0% used [0x0000000568c00000, 0x0000000569000000)
AC   0  F    TS     0 PTAMS 0x0000000569000000 NTAMS 0x0000000569000000 space 4096K,   0% used [0x0000000569000000, 0x0000000569400000)
AC   0  F    TS     0 PTAMS 0x0000000569400000 NTAMS 0x0000000569400000 space 4096K,   0% used [0x0000000569400000, 0x0000000569800000)
AC   0  F    TS     0 PTAMS 0x0000000569800000 NTAMS 0x0000000569800000 space 4096K,   0% used [0x0000000569800000, 0x0000000569c00000)
AC   0  F    TS     0 PTAMS 0x0000000569c00000 NTAMS 0x0000000569c00000 space 4096K,   0% used [0x0000000569c00000, 0x000000056a000000)
AC   0  F    TS     0 PTAMS 0x000000056a000000 NTAMS 0x000000056a000000 space 4096K,   0% used [0x000000056a000000, 0x000000056a400000)
AC   0  F    TS     0 PTAMS 0x000000056a400000 NTAMS 0x000000056a400000 space 4096K,   0% used [0x000000056a400000, 0x000000056a800000)
AC   0  F    TS     0 PTAMS 0x000000056a800000 NTAMS 0x000000056a800000 space 4096K,   0% used [0x000000056a800000, 0x000000056ac00000)
AC   0  F    TS     0 PTAMS 0x000000056ac00000 NTAMS 0x000000056ac00000 space 4096K,   0% used [0x000000056ac00000, 0x000000056b000000)
AC   0  F    TS     0 PTAMS 0x000000056b000000 NTAMS 0x000000056b000000 space 4096K,   0% used [0x000000056b000000, 0x000000056b400000)
AC   0  F    TS     0 PTAMS 0x000000056b400000 NTAMS 0x000000056b400000 space 4096K,   0% used [0x000000056b400000, 0x000000056b800000)
AC   0  F    TS     0 PTAMS 0x000000056b800000 NTAMS 0x000000056b800000 space 4096K,   0% used [0x000000056b800000, 0x000000056bc00000)
AC   0  F    TS     0 PTAMS 0x000000056bc00000 NTAMS 0x000000056bc00000 space 4096K,   0% used [0x000000056bc00000, 0x000000056c000000)
AC   0  F    TS     0 PTAMS 0x000000056c000000 NTAMS 0x000000056c000000 space 4096K,   0% used [0x000000056c000000, 0x000000056c400000)
AC   0  F    TS     0 PTAMS 0x000000056c400000 NTAMS 0x000000056c400000 space 4096K,   0% used [0x000000056c400000, 0x000000056c800000)
AC   0  F    TS     0 PTAMS 0x000000056c800000 NTAMS 0x000000056c800000 space 4096K,   0% used [0x000000056c800000, 0x000000056cc00000)
AC   0  F    TS     0 PTAMS 0x000000056cc00000 NTAMS 0x000000056cc00000 space 4096K,   0% used [0x000000056cc00000, 0x000000056d000000)
AC   0  F    TS     0 PTAMS 0x000000056d000000 NTAMS 0x000000056d000000 space 4096K,   0% used [0x000000056d000000, 0x000000056d400000)
AC   0  F    TS     0 PTAMS 0x000000056d400000 NTAMS 0x000000056d400000 space 4096K,   0% used [0x000000056d400000, 0x000000056d800000)
AC   0  F    TS     0 PTAMS 0x000000056d800000 NTAMS 0x000000056d800000 space 4096K,   0% used [0x000000056d800000, 0x000000056dc00000)
AC   0  F    TS     0 PTAMS 0x000000056dc00000 NTAMS 0x000000056dc00000 space 4096K,   0% used [0x000000056dc00000, 0x000000056e000000)
AC   0  F    TS     0 PTAMS 0x000000056e000000 NTAMS 0x000000056e000000 space 4096K,   0% used [0x000000056e000000, 0x000000056e400000)
AC   0  F    TS     0 PTAMS 0x000000056e400000 NTAMS 0x000000056e400000 space 4096K,   0% used [0x000000056e400000, 0x000000056e800000)
AC   0  F    TS     0 PTAMS 0x000000056e800000 NTAMS 0x000000056e800000 space 4096K,   0% used [0x000000056e800000, 0x000000056ec00000)
AC   0  F    TS     0 PTAMS 0x000000056ec00000 NTAMS 0x000000056ec00000 space 4096K,   0% used [0x000000056ec00000, 0x000000056f000000)
AC   0  F    TS     0 PTAMS 0x000000056f000000 NTAMS 0x000000056f000000 space 4096K,   0% used [0x000000056f000000, 0x000000056f400000)
AC   0  F    TS     0 PTAMS 0x000000056f400000 NTAMS 0x000000056f400000 space 4096K,   0% used [0x000000056f400000, 0x000000056f800000)
AC   0  F    TS     0 PTAMS 0x000000056f800000 NTAMS 0x000000056f800000 space 4096K,   0% used [0x000000056f800000, 0x000000056fc00000)
AC   0  F    TS     0 PTAMS 0x000000056fc00000 NTAMS 0x000000056fc00000 space 4096K,   0% used [0x000000056fc00000, 0x0000000570000000)
AC   0  F    TS     0 PTAMS 0x0000000570000000 NTAMS 0x0000000570000000 space 4096K,   0% used [0x0000000570000000, 0x0000000570400000)
AC   0  F    TS     0 PTAMS 0x0000000570400000 NTAMS 0x0000000570400000 space 4096K,   0% used [0x0000000570400000, 0x0000000570800000)
AC   0  F    TS     0 PTAMS 0x0000000570800000 NTAMS 0x0000000570800000 space 4096K,   0% used [0x0000000570800000, 0x0000000570c00000)
AC   0  F    TS     0 PTAMS 0x0000000570c00000 NTAMS 0x0000000570c00000 space 4096K,   0% used [0x0000000570c00000, 0x0000000571000000)
AC   0  F    TS     0 PTAMS 0x0000000571000000 NTAMS 0x0000000571000000 space 4096K,   0% used [0x0000000571000000, 0x0000000571400000)
AC   0  F    TS     0 PTAMS 0x0000000571400000 NTAMS 0x0000000571400000 space 4096K,   0% used [0x0000000571400000, 0x0000000571800000)
AC   0  F    TS     0 PTAMS 0x0000000571800000 NTAMS 0x0000000571800000 space 4096K,   0% used [0x0000000571800000, 0x0000000571c00000)
AC   0  F    TS     0 PTAMS 0x0000000571c00000 NTAMS 0x0000000571c00000 space 4096K,   0% used [0x0000000571c00000, 0x0000000572000000)
AC   0  F    TS     0 PTAMS 0x0000000572000000 NTAMS 0x0000000572000000 space 4096K,   0% used [0x0000000572000000, 0x0000000572400000)
AC   0  F    TS     0 PTAMS 0x0000000572400000 NTAMS 0x0000000572400000 space 4096K,   0% used [0x0000000572400000, 0x0000000572800000)
AC   0  F    TS     0 PTAMS 0x0000000572800000 NTAMS 0x0000000572800000 space 4096K,   0% used [0x0000000572800000, 0x0000000572c00000)
AC   0  F    TS     0 PTAMS 0x0000000572c00000 NTAMS 0x0000000572c00000 space 4096K,   0% used [0x0000000572c00000, 0x0000000573000000)
AC   0  F    TS     0 PTAMS 0x0000000573000000 NTAMS 0x0000000573000000 space 4096K,   0% used [0x0000000573000000, 0x0000000573400000)
AC   0  F    TS     0 PTAMS 0x0000000573400000 NTAMS 0x0000000573400000 space 4096K,   0% used [0x0000000573400000, 0x0000000573800000)
AC   0  F    TS     0 PTAMS 0x0000000573800000 NTAMS 0x0000000573800000 space 4096K,   0% used [0x0000000573800000, 0x0000000573c00000)
AC   0  F    TS     0 PTAMS 0x0000000573c00000 NTAMS 0x0000000573c00000 space 4096K,   0% used [0x0000000573c00000, 0x0000000574000000)
AC   0  F    TS     0 PTAMS 0x0000000574000000 NTAMS 0x0000000574000000 space 4096K,   0% used [0x0000000574000000, 0x0000000574400000)
AC   0  F    TS     0 PTAMS 0x0000000574400000 NTAMS 0x0000000574400000 space 4096K,   0% used [0x0000000574400000, 0x0000000574800000)
AC   0  F    TS     0 PTAMS 0x0000000574800000 NTAMS 0x0000000574800000 space 4096K,   0% used [0x0000000574800000, 0x0000000574c00000)
AC   0  F    TS     0 PTAMS 0x0000000574c00000 NTAMS 0x0000000574c00000 space 4096K,   0% used [0x0000000574c00000, 0x0000000575000000)
AC   0  F    TS     0 PTAMS 0x0000000575000000 NTAMS 0x0000000575000000 space 4096K,   0% used [0x0000000575000000, 0x0000000575400000)
AC   0  F    TS     0 PTAMS 0x0000000575400000 NTAMS 0x0000000575400000 space 4096K,   0% used [0x0000000575400000, 0x0000000575800000)
AC   0  F    TS     0 PTAMS 0x0000000575800000 NTAMS 0x0000000575800000 space 4096K,   0% used [0x0000000575800000, 0x0000000575c00000)
AC   0  F    TS     0 PTAMS 0x0000000575c00000 NTAMS 0x0000000575c00000 space 4096K,   0% used [0x0000000575c00000, 0x0000000576000000)
AC   0  F    TS     0 PTAMS 0x0000000576000000 NTAMS 0x0000000576000000 space 4096K,   0% used [0x0000000576000000, 0x0000000576400000)
AC   0  F    TS     0 PTAMS 0x0000000576400000 NTAMS 0x0000000576400000 space 4096K,   0% used [0x0000000576400000, 0x0000000576800000)
AC   0  F    TS     0 PTAMS 0x0000000576800000 NTAMS 0x0000000576800000 space 4096K,   0% used [0x0000000576800000, 0x0000000576c00000)
AC   0  F    TS     0 PTAMS 0x0000000576c00000 NTAMS 0x0000000576c00000 space 4096K,   0% used [0x0000000576c00000, 0x0000000577000000)
AC   0  F    TS     0 PTAMS 0x0000000577000000 NTAMS 0x0000000577000000 space 4096K,   0% used [0x0000000577000000, 0x0000000577400000)
AC   0  F    TS     0 PTAMS 0x0000000577400000 NTAMS 0x0000000577400000 space 4096K,   0% used [0x0000000577400000, 0x0000000577800000)
AC   0  F    TS     0 PTAMS 0x0000000577800000 NTAMS 0x0000000577800000 space 4096K,   0% used [0x0000000577800000, 0x0000000577c00000)
AC   0  F    TS     0 PTAMS 0x0000000577c00000 NTAMS 0x0000000577c00000 space 4096K,   0% used [0x0000000577c00000, 0x0000000578000000)
AC   0  F    TS     0 PTAMS 0x0000000578000000 NTAMS 0x0000000578000000 space 4096K,   0% used [0x0000000578000000, 0x0000000578400000)
AC   0  F    TS     0 PTAMS 0x0000000578400000 NTAMS 0x0000000578400000 space 4096K,   0% used [0x0000000578400000, 0x0000000578800000)
AC   0  F    TS     0 PTAMS 0x0000000578800000 NTAMS 0x0000000578800000 space 4096K,   0% used [0x0000000578800000, 0x0000000578c00000)
AC   0  F    TS     0 PTAMS 0x0000000578c00000 NTAMS 0x0000000578c00000 space 4096K,   0% used [0x0000000578c00000, 0x0000000579000000)
AC   0  F    TS     0 PTAMS 0x0000000579000000 NTAMS 0x0000000579000000 space 4096K,   0% used [0x0000000579000000, 0x0000000579400000)
AC   0  F    TS     0 PTAMS 0x0000000579400000 NTAMS 0x0000000579400000 space 4096K,   0% used [0x0000000579400000, 0x0000000579800000)
AC   0  F    TS     0 PTAMS 0x0000000579800000 NTAMS 0x0000000579800000 space 4096K,   0% used [0x0000000579800000, 0x0000000579c00000)
AC   0  F    TS     0 PTAMS 0x0000000579c00000 NTAMS 0x0000000579c00000 space 4096K,   0% used [0x0000000579c00000, 0x000000057a000000)
AC   0  F    TS     0 PTAMS 0x000000057a000000 NTAMS 0x000000057a000000 space 4096K,   0% used [0x000000057a000000, 0x000000057a400000)
AC   0  F    TS     0 PTAMS 0x000000057a400000 NTAMS 0x000000057a400000 space 4096K,   0% used [0x000000057a400000, 0x000000057a800000)
AC   0  F    TS     0 PTAMS 0x000000057a800000 NTAMS 0x000000057a800000 space 4096K,   0% used [0x000000057a800000, 0x000000057ac00000)
AC   0  F    TS     0 PTAMS 0x000000057ac00000 NTAMS 0x000000057ac00000 space 4096K,   0% used [0x000000057ac00000, 0x000000057b000000)
AC   0  F    TS     0 PTAMS 0x000000057b000000 NTAMS 0x000000057b000000 space 4096K,   0% used [0x000000057b000000, 0x000000057b400000)
AC   0  F    TS     0 PTAMS 0x000000057b400000 NTAMS 0x000000057b400000 space 4096K,   0% used [0x000000057b400000, 0x000000057b800000)
AC   0  F    TS     0 PTAMS 0x000000057b800000 NTAMS 0x000000057b800000 space 4096K,   0% used [0x000000057b800000, 0x000000057bc00000)
AC   0  F    TS     0 PTAMS 0x000000057bc00000 NTAMS 0x000000057bc00000 space 4096K,   0% used [0x000000057bc00000, 0x000000057c000000)
AC   0  F    TS     0 PTAMS 0x000000057c000000 NTAMS 0x000000057c000000 space 4096K,   0% used [0x000000057c000000, 0x000000057c400000)
AC   0  F    TS     0 PTAMS 0x000000057c400000 NTAMS 0x000000057c400000 space 4096K,   0% used [0x000000057c400000, 0x000000057c800000)
AC   0  F    TS     0 PTAMS 0x000000057c800000 NTAMS 0x000000057c800000 space 4096K,   0% used [0x000000057c800000, 0x000000057cc00000)
AC   0  F    TS     0 PTAMS 0x000000057cc00000 NTAMS 0x000000057cc00000 space 4096K,   0% used [0x000000057cc00000, 0x000000057d000000)
AC   0  F    TS     0 PTAMS 0x000000057d000000 NTAMS 0x000000057d000000 space 4096K,   0% used [0x000000057d000000, 0x000000057d400000)
AC   0  F    TS     0 PTAMS 0x000000057d400000 NTAMS 0x000000057d400000 space 4096K,   0% used [0x000000057d400000, 0x000000057d800000)
AC   0  F    TS     0 PTAMS 0x000000057d800000 NTAMS 0x000000057d800000 space 4096K,   0% used [0x000000057d800000, 0x000000057dc00000)
AC   0  F    TS     0 PTAMS 0x000000057dc00000 NTAMS 0x000000057dc00000 space 4096K,   0% used [0x000000057dc00000, 0x000000057e000000)
AC   0  F    TS     0 PTAMS 0x000000057e000000 NTAMS 0x000000057e000000 space 4096K,   0% used [0x000000057e000000, 0x000000057e400000)
AC   0  F    TS     0 PTAMS 0x000000057e400000 NTAMS 0x000000057e400000 space 4096K,   0% used [0x000000057e400000, 0x000000057e800000)
AC   0  F    TS     0 PTAMS 0x000000057e800000 NTAMS 0x000000057e800000 space 4096K,   0% used [0x000000057e800000, 0x000000057ec00000)
AC   0  F    TS     0 PTAMS 0x000000057ec00000 NTAMS 0x000000057ec00000 space 4096K,   0% used [0x000000057ec00000, 0x000000057f000000)
AC   0  F    TS     0 PTAMS 0x000000057f000000 NTAMS 0x000000057f000000 space 4096K,   0% used [0x000000057f000000, 0x000000057f400000)
AC   0  F    TS     0 PTAMS 0x000000057f400000 NTAMS 0x000000057f400000 space 4096K,   0% used [0x000000057f400000, 0x000000057f800000)
AC   0  F    TS     0 PTAMS 0x000000057f800000 NTAMS 0x000000057f800000 space 4096K,   0% used [0x000000057f800000, 0x000000057fc00000)
AC   0  F    TS     0 PTAMS 0x000000057fc00000 NTAMS 0x000000057fc00000 space 4096K,   0% used [0x000000057fc00000, 0x0000000580000000)
AC   0  F    TS     0 PTAMS 0x0000000580000000 NTAMS 0x0000000580000000 space 4096K,   0% used [0x0000000580000000, 0x0000000580400000)
AC   0  F    TS     0 PTAMS 0x0000000580400000 NTAMS 0x0000000580400000 space 4096K,   0% used [0x0000000580400000, 0x0000000580800000)
AC   0  F    TS     0 PTAMS 0x0000000580800000 NTAMS 0x0000000580800000 space 4096K,   0% used [0x0000000580800000, 0x0000000580c00000)
AC   0  F    TS     0 PTAMS 0x0000000580c00000 NTAMS 0x0000000580c00000 space 4096K,   0% used [0x0000000580c00000, 0x0000000581000000)
AC   0  F    TS     0 PTAMS 0x0000000581000000 NTAMS 0x0000000581000000 space 4096K,   0% used [0x0000000581000000, 0x0000000581400000)
AC   0  F    TS     0 PTAMS 0x0000000581400000 NTAMS 0x0000000581400000 space 4096K,   0% used [0x0000000581400000, 0x0000000581800000)
AC   0  F    TS     0 PTAMS 0x0000000581800000 NTAMS 0x0000000581800000 space 4096K,   0% used [0x0000000581800000, 0x0000000581c00000)
AC   0  F    TS     0 PTAMS 0x0000000581c00000 NTAMS 0x0000000581c00000 space 4096K,   0% used [0x0000000581c00000, 0x0000000582000000)
AC   0  F    TS     0 PTAMS 0x0000000582000000 NTAMS 0x0000000582000000 space 4096K,   0% used [0x0000000582000000, 0x0000000582400000)
AC   0  F    TS     0 PTAMS 0x0000000582400000 NTAMS 0x0000000582400000 space 4096K,   0% used [0x0000000582400000, 0x0000000582800000)
AC   0  F    TS     0 PTAMS 0x0000000582800000 NTAMS 0x0000000582800000 space 4096K,   0% used [0x0000000582800000, 0x0000000582c00000)
AC   0  F    TS     0 PTAMS 0x0000000582c00000 NTAMS 0x0000000582c00000 space 4096K,   0% used [0x0000000582c00000, 0x0000000583000000)
AC   0  F    TS     0 PTAMS 0x0000000583000000 NTAMS 0x0000000583000000 space 4096K,   0% used [0x0000000583000000, 0x0000000583400000)
AC   0  F    TS     0 PTAMS 0x0000000583400000 NTAMS 0x0000000583400000 space 4096K,   0% used [0x0000000583400000, 0x0000000583800000)
AC   0  F    TS     0 PTAMS 0x0000000583800000 NTAMS 0x0000000583800000 space 4096K,   0% used [0x0000000583800000, 0x0000000583c00000)
AC   0  F    TS     0 PTAMS 0x0000000583c00000 NTAMS 0x0000000583c00000 space 4096K,   0% used [0x0000000583c00000, 0x0000000584000000)
AC   0  F    TS     0 PTAMS 0x0000000584000000 NTAMS 0x0000000584000000 space 4096K,   0% used [0x0000000584000000, 0x0000000584400000)
AC   0  F    TS     0 PTAMS 0x0000000584400000 NTAMS 0x0000000584400000 space 4096K,   0% used [0x0000000584400000, 0x0000000584800000)
AC   0  F    TS     0 PTAMS 0x0000000584800000 NTAMS 0x0000000584800000 space 4096K,   0% used [0x0000000584800000, 0x0000000584c00000)
AC   0  F    TS     0 PTAMS 0x0000000584c00000 NTAMS 0x0000000584c00000 space 4096K,   0% used [0x0000000584c00000, 0x0000000585000000)
AC   0  F    TS     0 PTAMS 0x0000000585000000 NTAMS 0x0000000585000000 space 4096K,   0% used [0x0000000585000000, 0x0000000585400000)
AC   0  F    TS     0 PTAMS 0x0000000585400000 NTAMS 0x0000000585400000 space 4096K,   0% used [0x0000000585400000, 0x0000000585800000)
AC   0  F    TS     0 PTAMS 0x0000000585800000 NTAMS 0x0000000585800000 space 4096K,   0% used [0x0000000585800000, 0x0000000585c00000)
AC   0  F    TS     0 PTAMS 0x0000000585c00000 NTAMS 0x0000000585c00000 space 4096K,   0% used [0x0000000585c00000, 0x0000000586000000)
AC   0  F    TS     0 PTAMS 0x0000000586000000 NTAMS 0x0000000586000000 space 4096K,   0% used [0x0000000586000000, 0x0000000586400000)
AC   0  F    TS     0 PTAMS 0x0000000586400000 NTAMS 0x0000000586400000 space 4096K,   0% used [0x0000000586400000, 0x0000000586800000)
AC   0  F    TS     0 PTAMS 0x0000000586800000 NTAMS 0x0000000586800000 space 4096K,   0% used [0x0000000586800000, 0x0000000586c00000)
AC   0  F    TS     0 PTAMS 0x0000000586c00000 NTAMS 0x0000000586c00000 space 4096K,   0% used [0x0000000586c00000, 0x0000000587000000)
AC   0  F    TS     0 PTAMS 0x0000000587000000 NTAMS 0x0000000587000000 space 4096K,   0% used [0x0000000587000000, 0x0000000587400000)
AC   0  F    TS     0 PTAMS 0x0000000587400000 NTAMS 0x0000000587400000 space 4096K,   0% used [0x0000000587400000, 0x0000000587800000)
AC   0  F    TS     0 PTAMS 0x0000000587800000 NTAMS 0x0000000587800000 space 4096K,   0% used [0x0000000587800000, 0x0000000587c00000)
AC   0  F    TS     0 PTAMS 0x0000000587c00000 NTAMS 0x0000000587c00000 space 4096K,   0% used [0x0000000587c00000, 0x0000000588000000)
AC   0  F    TS     0 PTAMS 0x0000000588000000 NTAMS 0x0000000588000000 space 4096K,   0% used [0x0000000588000000, 0x0000000588400000)
AC   0  F    TS     0 PTAMS 0x0000000588400000 NTAMS 0x0000000588400000 space 4096K,   0% used [0x0000000588400000, 0x0000000588800000)
AC   0  F    TS     0 PTAMS 0x0000000588800000 NTAMS 0x0000000588800000 space 4096K,   0% used [0x0000000588800000, 0x0000000588c00000)
AC   0  F    TS     0 PTAMS 0x0000000588c00000 NTAMS 0x0000000588c00000 space 4096K,   0% used [0x0000000588c00000, 0x0000000589000000)
AC   0  F    TS     0 PTAMS 0x0000000589000000 NTAMS 0x0000000589000000 space 4096K,   0% used [0x0000000589000000, 0x0000000589400000)
AC   0  F    TS     0 PTAMS 0x0000000589400000 NTAMS 0x0000000589400000 space 4096K,   0% used [0x0000000589400000, 0x0000000589800000)
AC   0  F    TS     0 PTAMS 0x0000000589800000 NTAMS 0x0000000589800000 space 4096K,   0% used [0x0000000589800000, 0x0000000589c00000)
AC   0  F    TS     0 PTAMS 0x0000000589c00000 NTAMS 0x0000000589c00000 space 4096K,   0% used [0x0000000589c00000, 0x000000058a000000)
AC   0  F    TS     0 PTAMS 0x000000058a000000 NTAMS 0x000000058a000000 space 4096K,   0% used [0x000000058a000000, 0x000000058a400000)
AC   0  F    TS     0 PTAMS 0x000000058a400000 NTAMS 0x000000058a400000 space 4096K,   0% used [0x000000058a400000, 0x000000058a800000)
AC   0  F    TS     0 PTAMS 0x000000058a800000 NTAMS 0x000000058a800000 space 4096K,   0% used [0x000000058a800000, 0x000000058ac00000)
AC   0  F    TS     0 PTAMS 0x000000058ac00000 NTAMS 0x000000058ac00000 space 4096K,   0% used [0x000000058ac00000, 0x000000058b000000)
AC   0  F    TS     0 PTAMS 0x000000058b000000 NTAMS 0x000000058b000000 space 4096K,   0% used [0x000000058b000000, 0x000000058b400000)
AC   0  F    TS     0 PTAMS 0x000000058b400000 NTAMS 0x000000058b400000 space 4096K,   0% used [0x000000058b400000, 0x000000058b800000)
AC   0  F    TS     0 PTAMS 0x000000058b800000 NTAMS 0x000000058b800000 space 4096K,   0% used [0x000000058b800000, 0x000000058bc00000)
AC   0  F    TS     0 PTAMS 0x000000058bc00000 NTAMS 0x000000058bc00000 space 4096K,   0% used [0x000000058bc00000, 0x000000058c000000)
AC   0  F    TS     0 PTAMS 0x000000058c000000 NTAMS 0x000000058c000000 space 4096K,   0% used [0x000000058c000000, 0x000000058c400000)
AC   0  F    TS     0 PTAMS 0x000000058c400000 NTAMS 0x000000058c400000 space 4096K,   0% used [0x000000058c400000, 0x000000058c800000)
AC   0  F    TS     0 PTAMS 0x000000058c800000 NTAMS 0x000000058c800000 space 4096K,   0% used [0x000000058c800000, 0x000000058cc00000)
AC   0  F    TS     0 PTAMS 0x000000058cc00000 NTAMS 0x000000058cc00000 space 4096K,   0% used [0x000000058cc00000, 0x000000058d000000)
AC   0  F    TS     0 PTAMS 0x000000058d000000 NTAMS 0x000000058d000000 space 4096K,   0% used [0x000000058d000000, 0x000000058d400000)
AC   0  F    TS     0 PTAMS 0x000000058d400000 NTAMS 0x000000058d400000 space 4096K,   0% used [0x000000058d400000, 0x000000058d800000)
AC   0  F    TS     0 PTAMS 0x000000058d800000 NTAMS 0x000000058d800000 space 4096K,   0% used [0x000000058d800000, 0x000000058dc00000)
AC   0  F    TS     0 PTAMS 0x000000058dc00000 NTAMS 0x000000058dc00000 space 4096K,   0% used [0x000000058dc00000, 0x000000058e000000)
AC   0  F    TS     0 PTAMS 0x000000058e000000 NTAMS 0x000000058e000000 space 4096K,   0% used [0x000000058e000000, 0x000000058e400000)
AC   0  F    TS     0 PTAMS 0x000000058e400000 NTAMS 0x000000058e400000 space 4096K,   0% used [0x000000058e400000, 0x000000058e800000)
AC   0  F    TS     0 PTAMS 0x000000058e800000 NTAMS 0x000000058e800000 space 4096K,   0% used [0x000000058e800000, 0x000000058ec00000)
AC   0  F    TS     0 PTAMS 0x000000058ec00000 NTAMS 0x000000058ec00000 space 4096K,   0% used [0x000000058ec00000, 0x000000058f000000)
AC   0  F    TS     0 PTAMS 0x000000058f000000 NTAMS 0x000000058f000000 space 4096K,   0% used [0x000000058f000000, 0x000000058f400000)
AC   0  F    TS     0 PTAMS 0x000000058f400000 NTAMS 0x000000058f400000 space 4096K,   0% used [0x000000058f400000, 0x000000058f800000)
AC   0  F    TS     0 PTAMS 0x000000058f800000 NTAMS 0x000000058f800000 space 4096K,   0% used [0x000000058f800000, 0x000000058fc00000)
AC   0  F    TS     0 PTAMS 0x000000058fc00000 NTAMS 0x000000058fc00000 space 4096K,   0% used [0x000000058fc00000, 0x0000000590000000)
AC   0  F    TS     0 PTAMS 0x0000000590000000 NTAMS 0x0000000590000000 space 4096K,   0% used [0x0000000590000000, 0x0000000590400000)
AC   0  F    TS     0 PTAMS 0x0000000590400000 NTAMS 0x0000000590400000 space 4096K,   0% used [0x0000000590400000, 0x0000000590800000)
AC   0  F    TS     0 PTAMS 0x0000000590800000 NTAMS 0x0000000590800000 space 4096K,   0% used [0x0000000590800000, 0x0000000590c00000)
AC   0  F    TS     0 PTAMS 0x0000000590c00000 NTAMS 0x0000000590c00000 space 4096K,   0% used [0x0000000590c00000, 0x0000000591000000)
AC   0  F    TS     0 PTAMS 0x0000000591000000 NTAMS 0x0000000591000000 space 4096K,   0% used [0x0000000591000000, 0x0000000591400000)
AC   0  F    TS     0 PTAMS 0x0000000591400000 NTAMS 0x0000000591400000 space 4096K,   0% used [0x0000000591400000, 0x0000000591800000)
AC   0  F    TS     0 PTAMS 0x0000000591800000 NTAMS 0x0000000591800000 space 4096K,   0% used [0x0000000591800000, 0x0000000591c00000)
AC   0  F    TS     0 PTAMS 0x0000000591c00000 NTAMS 0x0000000591c00000 space 4096K,   0% used [0x0000000591c00000, 0x0000000592000000)
AC   0  F    TS     0 PTAMS 0x0000000592000000 NTAMS 0x0000000592000000 space 4096K,   0% used [0x0000000592000000, 0x0000000592400000)
AC   0  F    TS     0 PTAMS 0x0000000592400000 NTAMS 0x0000000592400000 space 4096K,   0% used [0x0000000592400000, 0x0000000592800000)
AC   0  F    TS     0 PTAMS 0x0000000592800000 NTAMS 0x0000000592800000 space 4096K,   0% used [0x0000000592800000, 0x0000000592c00000)
AC   0  F    TS     0 PTAMS 0x0000000592c00000 NTAMS 0x0000000592c00000 space 4096K,   0% used [0x0000000592c00000, 0x0000000593000000)
AC   0  F    TS     0 PTAMS 0x0000000593000000 NTAMS 0x0000000593000000 space 4096K,   0% used [0x0000000593000000, 0x0000000593400000)
AC   0  F    TS     0 PTAMS 0x0000000593400000 NTAMS 0x0000000593400000 space 4096K,   0% used [0x0000000593400000, 0x0000000593800000)
AC   0  F    TS     0 PTAMS 0x0000000593800000 NTAMS 0x0000000593800000 space 4096K,   0% used [0x0000000593800000, 0x0000000593c00000)
AC   0  F    TS     0 PTAMS 0x0000000593c00000 NTAMS 0x0000000593c00000 space 4096K,   0% used [0x0000000593c00000, 0x0000000594000000)
AC   0  F    TS     0 PTAMS 0x0000000594000000 NTAMS 0x0000000594000000 space 4096K,   0% used [0x0000000594000000, 0x0000000594400000)
AC   0  F    TS     0 PTAMS 0x0000000594400000 NTAMS 0x0000000594400000 space 4096K,   0% used [0x0000000594400000, 0x0000000594800000)
AC   0  F    TS     0 PTAMS 0x0000000594800000 NTAMS 0x0000000594800000 space 4096K,   0% used [0x0000000594800000, 0x0000000594c00000)
AC   0  F    TS     0 PTAMS 0x0000000594c00000 NTAMS 0x0000000594c00000 space 4096K,   0% used [0x0000000594c00000, 0x0000000595000000)
AC   0  F    TS     0 PTAMS 0x0000000595000000 NTAMS 0x0000000595000000 space 4096K,   0% used [0x0000000595000000, 0x0000000595400000)
AC   0  F    TS     0 PTAMS 0x0000000595400000 NTAMS 0x0000000595400000 space 4096K,   0% used [0x0000000595400000, 0x0000000595800000)
AC   0  F    TS     0 PTAMS 0x0000000595800000 NTAMS 0x0000000595800000 space 4096K,   0% used [0x0000000595800000, 0x0000000595c00000)
AC   0  F    TS     0 PTAMS 0x0000000595c00000 NTAMS 0x0000000595c00000 space 4096K,   0% used [0x0000000595c00000, 0x0000000596000000)
AC   0  F    TS     0 PTAMS 0x0000000596000000 NTAMS 0x0000000596000000 space 4096K,   0% used [0x0000000596000000, 0x0000000596400000)
AC   0  F    TS     0 PTAMS 0x0000000596400000 NTAMS 0x0000000596400000 space 4096K,   0% used [0x0000000596400000, 0x0000000596800000)
AC   0  F    TS     0 PTAMS 0x0000000596800000 NTAMS 0x0000000596800000 space 4096K,   0% used [0x0000000596800000, 0x0000000596c00000)
AC   0  F    TS     0 PTAMS 0x0000000596c00000 NTAMS 0x0000000596c00000 space 4096K,   0% used [0x0000000596c00000, 0x0000000597000000)
AC   0  F    TS     0 PTAMS 0x0000000597000000 NTAMS 0x0000000597000000 space 4096K,   0% used [0x0000000597000000, 0x0000000597400000)
AC   0  F    TS     0 PTAMS 0x0000000597400000 NTAMS 0x0000000597400000 space 4096K,   0% used [0x0000000597400000, 0x0000000597800000)
AC   0  F    TS     0 PTAMS 0x0000000597800000 NTAMS 0x0000000597800000 space 4096K,   0% used [0x0000000597800000, 0x0000000597c00000)
AC   0  F    TS     0 PTAMS 0x0000000597c00000 NTAMS 0x0000000597c00000 space 4096K,   0% used [0x0000000597c00000, 0x0000000598000000)
AC   0  F    TS     0 PTAMS 0x0000000598000000 NTAMS 0x0000000598000000 space 4096K,   0% used [0x0000000598000000, 0x0000000598400000)
AC   0  F    TS     0 PTAMS 0x0000000598400000 NTAMS 0x0000000598400000 space 4096K,   0% used [0x0000000598400000, 0x0000000598800000)
AC   0  F    TS     0 PTAMS 0x0000000598800000 NTAMS 0x0000000598800000 space 4096K,   0% used [0x0000000598800000, 0x0000000598c00000)
AC   0  F    TS     0 PTAMS 0x0000000598c00000 NTAMS 0x0000000598c00000 space 4096K,   0% used [0x0000000598c00000, 0x0000000599000000)
AC   0  F    TS     0 PTAMS 0x0000000599000000 NTAMS 0x0000000599000000 space 4096K,   0% used [0x0000000599000000, 0x0000000599400000)
AC   0  F    TS     0 PTAMS 0x0000000599400000 NTAMS 0x0000000599400000 space 4096K,   0% used [0x0000000599400000, 0x0000000599800000)
AC   0  F    TS     0 PTAMS 0x0000000599800000 NTAMS 0x0000000599800000 space 4096K,   0% used [0x0000000599800000, 0x0000000599c00000)
AC   0  F    TS     0 PTAMS 0x0000000599c00000 NTAMS 0x0000000599c00000 space 4096K,   0% used [0x0000000599c00000, 0x000000059a000000)
AC   0  F    TS     0 PTAMS 0x000000059a000000 NTAMS 0x000000059a000000 space 4096K,   0% used [0x000000059a000000, 0x000000059a400000)
AC   0  F    TS     0 PTAMS 0x000000059a400000 NTAMS 0x000000059a400000 space 4096K,   0% used [0x000000059a400000, 0x000000059a800000)
AC   0  F    TS     0 PTAMS 0x000000059a800000 NTAMS 0x000000059a800000 space 4096K,   0% used [0x000000059a800000, 0x000000059ac00000)
AC   0  F    TS     0 PTAMS 0x000000059ac00000 NTAMS 0x000000059ac00000 space 4096K,   0% used [0x000000059ac00000, 0x000000059b000000)
AC   0  F    TS     0 PTAMS 0x000000059b000000 NTAMS 0x000000059b000000 space 4096K,   0% used [0x000000059b000000, 0x000000059b400000)
AC   0  F    TS     0 PTAMS 0x000000059b400000 NTAMS 0x000000059b400000 space 4096K,   0% used [0x000000059b400000, 0x000000059b800000)
AC   0  F    TS     0 PTAMS 0x000000059b800000 NTAMS 0x000000059b800000 space 4096K,   0% used [0x000000059b800000, 0x000000059bc00000)
AC   0  F    TS     0 PTAMS 0x000000059bc00000 NTAMS 0x000000059bc00000 space 4096K,   0% used [0x000000059bc00000, 0x000000059c000000)
AC   0  F    TS     0 PTAMS 0x000000059c000000 NTAMS 0x000000059c000000 space 4096K,   0% used [0x000000059c000000, 0x000000059c400000)
AC   0  F    TS     0 PTAMS 0x000000059c400000 NTAMS 0x000000059c400000 space 4096K,   0% used [0x000000059c400000, 0x000000059c800000)
AC   0  F    TS     0 PTAMS 0x000000059c800000 NTAMS 0x000000059c800000 space 4096K,   0% used [0x000000059c800000, 0x000000059cc00000)
AC   0  F    TS     0 PTAMS 0x000000059cc00000 NTAMS 0x000000059cc00000 space 4096K,   0% used [0x000000059cc00000, 0x000000059d000000)
AC   0  F    TS     0 PTAMS 0x000000059d000000 NTAMS 0x000000059d000000 space 4096K,   0% used [0x000000059d000000, 0x000000059d400000)
AC   0  F    TS     0 PTAMS 0x000000059d400000 NTAMS 0x000000059d400000 space 4096K,   0% used [0x000000059d400000, 0x000000059d800000)
AC   0  F    TS     0 PTAMS 0x000000059d800000 NTAMS 0x000000059d800000 space 4096K,   0% used [0x000000059d800000, 0x000000059dc00000)
AC   0  F    TS     0 PTAMS 0x000000059dc00000 NTAMS 0x000000059dc00000 space 4096K,   0% used [0x000000059dc00000, 0x000000059e000000)
AC   0  F    TS     0 PTAMS 0x000000059e000000 NTAMS 0x000000059e000000 space 4096K,   0% used [0x000000059e000000, 0x000000059e400000)
AC   0  F    TS     0 PTAMS 0x000000059e400000 NTAMS 0x000000059e400000 space 4096K,   0% used [0x000000059e400000, 0x000000059e800000)
AC   0  F    TS     0 PTAMS 0x000000059e800000 NTAMS 0x000000059e800000 space 4096K,   0% used [0x000000059e800000, 0x000000059ec00000)
AC   0  F    TS     0 PTAMS 0x000000059ec00000 NTAMS 0x000000059ec00000 space 4096K,   0% used [0x000000059ec00000, 0x000000059f000000)
AC   0  F    TS     0 PTAMS 0x000000059f000000 NTAMS 0x000000059f000000 space 4096K,   0% used [0x000000059f000000, 0x000000059f400000)
AC   0  F    TS     0 PTAMS 0x000000059f400000 NTAMS 0x000000059f400000 space 4096K,   0% used [0x000000059f400000, 0x000000059f800000)
AC   0  F    TS     0 PTAMS 0x000000059f800000 NTAMS 0x000000059f800000 space 4096K,   0% used [0x000000059f800000, 0x000000059fc00000)
AC   0  F    TS     0 PTAMS 0x000000059fc00000 NTAMS 0x000000059fc00000 space 4096K,   0% used [0x000000059fc00000, 0x00000005a0000000)
AC   0  F    TS     0 PTAMS 0x00000005a0000000 NTAMS 0x00000005a0000000 space 4096K,   0% used [0x00000005a0000000, 0x00000005a0400000)
AC   0  F    TS     0 PTAMS 0x00000005a0400000 NTAMS 0x00000005a0400000 space 4096K,   0% used [0x00000005a0400000, 0x00000005a0800000)
AC   0  F    TS     0 PTAMS 0x00000005a0800000 NTAMS 0x00000005a0800000 space 4096K,   0% used [0x00000005a0800000, 0x00000005a0c00000)
AC   0  F    TS     0 PTAMS 0x00000005a0c00000 NTAMS 0x00000005a0c00000 space 4096K,   0% used [0x00000005a0c00000, 0x00000005a1000000)
AC   0  F    TS     0 PTAMS 0x00000005a1000000 NTAMS 0x00000005a1000000 space 4096K,   0% used [0x00000005a1000000, 0x00000005a1400000)
AC   0  F    TS     0 PTAMS 0x00000005a1400000 NTAMS 0x00000005a1400000 space 4096K,   0% used [0x00000005a1400000, 0x00000005a1800000)
AC   0  F    TS     0 PTAMS 0x00000005a1800000 NTAMS 0x00000005a1800000 space 4096K,   0% used [0x00000005a1800000, 0x00000005a1c00000)
AC   0  F    TS     0 PTAMS 0x00000005a1c00000 NTAMS 0x00000005a1c00000 space 4096K,   0% used [0x00000005a1c00000, 0x00000005a2000000)
AC   0  F    TS     0 PTAMS 0x00000005a2000000 NTAMS 0x00000005a2000000 space 4096K,   0% used [0x00000005a2000000, 0x00000005a2400000)
AC   0  F    TS     0 PTAMS 0x00000005a2400000 NTAMS 0x00000005a2400000 space 4096K,   0% used [0x00000005a2400000, 0x00000005a2800000)
AC   0  F    TS     0 PTAMS 0x00000005a2800000 NTAMS 0x00000005a2800000 space 4096K,   0% used [0x00000005a2800000, 0x00000005a2c00000)
AC   0  F    TS     0 PTAMS 0x00000005a2c00000 NTAMS 0x00000005a2c00000 space 4096K,   0% used [0x00000005a2c00000, 0x00000005a3000000)
AC   0  F    TS     0 PTAMS 0x00000005a3000000 NTAMS 0x00000005a3000000 space 4096K,   0% used [0x00000005a3000000, 0x00000005a3400000)
AC   0  F    TS     0 PTAMS 0x00000005a3400000 NTAMS 0x00000005a3400000 space 4096K,   0% used [0x00000005a3400000, 0x00000005a3800000)
AC   0  F    TS     0 PTAMS 0x00000005a3800000 NTAMS 0x00000005a3800000 space 4096K,   0% used [0x00000005a3800000, 0x00000005a3c00000)
AC   0  F    TS     0 PTAMS 0x00000005a3c00000 NTAMS 0x00000005a3c00000 space 4096K,   0% used [0x00000005a3c00000, 0x00000005a4000000)
AC   0  F    TS     0 PTAMS 0x00000005a4000000 NTAMS 0x00000005a4000000 space 4096K,   0% used [0x00000005a4000000, 0x00000005a4400000)
AC   0  F    TS     0 PTAMS 0x00000005a4400000 NTAMS 0x00000005a4400000 space 4096K,   0% used [0x00000005a4400000, 0x00000005a4800000)
AC   0  F    TS     0 PTAMS 0x00000005a4800000 NTAMS 0x00000005a4800000 space 4096K,   0% used [0x00000005a4800000, 0x00000005a4c00000)
AC   0  F    TS     0 PTAMS 0x00000005a4c00000 NTAMS 0x00000005a4c00000 space 4096K,   0% used [0x00000005a4c00000, 0x00000005a5000000)
AC   0  F    TS     0 PTAMS 0x00000005a5000000 NTAMS 0x00000005a5000000 space 4096K,   0% used [0x00000005a5000000, 0x00000005a5400000)
AC   0  F    TS     0 PTAMS 0x00000005a5400000 NTAMS 0x00000005a5400000 space 4096K,   0% used [0x00000005a5400000, 0x00000005a5800000)
AC   0  F    TS     0 PTAMS 0x00000005a5800000 NTAMS 0x00000005a5800000 space 4096K,   0% used [0x00000005a5800000, 0x00000005a5c00000)
AC   0  F    TS     0 PTAMS 0x00000005a5c00000 NTAMS 0x00000005a5c00000 space 4096K,   0% used [0x00000005a5c00000, 0x00000005a6000000)
AC   0  F    TS     0 PTAMS 0x00000005a6000000 NTAMS 0x00000005a6000000 space 4096K,   0% used [0x00000005a6000000, 0x00000005a6400000)
AC   0  F    TS     0 PTAMS 0x00000005a6400000 NTAMS 0x00000005a6400000 space 4096K,   0% used [0x00000005a6400000, 0x00000005a6800000)
AC   0  F    TS     0 PTAMS 0x00000005a6800000 NTAMS 0x00000005a6800000 space 4096K,   0% used [0x00000005a6800000, 0x00000005a6c00000)
AC   0  F    TS     0 PTAMS 0x00000005a6c00000 NTAMS 0x00000005a6c00000 space 4096K,   0% used [0x00000005a6c00000, 0x00000005a7000000)
AC   0  F    TS     0 PTAMS 0x00000005a7000000 NTAMS 0x00000005a7000000 space 4096K,   0% used [0x00000005a7000000, 0x00000005a7400000)
AC   0  F    TS     0 PTAMS 0x00000005a7400000 NTAMS 0x00000005a7400000 space 4096K,   0% used [0x00000005a7400000, 0x00000005a7800000)
AC   0  F    TS     0 PTAMS 0x00000005a7800000 NTAMS 0x00000005a7800000 space 4096K,   0% used [0x00000005a7800000, 0x00000005a7c00000)
AC   0  F    TS     0 PTAMS 0x00000005a7c00000 NTAMS 0x00000005a7c00000 space 4096K,   0% used [0x00000005a7c00000, 0x00000005a8000000)
AC   0  F    TS     0 PTAMS 0x00000005a8000000 NTAMS 0x00000005a8000000 space 4096K,   0% used [0x00000005a8000000, 0x00000005a8400000)
AC   0  F    TS     0 PTAMS 0x00000005a8400000 NTAMS 0x00000005a8400000 space 4096K,   0% used [0x00000005a8400000, 0x00000005a8800000)
AC   0  F    TS     0 PTAMS 0x00000005a8800000 NTAMS 0x00000005a8800000 space 4096K,   0% used [0x00000005a8800000, 0x00000005a8c00000)
AC   0  F    TS     0 PTAMS 0x00000005a8c00000 NTAMS 0x00000005a8c00000 space 4096K,   0% used [0x00000005a8c00000, 0x00000005a9000000)
AC   0  F    TS     0 PTAMS 0x00000005a9000000 NTAMS 0x00000005a9000000 space 4096K,   0% used [0x00000005a9000000, 0x00000005a9400000)
AC   0  F    TS     0 PTAMS 0x00000005a9400000 NTAMS 0x00000005a9400000 space 4096K,   0% used [0x00000005a9400000, 0x00000005a9800000)
AC   0  F    TS     0 PTAMS 0x00000005a9800000 NTAMS 0x00000005a9800000 space 4096K,   0% used [0x00000005a9800000, 0x00000005a9c00000)
AC   0  F    TS     0 PTAMS 0x00000005a9c00000 NTAMS 0x00000005a9c00000 space 4096K,   0% used [0x00000005a9c00000, 0x00000005aa000000)
AC   0  F    TS     0 PTAMS 0x00000005aa000000 NTAMS 0x00000005aa000000 space 4096K,   0% used [0x00000005aa000000, 0x00000005aa400000)
AC   0  F    TS     0 PTAMS 0x00000005aa400000 NTAMS 0x00000005aa400000 space 4096K,   0% used [0x00000005aa400000, 0x00000005aa800000)
AC   0  F    TS     0 PTAMS 0x00000005aa800000 NTAMS 0x00000005aa800000 space 4096K,   0% used [0x00000005aa800000, 0x00000005aac00000)
AC   0  F    TS     0 PTAMS 0x00000005aac00000 NTAMS 0x00000005aac00000 space 4096K,   0% used [0x00000005aac00000, 0x00000005ab000000)
AC   0  F    TS     0 PTAMS 0x00000005ab000000 NTAMS 0x00000005ab000000 space 4096K,   0% used [0x00000005ab000000, 0x00000005ab400000)
AC   0  F    TS     0 PTAMS 0x00000005ab400000 NTAMS 0x00000005ab400000 space 4096K,   0% used [0x00000005ab400000, 0x00000005ab800000)
AC   0  F    TS     0 PTAMS 0x00000005ab800000 NTAMS 0x00000005ab800000 space 4096K,   0% used [0x00000005ab800000, 0x00000005abc00000)
AC   0  F    TS     0 PTAMS 0x00000005abc00000 NTAMS 0x00000005abc00000 space 4096K,   0% used [0x00000005abc00000, 0x00000005ac000000)
AC   0  F    TS     0 PTAMS 0x00000005ac000000 NTAMS 0x00000005ac000000 space 4096K,   0% used [0x00000005ac000000, 0x00000005ac400000)
AC   0  F    TS     0 PTAMS 0x00000005ac400000 NTAMS 0x00000005ac400000 space 4096K,   0% used [0x00000005ac400000, 0x00000005ac800000)
AC   0  F    TS     0 PTAMS 0x00000005ac800000 NTAMS 0x00000005ac800000 space 4096K,   0% used [0x00000005ac800000, 0x00000005acc00000)
AC   0  F    TS     0 PTAMS 0x00000005acc00000 NTAMS 0x00000005acc00000 space 4096K,   0% used [0x00000005acc00000, 0x00000005ad000000)
AC   0  F    TS     0 PTAMS 0x00000005ad000000 NTAMS 0x00000005ad000000 space 4096K,   0% used [0x00000005ad000000, 0x00000005ad400000)
AC   0  F    TS     0 PTAMS 0x00000005ad400000 NTAMS 0x00000005ad400000 space 4096K,   0% used [0x00000005ad400000, 0x00000005ad800000)
AC   0  F    TS     0 PTAMS 0x00000005ad800000 NTAMS 0x00000005ad800000 space 4096K,   0% used [0x00000005ad800000, 0x00000005adc00000)
AC   0  F    TS     0 PTAMS 0x00000005adc00000 NTAMS 0x00000005adc00000 space 4096K,   0% used [0x00000005adc00000, 0x00000005ae000000)
AC   0  F    TS     0 PTAMS 0x00000005ae000000 NTAMS 0x00000005ae000000 space 4096K,   0% used [0x00000005ae000000, 0x00000005ae400000)
AC   0  F    TS     0 PTAMS 0x00000005ae400000 NTAMS 0x00000005ae400000 space 4096K,   0% used [0x00000005ae400000, 0x00000005ae800000)
AC   0  F    TS     0 PTAMS 0x00000005ae800000 NTAMS 0x00000005ae800000 space 4096K,   0% used [0x00000005ae800000, 0x00000005aec00000)
AC   0  F    TS     0 PTAMS 0x00000005aec00000 NTAMS 0x00000005aec00000 space 4096K,   0% used [0x00000005aec00000, 0x00000005af000000)
AC   0  F    TS     0 PTAMS 0x00000005af000000 NTAMS 0x00000005af000000 space 4096K,   0% used [0x00000005af000000, 0x00000005af400000)
AC   0  F    TS     0 PTAMS 0x00000005af400000 NTAMS 0x00000005af400000 space 4096K,   0% used [0x00000005af400000, 0x00000005af800000)
AC   0  F    TS     0 PTAMS 0x00000005af800000 NTAMS 0x00000005af800000 space 4096K,   0% used [0x00000005af800000, 0x00000005afc00000)
AC   0  F    TS     0 PTAMS 0x00000005afc00000 NTAMS 0x00000005afc00000 space 4096K,   0% used [0x00000005afc00000, 0x00000005b0000000)
AC   0  F    TS     0 PTAMS 0x00000005b0000000 NTAMS 0x00000005b0000000 space 4096K,   0% used [0x00000005b0000000, 0x00000005b0400000)
AC   0  F    TS     0 PTAMS 0x00000005b0400000 NTAMS 0x00000005b0400000 space 4096K,   0% used [0x00000005b0400000, 0x00000005b0800000)
AC   0  F    TS     0 PTAMS 0x00000005b0800000 NTAMS 0x00000005b0800000 space 4096K,   0% used [0x00000005b0800000, 0x00000005b0c00000)
AC   0  F    TS     0 PTAMS 0x00000005b0c00000 NTAMS 0x00000005b0c00000 space 4096K,   0% used [0x00000005b0c00000, 0x00000005b1000000)
AC   0  F    TS     0 PTAMS 0x00000005b1000000 NTAMS 0x00000005b1000000 space 4096K,   0% used [0x00000005b1000000, 0x00000005b1400000)
AC   0  F    TS     0 PTAMS 0x00000005b1400000 NTAMS 0x00000005b1400000 space 4096K,   0% used [0x00000005b1400000, 0x00000005b1800000)
AC   0  F    TS     0 PTAMS 0x00000005b1800000 NTAMS 0x00000005b1800000 space 4096K,   0% used [0x00000005b1800000, 0x00000005b1c00000)
AC   0  F    TS     0 PTAMS 0x00000005b1c00000 NTAMS 0x00000005b1c00000 space 4096K,   0% used [0x00000005b1c00000, 0x00000005b2000000)
AC   0  F    TS     0 PTAMS 0x00000005b2000000 NTAMS 0x00000005b2000000 space 4096K,   0% used [0x00000005b2000000, 0x00000005b2400000)
AC   0  F    TS     0 PTAMS 0x00000005b2400000 NTAMS 0x00000005b2400000 space 4096K,   0% used [0x00000005b2400000, 0x00000005b2800000)
AC   0  F    TS     0 PTAMS 0x00000005b2800000 NTAMS 0x00000005b2800000 space 4096K,   0% used [0x00000005b2800000, 0x00000005b2c00000)
AC   0  F    TS     0 PTAMS 0x00000005b2c00000 NTAMS 0x00000005b2c00000 space 4096K,   0% used [0x00000005b2c00000, 0x00000005b3000000)
AC   0  F    TS     0 PTAMS 0x00000005b3000000 NTAMS 0x00000005b3000000 space 4096K,   0% used [0x00000005b3000000, 0x00000005b3400000)
AC   0  F    TS     0 PTAMS 0x00000005b3400000 NTAMS 0x00000005b3400000 space 4096K,   0% used [0x00000005b3400000, 0x00000005b3800000)
AC   0  F    TS     0 PTAMS 0x00000005b3800000 NTAMS 0x00000005b3800000 space 4096K,   0% used [0x00000005b3800000, 0x00000005b3c00000)
AC   0  F    TS     0 PTAMS 0x00000005b3c00000 NTAMS 0x00000005b3c00000 space 4096K,   0% used [0x00000005b3c00000, 0x00000005b4000000)
AC   0  F    TS     0 PTAMS 0x00000005b4000000 NTAMS 0x00000005b4000000 space 4096K,   0% used [0x00000005b4000000, 0x00000005b4400000)
AC   0  F    TS     0 PTAMS 0x00000005b4400000 NTAMS 0x00000005b4400000 space 4096K,   0% used [0x00000005b4400000, 0x00000005b4800000)
AC   0  F    TS     0 PTAMS 0x00000005b4800000 NTAMS 0x00000005b4800000 space 4096K,   0% used [0x00000005b4800000, 0x00000005b4c00000)
AC   0  F    TS     0 PTAMS 0x00000005b4c00000 NTAMS 0x00000005b4c00000 space 4096K,   0% used [0x00000005b4c00000, 0x00000005b5000000)
AC   0  F    TS     0 PTAMS 0x00000005b5000000 NTAMS 0x00000005b5000000 space 4096K,   0% used [0x00000005b5000000, 0x00000005b5400000)
AC   0  F    TS     0 PTAMS 0x00000005b5400000 NTAMS 0x00000005b5400000 space 4096K,   0% used [0x00000005b5400000, 0x00000005b5800000)
AC   0  F    TS     0 PTAMS 0x00000005b5800000 NTAMS 0x00000005b5800000 space 4096K,   0% used [0x00000005b5800000, 0x00000005b5c00000)
AC   0  F    TS     0 PTAMS 0x00000005b5c00000 NTAMS 0x00000005b5c00000 space 4096K,   0% used [0x00000005b5c00000, 0x00000005b6000000)
AC   0  F    TS     0 PTAMS 0x00000005b6000000 NTAMS 0x00000005b6000000 space 4096K,   0% used [0x00000005b6000000, 0x00000005b6400000)
AC   0  F    TS     0 PTAMS 0x00000005b6400000 NTAMS 0x00000005b6400000 space 4096K,   0% used [0x00000005b6400000, 0x00000005b6800000)
AC   0  F    TS     0 PTAMS 0x00000005b6800000 NTAMS 0x00000005b6800000 space 4096K,   0% used [0x00000005b6800000, 0x00000005b6c00000)
AC   0  F    TS     0 PTAMS 0x00000005b6c00000 NTAMS 0x00000005b6c00000 space 4096K,   0% used [0x00000005b6c00000, 0x00000005b7000000)
AC   0  F    TS     0 PTAMS 0x00000005b7000000 NTAMS 0x00000005b7000000 space 4096K,   0% used [0x00000005b7000000, 0x00000005b7400000)
AC   0  F    TS     0 PTAMS 0x00000005b7400000 NTAMS 0x00000005b7400000 space 4096K,   0% used [0x00000005b7400000, 0x00000005b7800000)
AC   0  F    TS     0 PTAMS 0x00000005b7800000 NTAMS 0x00000005b7800000 space 4096K,   0% used [0x00000005b7800000, 0x00000005b7c00000)
AC   0  F    TS     0 PTAMS 0x00000005b7c00000 NTAMS 0x00000005b7c00000 space 4096K,   0% used [0x00000005b7c00000, 0x00000005b8000000)
AC   0  F    TS     0 PTAMS 0x00000005b8000000 NTAMS 0x00000005b8000000 space 4096K,   0% used [0x00000005b8000000, 0x00000005b8400000)
AC   0  F    TS     0 PTAMS 0x00000005b8400000 NTAMS 0x00000005b8400000 space 4096K,   0% used [0x00000005b8400000, 0x00000005b8800000)
AC   0  F    TS     0 PTAMS 0x00000005b8800000 NTAMS 0x00000005b8800000 space 4096K,   0% used [0x00000005b8800000, 0x00000005b8c00000)
AC   0  F    TS     0 PTAMS 0x00000005b8c00000 NTAMS 0x00000005b8c00000 space 4096K,   0% used [0x00000005b8c00000, 0x00000005b9000000)
AC   0  F    TS     0 PTAMS 0x00000005b9000000 NTAMS 0x00000005b9000000 space 4096K,   0% used [0x00000005b9000000, 0x00000005b9400000)
AC   0  F    TS     0 PTAMS 0x00000005b9400000 NTAMS 0x00000005b9400000 space 4096K,   0% used [0x00000005b9400000, 0x00000005b9800000)
AC   0  F    TS     0 PTAMS 0x00000005b9800000 NTAMS 0x00000005b9800000 space 4096K,   0% used [0x00000005b9800000, 0x00000005b9c00000)
AC   0  F    TS     0 PTAMS 0x00000005b9c00000 NTAMS 0x00000005b9c00000 space 4096K,   0% used [0x00000005b9c00000, 0x00000005ba000000)
AC   0  F    TS     0 PTAMS 0x00000005ba000000 NTAMS 0x00000005ba000000 space 4096K,   0% used [0x00000005ba000000, 0x00000005ba400000)
AC   0  F    TS     0 PTAMS 0x00000005ba400000 NTAMS 0x00000005ba400000 space 4096K,   0% used [0x00000005ba400000, 0x00000005ba800000)
AC   0  F    TS     0 PTAMS 0x00000005ba800000 NTAMS 0x00000005ba800000 space 4096K,   0% used [0x00000005ba800000, 0x00000005bac00000)
AC   0  F    TS     0 PTAMS 0x00000005bac00000 NTAMS 0x00000005bac00000 space 4096K,   0% used [0x00000005bac00000, 0x00000005bb000000)
AC   0  F    TS     0 PTAMS 0x00000005bb000000 NTAMS 0x00000005bb000000 space 4096K,   0% used [0x00000005bb000000, 0x00000005bb400000)
AC   0  F    TS     0 PTAMS 0x00000005bb400000 NTAMS 0x00000005bb400000 space 4096K,   0% used [0x00000005bb400000, 0x00000005bb800000)
AC   0  F    TS     0 PTAMS 0x00000005bb800000 NTAMS 0x00000005bb800000 space 4096K,   0% used [0x00000005bb800000, 0x00000005bbc00000)
AC   0  F    TS     0 PTAMS 0x00000005bbc00000 NTAMS 0x00000005bbc00000 space 4096K,   0% used [0x00000005bbc00000, 0x00000005bc000000)
AC   0  F    TS     0 PTAMS 0x00000005bc000000 NTAMS 0x00000005bc000000 space 4096K,   0% used [0x00000005bc000000, 0x00000005bc400000)
AC   0  F    TS     0 PTAMS 0x00000005bc400000 NTAMS 0x00000005bc400000 space 4096K,   0% used [0x00000005bc400000, 0x00000005bc800000)
AC   0  F    TS     0 PTAMS 0x00000005bc800000 NTAMS 0x00000005bc800000 space 4096K,   0% used [0x00000005bc800000, 0x00000005bcc00000)
AC   0  F    TS     0 PTAMS 0x00000005bcc00000 NTAMS 0x00000005bcc00000 space 4096K,   0% used [0x00000005bcc00000, 0x00000005bd000000)
AC   0  F    TS     0 PTAMS 0x00000005bd000000 NTAMS 0x00000005bd000000 space 4096K,   0% used [0x00000005bd000000, 0x00000005bd400000)
AC   0  F    TS     0 PTAMS 0x00000005bd400000 NTAMS 0x00000005bd400000 space 4096K,   0% used [0x00000005bd400000, 0x00000005bd800000)
AC   0  F    TS     0 PTAMS 0x00000005bd800000 NTAMS 0x00000005bd800000 space 4096K,   0% used [0x00000005bd800000, 0x00000005bdc00000)
AC   0  F    TS     0 PTAMS 0x00000005bdc00000 NTAMS 0x00000005bdc00000 space 4096K,   0% used [0x00000005bdc00000, 0x00000005be000000)
AC   0  F    TS     0 PTAMS 0x00000005be000000 NTAMS 0x00000005be000000 space 4096K,   0% used [0x00000005be000000, 0x00000005be400000)
AC   0  F    TS     0 PTAMS 0x00000005be400000 NTAMS 0x00000005be400000 space 4096K,   0% used [0x00000005be400000, 0x00000005be800000)
AC   0  F    TS     0 PTAMS 0x00000005be800000 NTAMS 0x00000005be800000 space 4096K,   0% used [0x00000005be800000, 0x00000005bec00000)
AC   0  F    TS     0 PTAMS 0x00000005bec00000 NTAMS 0x00000005bec00000 space 4096K,   0% used [0x00000005bec00000, 0x00000005bf000000)
AC   0  F    TS     0 PTAMS 0x00000005bf000000 NTAMS 0x00000005bf000000 space 4096K,   0% used [0x00000005bf000000, 0x00000005bf400000)
AC   0  F    TS     0 PTAMS 0x00000005bf400000 NTAMS 0x00000005bf400000 space 4096K,   0% used [0x00000005bf400000, 0x00000005bf800000)
AC   0  F    TS     0 PTAMS 0x00000005bf800000 NTAMS 0x00000005bf800000 space 4096K,   0% used [0x00000005bf800000, 0x00000005bfc00000)
AC   0  F    TS     0 PTAMS 0x00000005bfc00000 NTAMS 0x00000005bfc00000 space 4096K,   0% used [0x00000005bfc00000, 0x00000005c0000000)
AC   0  F    TS     0 PTAMS 0x00000005c0000000 NTAMS 0x00000005c0000000 space 4096K,   0% used [0x00000005c0000000, 0x00000005c0400000)
AC   0  F    TS     0 PTAMS 0x00000005c0400000 NTAMS 0x00000005c0400000 space 4096K,   0% used [0x00000005c0400000, 0x00000005c0800000)
AC   0  F    TS     0 PTAMS 0x00000005c0800000 NTAMS 0x00000005c0800000 space 4096K,   0% used [0x00000005c0800000, 0x00000005c0c00000)
AC   0  F    TS     0 PTAMS 0x00000005c0c00000 NTAMS 0x00000005c0c00000 space 4096K,   0% used [0x00000005c0c00000, 0x00000005c1000000)
AC   0  F    TS     0 PTAMS 0x00000005c1000000 NTAMS 0x00000005c1000000 space 4096K,   0% used [0x00000005c1000000, 0x00000005c1400000)
AC   0  F    TS     0 PTAMS 0x00000005c1400000 NTAMS 0x00000005c1400000 space 4096K,   0% used [0x00000005c1400000, 0x00000005c1800000)
AC   0  F    TS     0 PTAMS 0x00000005c1800000 NTAMS 0x00000005c1800000 space 4096K,   0% used [0x00000005c1800000, 0x00000005c1c00000)
AC   0  F    TS     0 PTAMS 0x00000005c1c00000 NTAMS 0x00000005c1c00000 space 4096K,   0% used [0x00000005c1c00000, 0x00000005c2000000)
AC   0  F    TS     0 PTAMS 0x00000005c2000000 NTAMS 0x00000005c2000000 space 4096K,   0% used [0x00000005c2000000, 0x00000005c2400000)
AC   0  F    TS     0 PTAMS 0x00000005c2400000 NTAMS 0x00000005c2400000 space 4096K,   0% used [0x00000005c2400000, 0x00000005c2800000)
AC   0  F    TS     0 PTAMS 0x00000005c2800000 NTAMS 0x00000005c2800000 space 4096K,   0% used [0x00000005c2800000, 0x00000005c2c00000)
AC   0  F    TS     0 PTAMS 0x00000005c2c00000 NTAMS 0x00000005c2c00000 space 4096K,   0% used [0x00000005c2c00000, 0x00000005c3000000)
AC   0  F    TS     0 PTAMS 0x00000005c3000000 NTAMS 0x00000005c3000000 space 4096K,   0% used [0x00000005c3000000, 0x00000005c3400000)
AC   0  F    TS     0 PTAMS 0x00000005c3400000 NTAMS 0x00000005c3400000 space 4096K,   0% used [0x00000005c3400000, 0x00000005c3800000)
AC   0  F    TS     0 PTAMS 0x00000005c3800000 NTAMS 0x00000005c3800000 space 4096K,   0% used [0x00000005c3800000, 0x00000005c3c00000)
AC   0  F    TS     0 PTAMS 0x00000005c3c00000 NTAMS 0x00000005c3c00000 space 4096K,   0% used [0x00000005c3c00000, 0x00000005c4000000)
AC   0  F    TS     0 PTAMS 0x00000005c4000000 NTAMS 0x00000005c4000000 space 4096K,   0% used [0x00000005c4000000, 0x00000005c4400000)
AC   0  F    TS     0 PTAMS 0x00000005c4400000 NTAMS 0x00000005c4400000 space 4096K,   0% used [0x00000005c4400000, 0x00000005c4800000)
AC   0  F    TS     0 PTAMS 0x00000005c4800000 NTAMS 0x00000005c4800000 space 4096K,   0% used [0x00000005c4800000, 0x00000005c4c00000)
AC   0  F    TS     0 PTAMS 0x00000005c4c00000 NTAMS 0x00000005c4c00000 space 4096K,   0% used [0x00000005c4c00000, 0x00000005c5000000)
AC   0  F    TS     0 PTAMS 0x00000005c5000000 NTAMS 0x00000005c5000000 space 4096K,   0% used [0x00000005c5000000, 0x00000005c5400000)
AC   0  F    TS     0 PTAMS 0x00000005c5400000 NTAMS 0x00000005c5400000 space 4096K,   0% used [0x00000005c5400000, 0x00000005c5800000)
AC   0  F    TS     0 PTAMS 0x00000005c5800000 NTAMS 0x00000005c5800000 space 4096K,   0% used [0x00000005c5800000, 0x00000005c5c00000)
AC   0  F    TS     0 PTAMS 0x00000005c5c00000 NTAMS 0x00000005c5c00000 space 4096K,   0% used [0x00000005c5c00000, 0x00000005c6000000)
AC   0  F    TS     0 PTAMS 0x00000005c6000000 NTAMS 0x00000005c6000000 space 4096K,   0% used [0x00000005c6000000, 0x00000005c6400000)
AC   0  F    TS     0 PTAMS 0x00000005c6400000 NTAMS 0x00000005c6400000 space 4096K,   0% used [0x00000005c6400000, 0x00000005c6800000)
AC   0  F    TS     0 PTAMS 0x00000005c6800000 NTAMS 0x00000005c6800000 space 4096K,   0% used [0x00000005c6800000, 0x00000005c6c00000)
AC   0  F    TS     0 PTAMS 0x00000005c6c00000 NTAMS 0x00000005c6c00000 space 4096K,   0% used [0x00000005c6c00000, 0x00000005c7000000)
AC   0  F    TS     0 PTAMS 0x00000005c7000000 NTAMS 0x00000005c7000000 space 4096K,   0% used [0x00000005c7000000, 0x00000005c7400000)
AC   0  F    TS     0 PTAMS 0x00000005c7400000 NTAMS 0x00000005c7400000 space 4096K,   0% used [0x00000005c7400000, 0x00000005c7800000)
AC   0  F    TS     0 PTAMS 0x00000005c7800000 NTAMS 0x00000005c7800000 space 4096K,   0% used [0x00000005c7800000, 0x00000005c7c00000)
AC   0  F    TS     0 PTAMS 0x00000005c7c00000 NTAMS 0x00000005c7c00000 space 4096K,   0% used [0x00000005c7c00000, 0x00000005c8000000)
AC   0  F    TS     0 PTAMS 0x00000005c8000000 NTAMS 0x00000005c8000000 space 4096K,   0% used [0x00000005c8000000, 0x00000005c8400000)
AC   0  F    TS     0 PTAMS 0x00000005c8400000 NTAMS 0x00000005c8400000 space 4096K,   0% used [0x00000005c8400000, 0x00000005c8800000)
AC   0  F    TS     0 PTAMS 0x00000005c8800000 NTAMS 0x00000005c8800000 space 4096K,   0% used [0x00000005c8800000, 0x00000005c8c00000)
AC   0  F    TS     0 PTAMS 0x00000005c8c00000 NTAMS 0x00000005c8c00000 space 4096K,   0% used [0x00000005c8c00000, 0x00000005c9000000)
AC   0  F    TS     0 PTAMS 0x00000005c9000000 NTAMS 0x00000005c9000000 space 4096K,   0% used [0x00000005c9000000, 0x00000005c9400000)
AC   0  F    TS     0 PTAMS 0x00000005c9400000 NTAMS 0x00000005c9400000 space 4096K,   0% used [0x00000005c9400000, 0x00000005c9800000)
AC   0  F    TS     0 PTAMS 0x00000005c9800000 NTAMS 0x00000005c9800000 space 4096K,   0% used [0x00000005c9800000, 0x00000005c9c00000)
AC   0  F    TS     0 PTAMS 0x00000005c9c00000 NTAMS 0x00000005c9c00000 space 4096K,   0% used [0x00000005c9c00000, 0x00000005ca000000)
AC   0  F    TS     0 PTAMS 0x00000005ca000000 NTAMS 0x00000005ca000000 space 4096K,   0% used [0x00000005ca000000, 0x00000005ca400000)
AC   0  F    TS     0 PTAMS 0x00000005ca400000 NTAMS 0x00000005ca400000 space 4096K,   0% used [0x00000005ca400000, 0x00000005ca800000)
AC   0  F    TS     0 PTAMS 0x00000005ca800000 NTAMS 0x00000005ca800000 space 4096K,   0% used [0x00000005ca800000, 0x00000005cac00000)
AC   0  F    TS     0 PTAMS 0x00000005cac00000 NTAMS 0x00000005cac00000 space 4096K,   0% used [0x00000005cac00000, 0x00000005cb000000)
AC   0  F    TS     0 PTAMS 0x00000005cb000000 NTAMS 0x00000005cb000000 space 4096K,   0% used [0x00000005cb000000, 0x00000005cb400000)
AC   0  F    TS     0 PTAMS 0x00000005cb400000 NTAMS 0x00000005cb400000 space 4096K,   0% used [0x00000005cb400000, 0x00000005cb800000)
AC   0  F    TS     0 PTAMS 0x00000005cb800000 NTAMS 0x00000005cb800000 space 4096K,   0% used [0x00000005cb800000, 0x00000005cbc00000)
AC   0  F    TS     0 PTAMS 0x00000005cbc00000 NTAMS 0x00000005cbc00000 space 4096K,   0% used [0x00000005cbc00000, 0x00000005cc000000)
AC   0  F    TS     0 PTAMS 0x00000005cc000000 NTAMS 0x00000005cc000000 space 4096K,   0% used [0x00000005cc000000, 0x00000005cc400000)
AC   0  F    TS     0 PTAMS 0x00000005cc400000 NTAMS 0x00000005cc400000 space 4096K,   0% used [0x00000005cc400000, 0x00000005cc800000)
AC   0  F    TS     0 PTAMS 0x00000005cc800000 NTAMS 0x00000005cc800000 space 4096K,   0% used [0x00000005cc800000, 0x00000005ccc00000)
AC   0  F    TS     0 PTAMS 0x00000005ccc00000 NTAMS 0x00000005ccc00000 space 4096K,   0% used [0x00000005ccc00000, 0x00000005cd000000)
AC   0  F    TS     0 PTAMS 0x00000005cd000000 NTAMS 0x00000005cd000000 space 4096K,   0% used [0x00000005cd000000, 0x00000005cd400000)
AC   0  F    TS     0 PTAMS 0x00000005cd400000 NTAMS 0x00000005cd400000 space 4096K,   0% used [0x00000005cd400000, 0x00000005cd800000)
AC   0  F    TS     0 PTAMS 0x00000005cd800000 NTAMS 0x00000005cd800000 space 4096K,   0% used [0x00000005cd800000, 0x00000005cdc00000)
AC   0  F    TS     0 PTAMS 0x00000005cdc00000 NTAMS 0x00000005cdc00000 space 4096K,   0% used [0x00000005cdc00000, 0x00000005ce000000)
AC   0  F    TS     0 PTAMS 0x00000005ce000000 NTAMS 0x00000005ce000000 space 4096K,   0% used [0x00000005ce000000, 0x00000005ce400000)
AC   0  F    TS     0 PTAMS 0x00000005ce400000 NTAMS 0x00000005ce400000 space 4096K,   0% used [0x00000005ce400000, 0x00000005ce800000)
AC   0  F    TS     0 PTAMS 0x00000005ce800000 NTAMS 0x00000005ce800000 space 4096K,   0% used [0x00000005ce800000, 0x00000005cec00000)
AC   0  F    TS     0 PTAMS 0x00000005cec00000 NTAMS 0x00000005cec00000 space 4096K,   0% used [0x00000005cec00000, 0x00000005cf000000)
AC   0  F    TS     0 PTAMS 0x00000005cf000000 NTAMS 0x00000005cf000000 space 4096K,   0% used [0x00000005cf000000, 0x00000005cf400000)
AC   0  F    TS     0 PTAMS 0x00000005cf400000 NTAMS 0x00000005cf400000 space 4096K,   0% used [0x00000005cf400000, 0x00000005cf800000)
AC   0  F    TS     0 PTAMS 0x00000005cf800000 NTAMS 0x00000005cf800000 space 4096K,   0% used [0x00000005cf800000, 0x00000005cfc00000)
AC   0  F    TS     0 PTAMS 0x00000005cfc00000 NTAMS 0x00000005cfc00000 space 4096K,   0% used [0x00000005cfc00000, 0x00000005d0000000)
AC   0  F    TS     0 PTAMS 0x00000005d0000000 NTAMS 0x00000005d0000000 space 4096K,   0% used [0x00000005d0000000, 0x00000005d0400000)
AC   0  F    TS     0 PTAMS 0x00000005d0400000 NTAMS 0x00000005d0400000 space 4096K,   0% used [0x00000005d0400000, 0x00000005d0800000)
AC   0  F    TS     0 PTAMS 0x00000005d0800000 NTAMS 0x00000005d0800000 space 4096K,   0% used [0x00000005d0800000, 0x00000005d0c00000)
AC   0  F    TS     0 PTAMS 0x00000005d0c00000 NTAMS 0x00000005d0c00000 space 4096K,   0% used [0x00000005d0c00000, 0x00000005d1000000)
AC   0  F    TS     0 PTAMS 0x00000005d1000000 NTAMS 0x00000005d1000000 space 4096K,   0% used [0x00000005d1000000, 0x00000005d1400000)
AC   0  F    TS     0 PTAMS 0x00000005d1400000 NTAMS 0x00000005d1400000 space 4096K,   0% used [0x00000005d1400000, 0x00000005d1800000)
AC   0  F    TS     0 PTAMS 0x00000005d1800000 NTAMS 0x00000005d1800000 space 4096K,   0% used [0x00000005d1800000, 0x00000005d1c00000)
AC   0  F    TS     0 PTAMS 0x00000005d1c00000 NTAMS 0x00000005d1c00000 space 4096K,   0% used [0x00000005d1c00000, 0x00000005d2000000)
AC   0  F    TS     0 PTAMS 0x00000005d2000000 NTAMS 0x00000005d2000000 space 4096K,   0% used [0x00000005d2000000, 0x00000005d2400000)
AC   0  F    TS     0 PTAMS 0x00000005d2400000 NTAMS 0x00000005d2400000 space 4096K,   0% used [0x00000005d2400000, 0x00000005d2800000)
AC   0  F    TS     0 PTAMS 0x00000005d2800000 NTAMS 0x00000005d2800000 space 4096K,   0% used [0x00000005d2800000, 0x00000005d2c00000)
AC   0  F    TS     0 PTAMS 0x00000005d2c00000 NTAMS 0x00000005d2c00000 space 4096K,   0% used [0x00000005d2c00000, 0x00000005d3000000)
AC   0  F    TS     0 PTAMS 0x00000005d3000000 NTAMS 0x00000005d3000000 space 4096K,   0% used [0x00000005d3000000, 0x00000005d3400000)
AC   0  F    TS     0 PTAMS 0x00000005d3400000 NTAMS 0x00000005d3400000 space 4096K,   0% used [0x00000005d3400000, 0x00000005d3800000)
AC   0  F    TS     0 PTAMS 0x00000005d3800000 NTAMS 0x00000005d3800000 space 4096K,   0% used [0x00000005d3800000, 0x00000005d3c00000)
AC   0  F    TS     0 PTAMS 0x00000005d3c00000 NTAMS 0x00000005d3c00000 space 4096K,   0% used [0x00000005d3c00000, 0x00000005d4000000)
AC   0  F    TS     0 PTAMS 0x00000005d4000000 NTAMS 0x00000005d4000000 space 4096K,   0% used [0x00000005d4000000, 0x00000005d4400000)
AC   0  F    TS     0 PTAMS 0x00000005d4400000 NTAMS 0x00000005d4400000 space 4096K,   0% used [0x00000005d4400000, 0x00000005d4800000)
AC   0  F    TS     0 PTAMS 0x00000005d4800000 NTAMS 0x00000005d4800000 space 4096K,   0% used [0x00000005d4800000, 0x00000005d4c00000)
AC   0  F    TS     0 PTAMS 0x00000005d4c00000 NTAMS 0x00000005d4c00000 space 4096K,   0% used [0x00000005d4c00000, 0x00000005d5000000)
AC   0  F    TS     0 PTAMS 0x00000005d5000000 NTAMS 0x00000005d5000000 space 4096K,   0% used [0x00000005d5000000, 0x00000005d5400000)
AC   0  F    TS     0 PTAMS 0x00000005d5400000 NTAMS 0x00000005d5400000 space 4096K,   0% used [0x00000005d5400000, 0x00000005d5800000)
AC   0  F    TS     0 PTAMS 0x00000005d5800000 NTAMS 0x00000005d5800000 space 4096K,   0% used [0x00000005d5800000, 0x00000005d5c00000)
AC   0  F    TS     0 PTAMS 0x00000005d5c00000 NTAMS 0x00000005d5c00000 space 4096K,   0% used [0x00000005d5c00000, 0x00000005d6000000)
AC   0  F    TS     0 PTAMS 0x00000005d6000000 NTAMS 0x00000005d6000000 space 4096K,   0% used [0x00000005d6000000, 0x00000005d6400000)
AC   0  F    TS     0 PTAMS 0x00000005d6400000 NTAMS 0x00000005d6400000 space 4096K,   0% used [0x00000005d6400000, 0x00000005d6800000)
AC   0  F    TS     0 PTAMS 0x00000005d6800000 NTAMS 0x00000005d6800000 space 4096K,   0% used [0x00000005d6800000, 0x00000005d6c00000)
AC   0  F    TS     0 PTAMS 0x00000005d6c00000 NTAMS 0x00000005d6c00000 space 4096K,   0% used [0x00000005d6c00000, 0x00000005d7000000)
AC   0  F    TS     0 PTAMS 0x00000005d7000000 NTAMS 0x00000005d7000000 space 4096K,   0% used [0x00000005d7000000, 0x00000005d7400000)
AC   0  F    TS     0 PTAMS 0x00000005d7400000 NTAMS 0x00000005d7400000 space 4096K,   0% used [0x00000005d7400000, 0x00000005d7800000)
AC   0  F    TS     0 PTAMS 0x00000005d7800000 NTAMS 0x00000005d7800000 space 4096K,   0% used [0x00000005d7800000, 0x00000005d7c00000)
AC   0  F    TS     0 PTAMS 0x00000005d7c00000 NTAMS 0x00000005d7c00000 space 4096K,   0% used [0x00000005d7c00000, 0x00000005d8000000)
AC   0  F    TS     0 PTAMS 0x00000005d8000000 NTAMS 0x00000005d8000000 space 4096K,   0% used [0x00000005d8000000, 0x00000005d8400000)
AC   0  F    TS     0 PTAMS 0x00000005d8400000 NTAMS 0x00000005d8400000 space 4096K,   0% used [0x00000005d8400000, 0x00000005d8800000)
AC   0  F    TS     0 PTAMS 0x00000005d8800000 NTAMS 0x00000005d8800000 space 4096K,   0% used [0x00000005d8800000, 0x00000005d8c00000)
AC   0  F    TS     0 PTAMS 0x00000005d8c00000 NTAMS 0x00000005d8c00000 space 4096K,   0% used [0x00000005d8c00000, 0x00000005d9000000)
AC   0  F    TS     0 PTAMS 0x00000005d9000000 NTAMS 0x00000005d9000000 space 4096K,   0% used [0x00000005d9000000, 0x00000005d9400000)
AC   0  F    TS     0 PTAMS 0x00000005d9400000 NTAMS 0x00000005d9400000 space 4096K,   0% used [0x00000005d9400000, 0x00000005d9800000)
AC   0  F    TS     0 PTAMS 0x00000005d9800000 NTAMS 0x00000005d9800000 space 4096K,   0% used [0x00000005d9800000, 0x00000005d9c00000)
AC   0  F    TS     0 PTAMS 0x00000005d9c00000 NTAMS 0x00000005d9c00000 space 4096K,   0% used [0x00000005d9c00000, 0x00000005da000000)
AC   0  F    TS     0 PTAMS 0x00000005da000000 NTAMS 0x00000005da000000 space 4096K,   0% used [0x00000005da000000, 0x00000005da400000)
AC   0  F    TS     0 PTAMS 0x00000005da400000 NTAMS 0x00000005da400000 space 4096K,   0% used [0x00000005da400000, 0x00000005da800000)
AC   0  F    TS     0 PTAMS 0x00000005da800000 NTAMS 0x00000005da800000 space 4096K,   0% used [0x00000005da800000, 0x00000005dac00000)
AC   0  F    TS     0 PTAMS 0x00000005dac00000 NTAMS 0x00000005dac00000 space 4096K,   0% used [0x00000005dac00000, 0x00000005db000000)
AC   0  F    TS     0 PTAMS 0x00000005db000000 NTAMS 0x00000005db000000 space 4096K,   0% used [0x00000005db000000, 0x00000005db400000)
AC   0  F    TS     0 PTAMS 0x00000005db400000 NTAMS 0x00000005db400000 space 4096K,   0% used [0x00000005db400000, 0x00000005db800000)
AC   0  F    TS     0 PTAMS 0x00000005db800000 NTAMS 0x00000005db800000 space 4096K,   0% used [0x00000005db800000, 0x00000005dbc00000)
AC   0  F    TS     0 PTAMS 0x00000005dbc00000 NTAMS 0x00000005dbc00000 space 4096K,   0% used [0x00000005dbc00000, 0x00000005dc000000)
AC   0  F    TS     0 PTAMS 0x00000005dc000000 NTAMS 0x00000005dc000000 space 4096K,   0% used [0x00000005dc000000, 0x00000005dc400000)
AC   0  F    TS     0 PTAMS 0x00000005dc400000 NTAMS 0x00000005dc400000 space 4096K,   0% used [0x00000005dc400000, 0x00000005dc800000)
AC   0  F    TS     0 PTAMS 0x00000005dc800000 NTAMS 0x00000005dc800000 space 4096K,   0% used [0x00000005dc800000, 0x00000005dcc00000)
AC   0  F    TS     0 PTAMS 0x00000005dcc00000 NTAMS 0x00000005dcc00000 space 4096K,   0% used [0x00000005dcc00000, 0x00000005dd000000)
AC   0  F    TS     0 PTAMS 0x00000005dd000000 NTAMS 0x00000005dd000000 space 4096K,   0% used [0x00000005dd000000, 0x00000005dd400000)
AC   0  F    TS     0 PTAMS 0x00000005dd400000 NTAMS 0x00000005dd400000 space 4096K,   0% used [0x00000005dd400000, 0x00000005dd800000)
AC   0  F    TS     0 PTAMS 0x00000005dd800000 NTAMS 0x00000005dd800000 space 4096K,   0% used [0x00000005dd800000, 0x00000005ddc00000)
AC   0  F    TS     0 PTAMS 0x00000005ddc00000 NTAMS 0x00000005ddc00000 space 4096K,   0% used [0x00000005ddc00000, 0x00000005de000000)
AC   0  F    TS     0 PTAMS 0x00000005de000000 NTAMS 0x00000005de000000 space 4096K,   0% used [0x00000005de000000, 0x00000005de400000)
AC   0  F    TS     0 PTAMS 0x00000005de400000 NTAMS 0x00000005de400000 space 4096K,   0% used [0x00000005de400000, 0x00000005de800000)
AC   0  F    TS     0 PTAMS 0x00000005de800000 NTAMS 0x00000005de800000 space 4096K,   0% used [0x00000005de800000, 0x00000005dec00000)
AC   0  F    TS     0 PTAMS 0x00000005dec00000 NTAMS 0x00000005dec00000 space 4096K,   0% used [0x00000005dec00000, 0x00000005df000000)
AC   0  F    TS     0 PTAMS 0x00000005df000000 NTAMS 0x00000005df000000 space 4096K,   0% used [0x00000005df000000, 0x00000005df400000)
AC   0  F    TS     0 PTAMS 0x00000005df400000 NTAMS 0x00000005df400000 space 4096K,   0% used [0x00000005df400000, 0x00000005df800000)
AC   0  F    TS     0 PTAMS 0x00000005df800000 NTAMS 0x00000005df800000 space 4096K,   0% used [0x00000005df800000, 0x00000005dfc00000)
AC   0  F    TS     0 PTAMS 0x00000005dfc00000 NTAMS 0x00000005dfc00000 space 4096K,   0% used [0x00000005dfc00000, 0x00000005e0000000)
AC   0  F    TS     0 PTAMS 0x00000005e0000000 NTAMS 0x00000005e0000000 space 4096K,   0% used [0x00000005e0000000, 0x00000005e0400000)
AC   0  F    TS     0 PTAMS 0x00000005e0400000 NTAMS 0x00000005e0400000 space 4096K,   0% used [0x00000005e0400000, 0x00000005e0800000)
AC   0  F    TS     0 PTAMS 0x00000005e0800000 NTAMS 0x00000005e0800000 space 4096K,   0% used [0x00000005e0800000, 0x00000005e0c00000)
AC   0  F    TS     0 PTAMS 0x00000005e0c00000 NTAMS 0x00000005e0c00000 space 4096K,   0% used [0x00000005e0c00000, 0x00000005e1000000)
AC   0  F    TS     0 PTAMS 0x00000005e1000000 NTAMS 0x00000005e1000000 space 4096K,   0% used [0x00000005e1000000, 0x00000005e1400000)
AC   0  F    TS     0 PTAMS 0x00000005e1400000 NTAMS 0x00000005e1400000 space 4096K,   0% used [0x00000005e1400000, 0x00000005e1800000)
AC   0  F    TS     0 PTAMS 0x00000005e1800000 NTAMS 0x00000005e1800000 space 4096K,   0% used [0x00000005e1800000, 0x00000005e1c00000)
AC   0  F    TS     0 PTAMS 0x00000005e1c00000 NTAMS 0x00000005e1c00000 space 4096K,   0% used [0x00000005e1c00000, 0x00000005e2000000)
AC   0  F    TS     0 PTAMS 0x00000005e2000000 NTAMS 0x00000005e2000000 space 4096K,   0% used [0x00000005e2000000, 0x00000005e2400000)
AC   0  F    TS     0 PTAMS 0x00000005e2400000 NTAMS 0x00000005e2400000 space 4096K,   0% used [0x00000005e2400000, 0x00000005e2800000)
AC   0  F    TS     0 PTAMS 0x00000005e2800000 NTAMS 0x00000005e2800000 space 4096K,   0% used [0x00000005e2800000, 0x00000005e2c00000)
AC   0  F    TS     0 PTAMS 0x00000005e2c00000 NTAMS 0x00000005e2c00000 space 4096K,   0% used [0x00000005e2c00000, 0x00000005e3000000)
AC   0  F    TS     0 PTAMS 0x00000005e3000000 NTAMS 0x00000005e3000000 space 4096K,   0% used [0x00000005e3000000, 0x00000005e3400000)
AC   0  F    TS     0 PTAMS 0x00000005e3400000 NTAMS 0x00000005e3400000 space 4096K,   0% used [0x00000005e3400000, 0x00000005e3800000)
AC   0  F    TS     0 PTAMS 0x00000005e3800000 NTAMS 0x00000005e3800000 space 4096K,   0% used [0x00000005e3800000, 0x00000005e3c00000)
AC   0  F    TS     0 PTAMS 0x00000005e3c00000 NTAMS 0x00000005e3c00000 space 4096K,   0% used [0x00000005e3c00000, 0x00000005e4000000)
AC   0  F    TS     0 PTAMS 0x00000005e4000000 NTAMS 0x00000005e4000000 space 4096K,   0% used [0x00000005e4000000, 0x00000005e4400000)
AC   0  F    TS     0 PTAMS 0x00000005e4400000 NTAMS 0x00000005e4400000 space 4096K,   0% used [0x00000005e4400000, 0x00000005e4800000)
AC   0  F    TS     0 PTAMS 0x00000005e4800000 NTAMS 0x00000005e4800000 space 4096K,   0% used [0x00000005e4800000, 0x00000005e4c00000)
AC   0  F    TS     0 PTAMS 0x00000005e4c00000 NTAMS 0x00000005e4c00000 space 4096K,   0% used [0x00000005e4c00000, 0x00000005e5000000)
AC   0  F    TS     0 PTAMS 0x00000005e5000000 NTAMS 0x00000005e5000000 space 4096K,   0% used [0x00000005e5000000, 0x00000005e5400000)
AC   0  F    TS     0 PTAMS 0x00000005e5400000 NTAMS 0x00000005e5400000 space 4096K,   0% used [0x00000005e5400000, 0x00000005e5800000)
AC   0  F    TS     0 PTAMS 0x00000005e5800000 NTAMS 0x00000005e5800000 space 4096K,   0% used [0x00000005e5800000, 0x00000005e5c00000)
AC   0  F    TS     0 PTAMS 0x00000005e5c00000 NTAMS 0x00000005e5c00000 space 4096K,   0% used [0x00000005e5c00000, 0x00000005e6000000)
AC   0  F    TS     0 PTAMS 0x00000005e6000000 NTAMS 0x00000005e6000000 space 4096K,   0% used [0x00000005e6000000, 0x00000005e6400000)
AC   0  F    TS     0 PTAMS 0x00000005e6400000 NTAMS 0x00000005e6400000 space 4096K,   0% used [0x00000005e6400000, 0x00000005e6800000)
AC   0  F    TS     0 PTAMS 0x00000005e6800000 NTAMS 0x00000005e6800000 space 4096K,   0% used [0x00000005e6800000, 0x00000005e6c00000)
AC   0  F    TS     0 PTAMS 0x00000005e6c00000 NTAMS 0x00000005e6c00000 space 4096K,   0% used [0x00000005e6c00000, 0x00000005e7000000)
AC   0  F    TS     0 PTAMS 0x00000005e7000000 NTAMS 0x00000005e7000000 space 4096K,   0% used [0x00000005e7000000, 0x00000005e7400000)
AC   0  F    TS     0 PTAMS 0x00000005e7400000 NTAMS 0x00000005e7400000 space 4096K,   0% used [0x00000005e7400000, 0x00000005e7800000)
AC   0  F    TS     0 PTAMS 0x00000005e7800000 NTAMS 0x00000005e7800000 space 4096K,   0% used [0x00000005e7800000, 0x00000005e7c00000)
AC   0  F    TS     0 PTAMS 0x00000005e7c00000 NTAMS 0x00000005e7c00000 space 4096K,   0% used [0x00000005e7c00000, 0x00000005e8000000)
AC   0  F    TS     0 PTAMS 0x00000005e8000000 NTAMS 0x00000005e8000000 space 4096K,   0% used [0x00000005e8000000, 0x00000005e8400000)
AC   0  F    TS     0 PTAMS 0x00000005e8400000 NTAMS 0x00000005e8400000 space 4096K,   0% used [0x00000005e8400000, 0x00000005e8800000)
AC   0  F    TS     0 PTAMS 0x00000005e8800000 NTAMS 0x00000005e8800000 space 4096K,   0% used [0x00000005e8800000, 0x00000005e8c00000)
AC   0  F    TS     0 PTAMS 0x00000005e8c00000 NTAMS 0x00000005e8c00000 space 4096K,   0% used [0x00000005e8c00000, 0x00000005e9000000)
AC   0  F    TS     0 PTAMS 0x00000005e9000000 NTAMS 0x00000005e9000000 space 4096K,   0% used [0x00000005e9000000, 0x00000005e9400000)
AC   0  F    TS     0 PTAMS 0x00000005e9400000 NTAMS 0x00000005e9400000 space 4096K,   0% used [0x00000005e9400000, 0x00000005e9800000)
AC   0  F    TS     0 PTAMS 0x00000005e9800000 NTAMS 0x00000005e9800000 space 4096K,   0% used [0x00000005e9800000, 0x00000005e9c00000)
AC   0  F    TS     0 PTAMS 0x00000005e9c00000 NTAMS 0x00000005e9c00000 space 4096K,   0% used [0x00000005e9c00000, 0x00000005ea000000)
AC   0  F    TS     0 PTAMS 0x00000005ea000000 NTAMS 0x00000005ea000000 space 4096K,   0% used [0x00000005ea000000, 0x00000005ea400000)
AC   0  F    TS     0 PTAMS 0x00000005ea400000 NTAMS 0x00000005ea400000 space 4096K,   0% used [0x00000005ea400000, 0x00000005ea800000)
AC   0  F    TS     0 PTAMS 0x00000005ea800000 NTAMS 0x00000005ea800000 space 4096K,   0% used [0x00000005ea800000, 0x00000005eac00000)
AC   0  F    TS     0 PTAMS 0x00000005eac00000 NTAMS 0x00000005eac00000 space 4096K,   0% used [0x00000005eac00000, 0x00000005eb000000)
AC   0  F    TS     0 PTAMS 0x00000005eb000000 NTAMS 0x00000005eb000000 space 4096K,   0% used [0x00000005eb000000, 0x00000005eb400000)
AC   0  F    TS     0 PTAMS 0x00000005eb400000 NTAMS 0x00000005eb400000 space 4096K,   0% used [0x00000005eb400000, 0x00000005eb800000)
AC   0  F    TS     0 PTAMS 0x00000005eb800000 NTAMS 0x00000005eb800000 space 4096K,   0% used [0x00000005eb800000, 0x00000005ebc00000)
AC   0  F    TS     0 PTAMS 0x00000005ebc00000 NTAMS 0x00000005ebc00000 space 4096K,   0% used [0x00000005ebc00000, 0x00000005ec000000)
AC   0  F    TS     0 PTAMS 0x00000005ec000000 NTAMS 0x00000005ec000000 space 4096K,   0% used [0x00000005ec000000, 0x00000005ec400000)
AC   0  F    TS     0 PTAMS 0x00000005ec400000 NTAMS 0x00000005ec400000 space 4096K,   0% used [0x00000005ec400000, 0x00000005ec800000)
AC   0  F    TS     0 PTAMS 0x00000005ec800000 NTAMS 0x00000005ec800000 space 4096K,   0% used [0x00000005ec800000, 0x00000005ecc00000)
AC   0  F    TS     0 PTAMS 0x00000005ecc00000 NTAMS 0x00000005ecc00000 space 4096K,   0% used [0x00000005ecc00000, 0x00000005ed000000)
AC   0  F    TS     0 PTAMS 0x00000005ed000000 NTAMS 0x00000005ed000000 space 4096K,   0% used [0x00000005ed000000, 0x00000005ed400000)
AC   0  F    TS     0 PTAMS 0x00000005ed400000 NTAMS 0x00000005ed400000 space 4096K,   0% used [0x00000005ed400000, 0x00000005ed800000)
AC   0  F    TS     0 PTAMS 0x00000005ed800000 NTAMS 0x00000005ed800000 space 4096K,   0% used [0x00000005ed800000, 0x00000005edc00000)
AC   0  F    TS     0 PTAMS 0x00000005edc00000 NTAMS 0x00000005edc00000 space 4096K,   0% used [0x00000005edc00000, 0x00000005ee000000)
AC   0  F    TS     0 PTAMS 0x00000005ee000000 NTAMS 0x00000005ee000000 space 4096K,   0% used [0x00000005ee000000, 0x00000005ee400000)
AC   0  F    TS     0 PTAMS 0x00000005ee400000 NTAMS 0x00000005ee400000 space 4096K,   0% used [0x00000005ee400000, 0x00000005ee800000)
AC   0  F    TS     0 PTAMS 0x00000005ee800000 NTAMS 0x00000005ee800000 space 4096K,   0% used [0x00000005ee800000, 0x00000005eec00000)
AC   0  F    TS     0 PTAMS 0x00000005eec00000 NTAMS 0x00000005eec00000 space 4096K,   0% used [0x00000005eec00000, 0x00000005ef000000)
AC   0  F    TS     0 PTAMS 0x00000005ef000000 NTAMS 0x00000005ef000000 space 4096K,   0% used [0x00000005ef000000, 0x00000005ef400000)
AC   0  F    TS     0 PTAMS 0x00000005ef400000 NTAMS 0x00000005ef400000 space 4096K,   0% used [0x00000005ef400000, 0x00000005ef800000)
AC   0  F    TS     0 PTAMS 0x00000005ef800000 NTAMS 0x00000005ef800000 space 4096K,   0% used [0x00000005ef800000, 0x00000005efc00000)
AC   0  F    TS     0 PTAMS 0x00000005efc00000 NTAMS 0x00000005efc00000 space 4096K,   0% used [0x00000005efc00000, 0x00000005f0000000)
AC   0  F    TS     0 PTAMS 0x00000005f0000000 NTAMS 0x00000005f0000000 space 4096K,   0% used [0x00000005f0000000, 0x00000005f0400000)
AC   0  F    TS     0 PTAMS 0x00000005f0400000 NTAMS 0x00000005f0400000 space 4096K,   0% used [0x00000005f0400000, 0x00000005f0800000)
AC   0  F    TS     0 PTAMS 0x00000005f0800000 NTAMS 0x00000005f0800000 space 4096K,   0% used [0x00000005f0800000, 0x00000005f0c00000)
AC   0  F    TS     0 PTAMS 0x00000005f0c00000 NTAMS 0x00000005f0c00000 space 4096K,   0% used [0x00000005f0c00000, 0x00000005f1000000)
AC   0  F    TS     0 PTAMS 0x00000005f1000000 NTAMS 0x00000005f1000000 space 4096K,   0% used [0x00000005f1000000, 0x00000005f1400000)
AC   0  F    TS     0 PTAMS 0x00000005f1400000 NTAMS 0x00000005f1400000 space 4096K,   0% used [0x00000005f1400000, 0x00000005f1800000)
AC   0  F    TS     0 PTAMS 0x00000005f1800000 NTAMS 0x00000005f1800000 space 4096K,   0% used [0x00000005f1800000, 0x00000005f1c00000)
AC   0  F    TS     0 PTAMS 0x00000005f1c00000 NTAMS 0x00000005f1c00000 space 4096K,   0% used [0x00000005f1c00000, 0x00000005f2000000)
AC   0  F    TS     0 PTAMS 0x00000005f2000000 NTAMS 0x00000005f2000000 space 4096K,   0% used [0x00000005f2000000, 0x00000005f2400000)
AC   0  F    TS     0 PTAMS 0x00000005f2400000 NTAMS 0x00000005f2400000 space 4096K,   0% used [0x00000005f2400000, 0x00000005f2800000)
AC   0  F    TS     0 PTAMS 0x00000005f2800000 NTAMS 0x00000005f2800000 space 4096K,   0% used [0x00000005f2800000, 0x00000005f2c00000)
AC   0  F    TS     0 PTAMS 0x00000005f2c00000 NTAMS 0x00000005f2c00000 space 4096K,   0% used [0x00000005f2c00000, 0x00000005f3000000)
AC   0  F    TS     0 PTAMS 0x00000005f3000000 NTAMS 0x00000005f3000000 space 4096K,   0% used [0x00000005f3000000, 0x00000005f3400000)
AC   0  F    TS     0 PTAMS 0x00000005f3400000 NTAMS 0x00000005f3400000 space 4096K,   0% used [0x00000005f3400000, 0x00000005f3800000)
AC   0  F    TS     0 PTAMS 0x00000005f3800000 NTAMS 0x00000005f3800000 space 4096K,   0% used [0x00000005f3800000, 0x00000005f3c00000)
AC   0  F    TS     0 PTAMS 0x00000005f3c00000 NTAMS 0x00000005f3c00000 space 4096K,   0% used [0x00000005f3c00000, 0x00000005f4000000)
AC   0  F    TS     0 PTAMS 0x00000005f4000000 NTAMS 0x00000005f4000000 space 4096K,   0% used [0x00000005f4000000, 0x00000005f4400000)
AC   0  F    TS     0 PTAMS 0x00000005f4400000 NTAMS 0x00000005f4400000 space 4096K,   0% used [0x00000005f4400000, 0x00000005f4800000)
AC   0  F    TS     0 PTAMS 0x00000005f4800000 NTAMS 0x00000005f4800000 space 4096K,   0% used [0x00000005f4800000, 0x00000005f4c00000)
AC   0  F    TS     0 PTAMS 0x00000005f4c00000 NTAMS 0x00000005f4c00000 space 4096K,   0% used [0x00000005f4c00000, 0x00000005f5000000)
AC   0  F    TS     0 PTAMS 0x00000005f5000000 NTAMS 0x00000005f5000000 space 4096K,   0% used [0x00000005f5000000, 0x00000005f5400000)
AC   0  F    TS     0 PTAMS 0x00000005f5400000 NTAMS 0x00000005f5400000 space 4096K,   0% used [0x00000005f5400000, 0x00000005f5800000)
AC   0  F    TS     0 PTAMS 0x00000005f5800000 NTAMS 0x00000005f5800000 space 4096K,   0% used [0x00000005f5800000, 0x00000005f5c00000)
AC   0  F    TS     0 PTAMS 0x00000005f5c00000 NTAMS 0x00000005f5c00000 space 4096K,   0% used [0x00000005f5c00000, 0x00000005f6000000)
AC   0  F    TS     0 PTAMS 0x00000005f6000000 NTAMS 0x00000005f6000000 space 4096K,   0% used [0x00000005f6000000, 0x00000005f6400000)
AC   0  F    TS     0 PTAMS 0x00000005f6400000 NTAMS 0x00000005f6400000 space 4096K,   0% used [0x00000005f6400000, 0x00000005f6800000)
AC   0  F    TS     0 PTAMS 0x00000005f6800000 NTAMS 0x00000005f6800000 space 4096K,   0% used [0x00000005f6800000, 0x00000005f6c00000)
AC   0  F    TS     0 PTAMS 0x00000005f6c00000 NTAMS 0x00000005f6c00000 space 4096K,   0% used [0x00000005f6c00000, 0x00000005f7000000)
AC   0  F    TS     0 PTAMS 0x00000005f7000000 NTAMS 0x00000005f7000000 space 4096K,   0% used [0x00000005f7000000, 0x00000005f7400000)
AC   0  F    TS     0 PTAMS 0x00000005f7400000 NTAMS 0x00000005f7400000 space 4096K,   0% used [0x00000005f7400000, 0x00000005f7800000)
AC   0  F    TS     0 PTAMS 0x00000005f7800000 NTAMS 0x00000005f7800000 space 4096K,   0% used [0x00000005f7800000, 0x00000005f7c00000)
AC   0  F    TS     0 PTAMS 0x00000005f7c00000 NTAMS 0x00000005f7c00000 space 4096K,   0% used [0x00000005f7c00000, 0x00000005f8000000)
AC   0  F    TS     0 PTAMS 0x00000005f8000000 NTAMS 0x00000005f8000000 space 4096K,   0% used [0x00000005f8000000, 0x00000005f8400000)
AC   0  F    TS     0 PTAMS 0x00000005f8400000 NTAMS 0x00000005f8400000 space 4096K,   0% used [0x00000005f8400000, 0x00000005f8800000)
AC   0  F    TS     0 PTAMS 0x00000005f8800000 NTAMS 0x00000005f8800000 space 4096K,   0% used [0x00000005f8800000, 0x00000005f8c00000)
AC   0  F    TS     0 PTAMS 0x00000005f8c00000 NTAMS 0x00000005f8c00000 space 4096K,   0% used [0x00000005f8c00000, 0x00000005f9000000)
AC   0  F    TS     0 PTAMS 0x00000005f9000000 NTAMS 0x00000005f9000000 space 4096K,   0% used [0x00000005f9000000, 0x00000005f9400000)
AC   0  F    TS     0 PTAMS 0x00000005f9400000 NTAMS 0x00000005f9400000 space 4096K,   0% used [0x00000005f9400000, 0x00000005f9800000)
AC   0  F    TS     0 PTAMS 0x00000005f9800000 NTAMS 0x00000005f9800000 space 4096K,   0% used [0x00000005f9800000, 0x00000005f9c00000)
AC   0  F    TS     0 PTAMS 0x00000005f9c00000 NTAMS 0x00000005f9c00000 space 4096K,   0% used [0x00000005f9c00000, 0x00000005fa000000)
AC   0  F    TS     0 PTAMS 0x00000005fa000000 NTAMS 0x00000005fa000000 space 4096K,   0% used [0x00000005fa000000, 0x00000005fa400000)
AC   0  F    TS     0 PTAMS 0x00000005fa400000 NTAMS 0x00000005fa400000 space 4096K,   0% used [0x00000005fa400000, 0x00000005fa800000)
AC   0  F    TS     0 PTAMS 0x00000005fa800000 NTAMS 0x00000005fa800000 space 4096K,   0% used [0x00000005fa800000, 0x00000005fac00000)
AC   0  F    TS     0 PTAMS 0x00000005fac00000 NTAMS 0x00000005fac00000 space 4096K,   0% used [0x00000005fac00000, 0x00000005fb000000)
AC   0  F    TS     0 PTAMS 0x00000005fb000000 NTAMS 0x00000005fb000000 space 4096K,   0% used [0x00000005fb000000, 0x00000005fb400000)
AC   0  F    TS     0 PTAMS 0x00000005fb400000 NTAMS 0x00000005fb400000 space 4096K,   0% used [0x00000005fb400000, 0x00000005fb800000)
AC   0  F    TS     0 PTAMS 0x00000005fb800000 NTAMS 0x00000005fb800000 space 4096K,   0% used [0x00000005fb800000, 0x00000005fbc00000)
AC   0  F    TS     0 PTAMS 0x00000005fbc00000 NTAMS 0x00000005fbc00000 space 4096K,   0% used [0x00000005fbc00000, 0x00000005fc000000)
AC   0  F    TS     0 PTAMS 0x00000005fc000000 NTAMS 0x00000005fc000000 space 4096K,   0% used [0x00000005fc000000, 0x00000005fc400000)
AC   0  F    TS     0 PTAMS 0x00000005fc400000 NTAMS 0x00000005fc400000 space 4096K,   0% used [0x00000005fc400000, 0x00000005fc800000)
AC   0  F    TS     0 PTAMS 0x00000005fc800000 NTAMS 0x00000005fc800000 space 4096K,   0% used [0x00000005fc800000, 0x00000005fcc00000)
AC   0  F    TS     0 PTAMS 0x00000005fcc00000 NTAMS 0x00000005fcc00000 space 4096K,   0% used [0x00000005fcc00000, 0x00000005fd000000)
AC   0  F    TS     0 PTAMS 0x00000005fd000000 NTAMS 0x00000005fd000000 space 4096K,   0% used [0x00000005fd000000, 0x00000005fd400000)
AC   0  F    TS     0 PTAMS 0x00000005fd400000 NTAMS 0x00000005fd400000 space 4096K,   0% used [0x00000005fd400000, 0x00000005fd800000)
AC   0  F    TS     0 PTAMS 0x00000005fd800000 NTAMS 0x00000005fd800000 space 4096K,   0% used [0x00000005fd800000, 0x00000005fdc00000)
AC   0  F    TS     0 PTAMS 0x00000005fdc00000 NTAMS 0x00000005fdc00000 space 4096K,   0% used [0x00000005fdc00000, 0x00000005fe000000)
AC   0  F    TS     0 PTAMS 0x00000005fe000000 NTAMS 0x00000005fe000000 space 4096K,   0% used [0x00000005fe000000, 0x00000005fe400000)
AC   0  F    TS     0 PTAMS 0x00000005fe400000 NTAMS 0x00000005fe400000 space 4096K,   0% used [0x00000005fe400000, 0x00000005fe800000)
AC   0  F    TS     0 PTAMS 0x00000005fe800000 NTAMS 0x00000005fe800000 space 4096K,   0% used [0x00000005fe800000, 0x00000005fec00000)
AC   0  F    TS     0 PTAMS 0x00000005fec00000 NTAMS 0x00000005fec00000 space 4096K,   0% used [0x00000005fec00000, 0x00000005ff000000)
AC   0  F    TS     0 PTAMS 0x00000005ff000000 NTAMS 0x00000005ff000000 space 4096K,   0% used [0x00000005ff000000, 0x00000005ff400000)
AC   0  F    TS     0 PTAMS 0x00000005ff400000 NTAMS 0x00000005ff400000 space 4096K,   0% used [0x00000005ff400000, 0x00000005ff800000)
AC   0  F    TS     0 PTAMS 0x00000005ff800000 NTAMS 0x00000005ff800000 space 4096K,   0% used [0x00000005ff800000, 0x00000005ffc00000)
AC   0  F    TS     0 PTAMS 0x00000005ffc00000 NTAMS 0x00000005ffc00000 space 4096K,   0% used [0x00000005ffc00000, 0x0000000600000000)
AC   0  F    TS     0 PTAMS 0x0000000600000000 NTAMS 0x0000000600000000 space 4096K,   0% used [0x0000000600000000, 0x0000000600400000)
AC   0  F    TS     0 PTAMS 0x0000000600400000 NTAMS 0x0000000600400000 space 4096K,   0% used [0x0000000600400000, 0x0000000600800000)
AC   0  F    TS     0 PTAMS 0x0000000600800000 NTAMS 0x0000000600800000 space 4096K,   0% used [0x0000000600800000, 0x0000000600c00000)
AC   0  F    TS     0 PTAMS 0x0000000600c00000 NTAMS 0x0000000600c00000 space 4096K,   0% used [0x0000000600c00000, 0x0000000601000000)
AC   0  F    TS     0 PTAMS 0x0000000601000000 NTAMS 0x0000000601000000 space 4096K,   0% used [0x0000000601000000, 0x0000000601400000)
AC   0  F    TS     0 PTAMS 0x0000000601400000 NTAMS 0x0000000601400000 space 4096K,   0% used [0x0000000601400000, 0x0000000601800000)
AC   0  F    TS     0 PTAMS 0x0000000601800000 NTAMS 0x0000000601800000 space 4096K,   0% used [0x0000000601800000, 0x0000000601c00000)
AC   0  F    TS     0 PTAMS 0x0000000601c00000 NTAMS 0x0000000601c00000 space 4096K,   0% used [0x0000000601c00000, 0x0000000602000000)
AC   0  F    TS     0 PTAMS 0x0000000602000000 NTAMS 0x0000000602000000 space 4096K,   0% used [0x0000000602000000, 0x0000000602400000)
AC   0  F    TS     0 PTAMS 0x0000000602400000 NTAMS 0x0000000602400000 space 4096K,   0% used [0x0000000602400000, 0x0000000602800000)
AC   0  F    TS     0 PTAMS 0x0000000602800000 NTAMS 0x0000000602800000 space 4096K,   0% used [0x0000000602800000, 0x0000000602c00000)
AC   0  F    TS     0 PTAMS 0x0000000602c00000 NTAMS 0x0000000602c00000 space 4096K,   0% used [0x0000000602c00000, 0x0000000603000000)
AC   0  F    TS     0 PTAMS 0x0000000603000000 NTAMS 0x0000000603000000 space 4096K,   0% used [0x0000000603000000, 0x0000000603400000)
AC   0  F    TS     0 PTAMS 0x0000000603400000 NTAMS 0x0000000603400000 space 4096K,   0% used [0x0000000603400000, 0x0000000603800000)
AC   0  F    TS     0 PTAMS 0x0000000603800000 NTAMS 0x0000000603800000 space 4096K,   0% used [0x0000000603800000, 0x0000000603c00000)
AC   0  F    TS     0 PTAMS 0x0000000603c00000 NTAMS 0x0000000603c00000 space 4096K,   0% used [0x0000000603c00000, 0x0000000604000000)
AC   0  F    TS     0 PTAMS 0x0000000604000000 NTAMS 0x0000000604000000 space 4096K,   0% used [0x0000000604000000, 0x0000000604400000)
AC   0  F    TS     0 PTAMS 0x0000000604400000 NTAMS 0x0000000604400000 space 4096K,   0% used [0x0000000604400000, 0x0000000604800000)
AC   0  F    TS     0 PTAMS 0x0000000604800000 NTAMS 0x0000000604800000 space 4096K,   0% used [0x0000000604800000, 0x0000000604c00000)
AC   0  F    TS     0 PTAMS 0x0000000604c00000 NTAMS 0x0000000604c00000 space 4096K,   0% used [0x0000000604c00000, 0x0000000605000000)
AC   0  F    TS     0 PTAMS 0x0000000605000000 NTAMS 0x0000000605000000 space 4096K,   0% used [0x0000000605000000, 0x0000000605400000)
AC   0  F    TS     0 PTAMS 0x0000000605400000 NTAMS 0x0000000605400000 space 4096K,   0% used [0x0000000605400000, 0x0000000605800000)
AC   0  F    TS     0 PTAMS 0x0000000605800000 NTAMS 0x0000000605800000 space 4096K,   0% used [0x0000000605800000, 0x0000000605c00000)
AC   0  F    TS     0 PTAMS 0x0000000605c00000 NTAMS 0x0000000605c00000 space 4096K,   0% used [0x0000000605c00000, 0x0000000606000000)
AC   0  F    TS     0 PTAMS 0x0000000606000000 NTAMS 0x0000000606000000 space 4096K,   0% used [0x0000000606000000, 0x0000000606400000)
AC   0  F    TS     0 PTAMS 0x0000000606400000 NTAMS 0x0000000606400000 space 4096K,   0% used [0x0000000606400000, 0x0000000606800000)
AC   0  F    TS     0 PTAMS 0x0000000606800000 NTAMS 0x0000000606800000 space 4096K,   0% used [0x0000000606800000, 0x0000000606c00000)
AC   0  F    TS     0 PTAMS 0x0000000606c00000 NTAMS 0x0000000606c00000 space 4096K,   0% used [0x0000000606c00000, 0x0000000607000000)
AC   0  F    TS     0 PTAMS 0x0000000607000000 NTAMS 0x0000000607000000 space 4096K,   0% used [0x0000000607000000, 0x0000000607400000)
AC   0  F    TS     0 PTAMS 0x0000000607400000 NTAMS 0x0000000607400000 space 4096K,   0% used [0x0000000607400000, 0x0000000607800000)
AC   0  F    TS     0 PTAMS 0x0000000607800000 NTAMS 0x0000000607800000 space 4096K,   0% used [0x0000000607800000, 0x0000000607c00000)
AC   0  F    TS     0 PTAMS 0x0000000607c00000 NTAMS 0x0000000607c00000 space 4096K,   0% used [0x0000000607c00000, 0x0000000608000000)
AC   0  F    TS     0 PTAMS 0x0000000608000000 NTAMS 0x0000000608000000 space 4096K,   0% used [0x0000000608000000, 0x0000000608400000)
AC   0  F    TS     0 PTAMS 0x0000000608400000 NTAMS 0x0000000608400000 space 4096K,   0% used [0x0000000608400000, 0x0000000608800000)
AC   0  F    TS     0 PTAMS 0x0000000608800000 NTAMS 0x0000000608800000 space 4096K,   0% used [0x0000000608800000, 0x0000000608c00000)
AC   0  F    TS     0 PTAMS 0x0000000608c00000 NTAMS 0x0000000608c00000 space 4096K,   0% used [0x0000000608c00000, 0x0000000609000000)
AC   0  F    TS     0 PTAMS 0x0000000609000000 NTAMS 0x0000000609000000 space 4096K,   0% used [0x0000000609000000, 0x0000000609400000)
AC   0  F    TS     0 PTAMS 0x0000000609400000 NTAMS 0x0000000609400000 space 4096K,   0% used [0x0000000609400000, 0x0000000609800000)
AC   0  F    TS     0 PTAMS 0x0000000609800000 NTAMS 0x0000000609800000 space 4096K,   0% used [0x0000000609800000, 0x0000000609c00000)
AC   0  F    TS     0 PTAMS 0x0000000609c00000 NTAMS 0x0000000609c00000 space 4096K,   0% used [0x0000000609c00000, 0x000000060a000000)
AC   0  F    TS     0 PTAMS 0x000000060a000000 NTAMS 0x000000060a000000 space 4096K,   0% used [0x000000060a000000, 0x000000060a400000)
AC   0  F    TS     0 PTAMS 0x000000060a400000 NTAMS 0x000000060a400000 space 4096K,   0% used [0x000000060a400000, 0x000000060a800000)
AC   0  F    TS     0 PTAMS 0x000000060a800000 NTAMS 0x000000060a800000 space 4096K,   0% used [0x000000060a800000, 0x000000060ac00000)
AC   0  F    TS     0 PTAMS 0x000000060ac00000 NTAMS 0x000000060ac00000 space 4096K,   0% used [0x000000060ac00000, 0x000000060b000000)
AC   0  F    TS     0 PTAMS 0x000000060b000000 NTAMS 0x000000060b000000 space 4096K,   0% used [0x000000060b000000, 0x000000060b400000)
AC   0  F    TS     0 PTAMS 0x000000060b400000 NTAMS 0x000000060b400000 space 4096K,   0% used [0x000000060b400000, 0x000000060b800000)
AC   0  F    TS     0 PTAMS 0x000000060b800000 NTAMS 0x000000060b800000 space 4096K,   0% used [0x000000060b800000, 0x000000060bc00000)
AC   0  F    TS     0 PTAMS 0x000000060bc00000 NTAMS 0x000000060bc00000 space 4096K,   0% used [0x000000060bc00000, 0x000000060c000000)
AC   0  F    TS     0 PTAMS 0x000000060c000000 NTAMS 0x000000060c000000 space 4096K,   0% used [0x000000060c000000, 0x000000060c400000)
AC   0  F    TS     0 PTAMS 0x000000060c400000 NTAMS 0x000000060c400000 space 4096K,   0% used [0x000000060c400000, 0x000000060c800000)
AC   0  F    TS     0 PTAMS 0x000000060c800000 NTAMS 0x000000060c800000 space 4096K,   0% used [0x000000060c800000, 0x000000060cc00000)
AC   0  F    TS     0 PTAMS 0x000000060cc00000 NTAMS 0x000000060cc00000 space 4096K,   0% used [0x000000060cc00000, 0x000000060d000000)
AC   0  F    TS     0 PTAMS 0x000000060d000000 NTAMS 0x000000060d000000 space 4096K,   0% used [0x000000060d000000, 0x000000060d400000)
AC   0  F    TS     0 PTAMS 0x000000060d400000 NTAMS 0x000000060d400000 space 4096K,   0% used [0x000000060d400000, 0x000000060d800000)
AC   0  F    TS     0 PTAMS 0x000000060d800000 NTAMS 0x000000060d800000 space 4096K,   0% used [0x000000060d800000, 0x000000060dc00000)
AC   0  F    TS     0 PTAMS 0x000000060dc00000 NTAMS 0x000000060dc00000 space 4096K,   0% used [0x000000060dc00000, 0x000000060e000000)
AC   0  F    TS     0 PTAMS 0x000000060e000000 NTAMS 0x000000060e000000 space 4096K,   0% used [0x000000060e000000, 0x000000060e400000)
AC   0  F    TS     0 PTAMS 0x000000060e400000 NTAMS 0x000000060e400000 space 4096K,   0% used [0x000000060e400000, 0x000000060e800000)
AC   0  F    TS     0 PTAMS 0x000000060e800000 NTAMS 0x000000060e800000 space 4096K,   0% used [0x000000060e800000, 0x000000060ec00000)
AC   0  F    TS     0 PTAMS 0x000000060ec00000 NTAMS 0x000000060ec00000 space 4096K,   0% used [0x000000060ec00000, 0x000000060f000000)
AC   0  F    TS     0 PTAMS 0x000000060f000000 NTAMS 0x000000060f000000 space 4096K,   0% used [0x000000060f000000, 0x000000060f400000)
AC   0  F    TS     0 PTAMS 0x000000060f400000 NTAMS 0x000000060f400000 space 4096K,   0% used [0x000000060f400000, 0x000000060f800000)
AC   0  F    TS     0 PTAMS 0x000000060f800000 NTAMS 0x000000060f800000 space 4096K,   0% used [0x000000060f800000, 0x000000060fc00000)
AC   0  F    TS     0 PTAMS 0x000000060fc00000 NTAMS 0x000000060fc00000 space 4096K,   0% used [0x000000060fc00000, 0x0000000610000000)
AC   0  F    TS     0 PTAMS 0x0000000610000000 NTAMS 0x0000000610000000 space 4096K,   0% used [0x0000000610000000, 0x0000000610400000)
AC   0  F    TS     0 PTAMS 0x0000000610400000 NTAMS 0x0000000610400000 space 4096K,   0% used [0x0000000610400000, 0x0000000610800000)
AC   0  F    TS     0 PTAMS 0x0000000610800000 NTAMS 0x0000000610800000 space 4096K,   0% used [0x0000000610800000, 0x0000000610c00000)
AC   0  F    TS     0 PTAMS 0x0000000610c00000 NTAMS 0x0000000610c00000 space 4096K,   0% used [0x0000000610c00000, 0x0000000611000000)
AC   0  F    TS     0 PTAMS 0x0000000611000000 NTAMS 0x0000000611000000 space 4096K,   0% used [0x0000000611000000, 0x0000000611400000)
AC   0  F    TS     0 PTAMS 0x0000000611400000 NTAMS 0x0000000611400000 space 4096K,   0% used [0x0000000611400000, 0x0000000611800000)
AC   0  F    TS     0 PTAMS 0x0000000611800000 NTAMS 0x0000000611800000 space 4096K,   0% used [0x0000000611800000, 0x0000000611c00000)
AC   0  F    TS     0 PTAMS 0x0000000611c00000 NTAMS 0x0000000611c00000 space 4096K,   0% used [0x0000000611c00000, 0x0000000612000000)
AC   0  F    TS     0 PTAMS 0x0000000612000000 NTAMS 0x0000000612000000 space 4096K,   0% used [0x0000000612000000, 0x0000000612400000)
AC   0  F    TS     0 PTAMS 0x0000000612400000 NTAMS 0x0000000612400000 space 4096K,   0% used [0x0000000612400000, 0x0000000612800000)
AC   0  F    TS     0 PTAMS 0x0000000612800000 NTAMS 0x0000000612800000 space 4096K,   0% used [0x0000000612800000, 0x0000000612c00000)
AC   0  F    TS     0 PTAMS 0x0000000612c00000 NTAMS 0x0000000612c00000 space 4096K,   0% used [0x0000000612c00000, 0x0000000613000000)
AC   0  F    TS     0 PTAMS 0x0000000613000000 NTAMS 0x0000000613000000 space 4096K,   0% used [0x0000000613000000, 0x0000000613400000)
AC   0  F    TS     0 PTAMS 0x0000000613400000 NTAMS 0x0000000613400000 space 4096K,   0% used [0x0000000613400000, 0x0000000613800000)
AC   0  F    TS     0 PTAMS 0x0000000613800000 NTAMS 0x0000000613800000 space 4096K,   0% used [0x0000000613800000, 0x0000000613c00000)
AC   0  F    TS     0 PTAMS 0x0000000613c00000 NTAMS 0x0000000613c00000 space 4096K,   0% used [0x0000000613c00000, 0x0000000614000000)
AC   0  F    TS     0 PTAMS 0x0000000614000000 NTAMS 0x0000000614000000 space 4096K,   0% used [0x0000000614000000, 0x0000000614400000)
AC   0  F    TS     0 PTAMS 0x0000000614400000 NTAMS 0x0000000614400000 space 4096K,   0% used [0x0000000614400000, 0x0000000614800000)
AC   0  F    TS     0 PTAMS 0x0000000614800000 NTAMS 0x0000000614800000 space 4096K,   0% used [0x0000000614800000, 0x0000000614c00000)
AC   0  F    TS     0 PTAMS 0x0000000614c00000 NTAMS 0x0000000614c00000 space 4096K,   0% used [0x0000000614c00000, 0x0000000615000000)
AC   0  F    TS     0 PTAMS 0x0000000615000000 NTAMS 0x0000000615000000 space 4096K,   0% used [0x0000000615000000, 0x0000000615400000)
AC   0  F    TS     0 PTAMS 0x0000000615400000 NTAMS 0x0000000615400000 space 4096K,   0% used [0x0000000615400000, 0x0000000615800000)
AC   0  F    TS     0 PTAMS 0x0000000615800000 NTAMS 0x0000000615800000 space 4096K,   0% used [0x0000000615800000, 0x0000000615c00000)
AC   0  F    TS     0 PTAMS 0x0000000615c00000 NTAMS 0x0000000615c00000 space 4096K,   0% used [0x0000000615c00000, 0x0000000616000000)
AC   0  F    TS     0 PTAMS 0x0000000616000000 NTAMS 0x0000000616000000 space 4096K,   0% used [0x0000000616000000, 0x0000000616400000)
AC   0  F    TS     0 PTAMS 0x0000000616400000 NTAMS 0x0000000616400000 space 4096K,   0% used [0x0000000616400000, 0x0000000616800000)
AC   0  F    TS     0 PTAMS 0x0000000616800000 NTAMS 0x0000000616800000 space 4096K,   0% used [0x0000000616800000, 0x0000000616c00000)
AC   0  F    TS     0 PTAMS 0x0000000616c00000 NTAMS 0x0000000616c00000 space 4096K,   0% used [0x0000000616c00000, 0x0000000617000000)
AC   0  F    TS     0 PTAMS 0x0000000617000000 NTAMS 0x0000000617000000 space 4096K,   0% used [0x0000000617000000, 0x0000000617400000)
AC   0  F    TS     0 PTAMS 0x0000000617400000 NTAMS 0x0000000617400000 space 4096K,   0% used [0x0000000617400000, 0x0000000617800000)
AC   0  F    TS     0 PTAMS 0x0000000617800000 NTAMS 0x0000000617800000 space 4096K,   0% used [0x0000000617800000, 0x0000000617c00000)
AC   0  F    TS     0 PTAMS 0x0000000617c00000 NTAMS 0x0000000617c00000 space 4096K,   0% used [0x0000000617c00000, 0x0000000618000000)
AC   0  F    TS     0 PTAMS 0x0000000618000000 NTAMS 0x0000000618000000 space 4096K,   0% used [0x0000000618000000, 0x0000000618400000)
AC   0  F    TS     0 PTAMS 0x0000000618400000 NTAMS 0x0000000618400000 space 4096K,   0% used [0x0000000618400000, 0x0000000618800000)
AC   0  F    TS     0 PTAMS 0x0000000618800000 NTAMS 0x0000000618800000 space 4096K,   0% used [0x0000000618800000, 0x0000000618c00000)
AC   0  F    TS     0 PTAMS 0x0000000618c00000 NTAMS 0x0000000618c00000 space 4096K,   0% used [0x0000000618c00000, 0x0000000619000000)
AC   0  F    TS     0 PTAMS 0x0000000619000000 NTAMS 0x0000000619000000 space 4096K,   0% used [0x0000000619000000, 0x0000000619400000)
AC   0  F    TS     0 PTAMS 0x0000000619400000 NTAMS 0x0000000619400000 space 4096K,   0% used [0x0000000619400000, 0x0000000619800000)
AC   0  F    TS     0 PTAMS 0x0000000619800000 NTAMS 0x0000000619800000 space 4096K,   0% used [0x0000000619800000, 0x0000000619c00000)
AC   0  F    TS     0 PTAMS 0x0000000619c00000 NTAMS 0x0000000619c00000 space 4096K,   0% used [0x0000000619c00000, 0x000000061a000000)
AC   0  F    TS     0 PTAMS 0x000000061a000000 NTAMS 0x000000061a000000 space 4096K,   0% used [0x000000061a000000, 0x000000061a400000)
AC   0  F    TS     0 PTAMS 0x000000061a400000 NTAMS 0x000000061a400000 space 4096K,   0% used [0x000000061a400000, 0x000000061a800000)
AC   0  F    TS     0 PTAMS 0x000000061a800000 NTAMS 0x000000061a800000 space 4096K,   0% used [0x000000061a800000, 0x000000061ac00000)
AC   0  F    TS     0 PTAMS 0x000000061ac00000 NTAMS 0x000000061ac00000 space 4096K,   0% used [0x000000061ac00000, 0x000000061b000000)
AC   0  F    TS     0 PTAMS 0x000000061b000000 NTAMS 0x000000061b000000 space 4096K,   0% used [0x000000061b000000, 0x000000061b400000)
AC   0  F    TS     0 PTAMS 0x000000061b400000 NTAMS 0x000000061b400000 space 4096K,   0% used [0x000000061b400000, 0x000000061b800000)
AC   0  F    TS     0 PTAMS 0x000000061b800000 NTAMS 0x000000061b800000 space 4096K,   0% used [0x000000061b800000, 0x000000061bc00000)
AC   0  F    TS     0 PTAMS 0x000000061bc00000 NTAMS 0x000000061bc00000 space 4096K,   0% used [0x000000061bc00000, 0x000000061c000000)
AC   0  F    TS     0 PTAMS 0x000000061c000000 NTAMS 0x000000061c000000 space 4096K,   0% used [0x000000061c000000, 0x000000061c400000)
AC   0  F    TS     0 PTAMS 0x000000061c400000 NTAMS 0x000000061c400000 space 4096K,   0% used [0x000000061c400000, 0x000000061c800000)
AC   0  F    TS     0 PTAMS 0x000000061c800000 NTAMS 0x000000061c800000 space 4096K,   0% used [0x000000061c800000, 0x000000061cc00000)
AC   0  F    TS     0 PTAMS 0x000000061cc00000 NTAMS 0x000000061cc00000 space 4096K,   0% used [0x000000061cc00000, 0x000000061d000000)
AC   0  F    TS     0 PTAMS 0x000000061d000000 NTAMS 0x000000061d000000 space 4096K,   0% used [0x000000061d000000, 0x000000061d400000)
AC   0  F    TS     0 PTAMS 0x000000061d400000 NTAMS 0x000000061d400000 space 4096K,   0% used [0x000000061d400000, 0x000000061d800000)
AC   0  F    TS     0 PTAMS 0x000000061d800000 NTAMS 0x000000061d800000 space 4096K,   0% used [0x000000061d800000, 0x000000061dc00000)
AC   0  F    TS     0 PTAMS 0x000000061dc00000 NTAMS 0x000000061dc00000 space 4096K,   0% used [0x000000061dc00000, 0x000000061e000000)
AC   0  F    TS     0 PTAMS 0x000000061e000000 NTAMS 0x000000061e000000 space 4096K,   0% used [0x000000061e000000, 0x000000061e400000)
AC   0  F    TS     0 PTAMS 0x000000061e400000 NTAMS 0x000000061e400000 space 4096K,   0% used [0x000000061e400000, 0x000000061e800000)
AC   0  F    TS     0 PTAMS 0x000000061e800000 NTAMS 0x000000061e800000 space 4096K,   0% used [0x000000061e800000, 0x000000061ec00000)
AC   0  F    TS     0 PTAMS 0x000000061ec00000 NTAMS 0x000000061ec00000 space 4096K,   0% used [0x000000061ec00000, 0x000000061f000000)
AC   0  F    TS     0 PTAMS 0x000000061f000000 NTAMS 0x000000061f000000 space 4096K,   0% used [0x000000061f000000, 0x000000061f400000)
AC   0  F    TS     0 PTAMS 0x000000061f400000 NTAMS 0x000000061f400000 space 4096K,   0% used [0x000000061f400000, 0x000000061f800000)
AC   0  F    TS     0 PTAMS 0x000000061f800000 NTAMS 0x000000061f800000 space 4096K,   0% used [0x000000061f800000, 0x000000061fc00000)
AC   0  F    TS     0 PTAMS 0x000000061fc00000 NTAMS 0x000000061fc00000 space 4096K,   0% used [0x000000061fc00000, 0x0000000620000000)
AC   0  F    TS     0 PTAMS 0x0000000620000000 NTAMS 0x0000000620000000 space 4096K,   0% used [0x0000000620000000, 0x0000000620400000)
AC   0  F    TS     0 PTAMS 0x0000000620400000 NTAMS 0x0000000620400000 space 4096K,   0% used [0x0000000620400000, 0x0000000620800000)
AC   0  F    TS     0 PTAMS 0x0000000620800000 NTAMS 0x0000000620800000 space 4096K,   0% used [0x0000000620800000, 0x0000000620c00000)
AC   0  F    TS     0 PTAMS 0x0000000620c00000 NTAMS 0x0000000620c00000 space 4096K,   0% used [0x0000000620c00000, 0x0000000621000000)
AC   0  F    TS     0 PTAMS 0x0000000621000000 NTAMS 0x0000000621000000 space 4096K,   0% used [0x0000000621000000, 0x0000000621400000)
AC   0  F    TS     0 PTAMS 0x0000000621400000 NTAMS 0x0000000621400000 space 4096K,   0% used [0x0000000621400000, 0x0000000621800000)
AC   0  F    TS     0 PTAMS 0x0000000621800000 NTAMS 0x0000000621800000 space 4096K,   0% used [0x0000000621800000, 0x0000000621c00000)
AC   0  F    TS     0 PTAMS 0x0000000621c00000 NTAMS 0x0000000621c00000 space 4096K,   0% used [0x0000000621c00000, 0x0000000622000000)
AC   0  F    TS     0 PTAMS 0x0000000622000000 NTAMS 0x0000000622000000 space 4096K,   0% used [0x0000000622000000, 0x0000000622400000)
AC   0  F    TS     0 PTAMS 0x0000000622400000 NTAMS 0x0000000622400000 space 4096K,   0% used [0x0000000622400000, 0x0000000622800000)
AC   0  F    TS     0 PTAMS 0x0000000622800000 NTAMS 0x0000000622800000 space 4096K,   0% used [0x0000000622800000, 0x0000000622c00000)
AC   0  F    TS     0 PTAMS 0x0000000622c00000 NTAMS 0x0000000622c00000 space 4096K,   0% used [0x0000000622c00000, 0x0000000623000000)
AC   0  F    TS     0 PTAMS 0x0000000623000000 NTAMS 0x0000000623000000 space 4096K,   0% used [0x0000000623000000, 0x0000000623400000)
AC   0  F    TS     0 PTAMS 0x0000000623400000 NTAMS 0x0000000623400000 space 4096K,   0% used [0x0000000623400000, 0x0000000623800000)
AC   0  F    TS     0 PTAMS 0x0000000623800000 NTAMS 0x0000000623800000 space 4096K,   0% used [0x0000000623800000, 0x0000000623c00000)
AC   0  F    TS     0 PTAMS 0x0000000623c00000 NTAMS 0x0000000623c00000 space 4096K,   0% used [0x0000000623c00000, 0x0000000624000000)
AC   0  F    TS     0 PTAMS 0x0000000624000000 NTAMS 0x0000000624000000 space 4096K,   0% used [0x0000000624000000, 0x0000000624400000)
AC   0  F    TS     0 PTAMS 0x0000000624400000 NTAMS 0x0000000624400000 space 4096K,   0% used [0x0000000624400000, 0x0000000624800000)
AC   0  F    TS     0 PTAMS 0x0000000624800000 NTAMS 0x0000000624800000 space 4096K,   0% used [0x0000000624800000, 0x0000000624c00000)
AC   0  F    TS     0 PTAMS 0x0000000624c00000 NTAMS 0x0000000624c00000 space 4096K,   0% used [0x0000000624c00000, 0x0000000625000000)
AC   0  F    TS     0 PTAMS 0x0000000625000000 NTAMS 0x0000000625000000 space 4096K,   0% used [0x0000000625000000, 0x0000000625400000)
AC   0  F    TS     0 PTAMS 0x0000000625400000 NTAMS 0x0000000625400000 space 4096K,   0% used [0x0000000625400000, 0x0000000625800000)
AC   0  F    TS     0 PTAMS 0x0000000625800000 NTAMS 0x0000000625800000 space 4096K,   0% used [0x0000000625800000, 0x0000000625c00000)
AC   0  F    TS     0 PTAMS 0x0000000625c00000 NTAMS 0x0000000625c00000 space 4096K,   0% used [0x0000000625c00000, 0x0000000626000000)
AC   0  F    TS     0 PTAMS 0x0000000626000000 NTAMS 0x0000000626000000 space 4096K,   0% used [0x0000000626000000, 0x0000000626400000)
AC   0  F    TS     0 PTAMS 0x0000000626400000 NTAMS 0x0000000626400000 space 4096K,   0% used [0x0000000626400000, 0x0000000626800000)
AC   0  F    TS     0 PTAMS 0x0000000626800000 NTAMS 0x0000000626800000 space 4096K,   0% used [0x0000000626800000, 0x0000000626c00000)
AC   0  F    TS     0 PTAMS 0x0000000626c00000 NTAMS 0x0000000626c00000 space 4096K,   0% used [0x0000000626c00000, 0x0000000627000000)
AC   0  F    TS     0 PTAMS 0x0000000627000000 NTAMS 0x0000000627000000 space 4096K,   0% used [0x0000000627000000, 0x0000000627400000)
AC   0  F    TS     0 PTAMS 0x0000000627400000 NTAMS 0x0000000627400000 space 4096K,   0% used [0x0000000627400000, 0x0000000627800000)
AC   0  F    TS     0 PTAMS 0x0000000627800000 NTAMS 0x0000000627800000 space 4096K,   0% used [0x0000000627800000, 0x0000000627c00000)
AC   0  F    TS     0 PTAMS 0x0000000627c00000 NTAMS 0x0000000627c00000 space 4096K,   0% used [0x0000000627c00000, 0x0000000628000000)
AC   0  F    TS     0 PTAMS 0x0000000628000000 NTAMS 0x0000000628000000 space 4096K,   0% used [0x0000000628000000, 0x0000000628400000)
AC   0  F    TS     0 PTAMS 0x0000000628400000 NTAMS 0x0000000628400000 space 4096K,   0% used [0x0000000628400000, 0x0000000628800000)
AC   0  F    TS     0 PTAMS 0x0000000628800000 NTAMS 0x0000000628800000 space 4096K,   0% used [0x0000000628800000, 0x0000000628c00000)
AC   0  F    TS     0 PTAMS 0x0000000628c00000 NTAMS 0x0000000628c00000 space 4096K,   0% used [0x0000000628c00000, 0x0000000629000000)
AC   0  F    TS     0 PTAMS 0x0000000629000000 NTAMS 0x0000000629000000 space 4096K,   0% used [0x0000000629000000, 0x0000000629400000)
AC   0  F    TS     0 PTAMS 0x0000000629400000 NTAMS 0x0000000629400000 space 4096K,   0% used [0x0000000629400000, 0x0000000629800000)
AC   0  F    TS     0 PTAMS 0x0000000629800000 NTAMS 0x0000000629800000 space 4096K,   0% used [0x0000000629800000, 0x0000000629c00000)
AC   0  F    TS     0 PTAMS 0x0000000629c00000 NTAMS 0x0000000629c00000 space 4096K,   0% used [0x0000000629c00000, 0x000000062a000000)
AC   0  F    TS     0 PTAMS 0x000000062a000000 NTAMS 0x000000062a000000 space 4096K,   0% used [0x000000062a000000, 0x000000062a400000)
AC   0  F    TS     0 PTAMS 0x000000062a400000 NTAMS 0x000000062a400000 space 4096K,   0% used [0x000000062a400000, 0x000000062a800000)
AC   0  F    TS     0 PTAMS 0x000000062a800000 NTAMS 0x000000062a800000 space 4096K,   0% used [0x000000062a800000, 0x000000062ac00000)
AC   0  F    TS     0 PTAMS 0x000000062ac00000 NTAMS 0x000000062ac00000 space 4096K,   0% used [0x000000062ac00000, 0x000000062b000000)
AC   0  F    TS     0 PTAMS 0x000000062b000000 NTAMS 0x000000062b000000 space 4096K,   0% used [0x000000062b000000, 0x000000062b400000)
AC   0  F    TS     0 PTAMS 0x000000062b400000 NTAMS 0x000000062b400000 space 4096K,   0% used [0x000000062b400000, 0x000000062b800000)
AC   0  F    TS     0 PTAMS 0x000000062b800000 NTAMS 0x000000062b800000 space 4096K,   0% used [0x000000062b800000, 0x000000062bc00000)
AC   0  F    TS     0 PTAMS 0x000000062bc00000 NTAMS 0x000000062bc00000 space 4096K,   0% used [0x000000062bc00000, 0x000000062c000000)
AC   0  F    TS     0 PTAMS 0x000000062c000000 NTAMS 0x000000062c000000 space 4096K,   0% used [0x000000062c000000, 0x000000062c400000)
AC   0  F    TS     0 PTAMS 0x000000062c400000 NTAMS 0x000000062c400000 space 4096K,   0% used [0x000000062c400000, 0x000000062c800000)
AC   0  F    TS     0 PTAMS 0x000000062c800000 NTAMS 0x000000062c800000 space 4096K,   0% used [0x000000062c800000, 0x000000062cc00000)
AC   0  F    TS     0 PTAMS 0x000000062cc00000 NTAMS 0x000000062cc00000 space 4096K,   0% used [0x000000062cc00000, 0x000000062d000000)
AC   0  F    TS     0 PTAMS 0x000000062d000000 NTAMS 0x000000062d000000 space 4096K,   0% used [0x000000062d000000, 0x000000062d400000)
AC   0  F    TS     0 PTAMS 0x000000062d400000 NTAMS 0x000000062d400000 space 4096K,   0% used [0x000000062d400000, 0x000000062d800000)
AC   0  F    TS     0 PTAMS 0x000000062d800000 NTAMS 0x000000062d800000 space 4096K,   0% used [0x000000062d800000, 0x000000062dc00000)
AC   0  F    TS     0 PTAMS 0x000000062dc00000 NTAMS 0x000000062dc00000 space 4096K,   0% used [0x000000062dc00000, 0x000000062e000000)
AC   0  F    TS     0 PTAMS 0x000000062e000000 NTAMS 0x000000062e000000 space 4096K,   0% used [0x000000062e000000, 0x000000062e400000)
AC   0  F    TS     0 PTAMS 0x000000062e400000 NTAMS 0x000000062e400000 space 4096K,   0% used [0x000000062e400000, 0x000000062e800000)
AC   0  F    TS     0 PTAMS 0x000000062e800000 NTAMS 0x000000062e800000 space 4096K,   0% used [0x000000062e800000, 0x000000062ec00000)
AC   0  F    TS     0 PTAMS 0x000000062ec00000 NTAMS 0x000000062ec00000 space 4096K,   0% used [0x000000062ec00000, 0x000000062f000000)
AC   0  F    TS     0 PTAMS 0x000000062f000000 NTAMS 0x000000062f000000 space 4096K,   0% used [0x000000062f000000, 0x000000062f400000)
AC   0  F    TS     0 PTAMS 0x000000062f400000 NTAMS 0x000000062f400000 space 4096K,   0% used [0x000000062f400000, 0x000000062f800000)
AC   0  F    TS     0 PTAMS 0x000000062f800000 NTAMS 0x000000062f800000 space 4096K,   0% used [0x000000062f800000, 0x000000062fc00000)
AC   0  F    TS     0 PTAMS 0x000000062fc00000 NTAMS 0x000000062fc00000 space 4096K,   0% used [0x000000062fc00000, 0x0000000630000000)
AC   0  F    TS     0 PTAMS 0x0000000630000000 NTAMS 0x0000000630000000 space 4096K,   0% used [0x0000000630000000, 0x0000000630400000)
AC   0  F    TS     0 PTAMS 0x0000000630400000 NTAMS 0x0000000630400000 space 4096K,   0% used [0x0000000630400000, 0x0000000630800000)
AC   0  F    TS     0 PTAMS 0x0000000630800000 NTAMS 0x0000000630800000 space 4096K,   0% used [0x0000000630800000, 0x0000000630c00000)
AC   0  F    TS     0 PTAMS 0x0000000630c00000 NTAMS 0x0000000630c00000 space 4096K,   0% used [0x0000000630c00000, 0x0000000631000000)
AC   0  F    TS     0 PTAMS 0x0000000631000000 NTAMS 0x0000000631000000 space 4096K,   0% used [0x0000000631000000, 0x0000000631400000)
AC   0  F    TS     0 PTAMS 0x0000000631400000 NTAMS 0x0000000631400000 space 4096K,   0% used [0x0000000631400000, 0x0000000631800000)
AC   0  F    TS     0 PTAMS 0x0000000631800000 NTAMS 0x0000000631800000 space 4096K,   0% used [0x0000000631800000, 0x0000000631c00000)
AC   0  F    TS     0 PTAMS 0x0000000631c00000 NTAMS 0x0000000631c00000 space 4096K,   0% used [0x0000000631c00000, 0x0000000632000000)
AC   0  F    TS     0 PTAMS 0x0000000632000000 NTAMS 0x0000000632000000 space 4096K,   0% used [0x0000000632000000, 0x0000000632400000)
AC   0  F    TS     0 PTAMS 0x0000000632400000 NTAMS 0x0000000632400000 space 4096K,   0% used [0x0000000632400000, 0x0000000632800000)
AC   0  F    TS     0 PTAMS 0x0000000632800000 NTAMS 0x0000000632800000 space 4096K,   0% used [0x0000000632800000, 0x0000000632c00000)
AC   0  F    TS     0 PTAMS 0x0000000632c00000 NTAMS 0x0000000632c00000 space 4096K,   0% used [0x0000000632c00000, 0x0000000633000000)
AC   0  F    TS     0 PTAMS 0x0000000633000000 NTAMS 0x0000000633000000 space 4096K,   0% used [0x0000000633000000, 0x0000000633400000)
AC   0  F    TS     0 PTAMS 0x0000000633400000 NTAMS 0x0000000633400000 space 4096K,   0% used [0x0000000633400000, 0x0000000633800000)
AC   0  F    TS     0 PTAMS 0x0000000633800000 NTAMS 0x0000000633800000 space 4096K,   0% used [0x0000000633800000, 0x0000000633c00000)
AC   0  F    TS     0 PTAMS 0x0000000633c00000 NTAMS 0x0000000633c00000 space 4096K,   0% used [0x0000000633c00000, 0x0000000634000000)
AC   0  F    TS     0 PTAMS 0x0000000634000000 NTAMS 0x0000000634000000 space 4096K,   0% used [0x0000000634000000, 0x0000000634400000)
AC   0  F    TS     0 PTAMS 0x0000000634400000 NTAMS 0x0000000634400000 space 4096K,   0% used [0x0000000634400000, 0x0000000634800000)
AC   0  F    TS     0 PTAMS 0x0000000634800000 NTAMS 0x0000000634800000 space 4096K,   0% used [0x0000000634800000, 0x0000000634c00000)
AC   0  F    TS     0 PTAMS 0x0000000634c00000 NTAMS 0x0000000634c00000 space 4096K,   0% used [0x0000000634c00000, 0x0000000635000000)
AC   0  F    TS     0 PTAMS 0x0000000635000000 NTAMS 0x0000000635000000 space 4096K,   0% used [0x0000000635000000, 0x0000000635400000)
AC   0  F    TS     0 PTAMS 0x0000000635400000 NTAMS 0x0000000635400000 space 4096K,   0% used [0x0000000635400000, 0x0000000635800000)
AC   0  F    TS     0 PTAMS 0x0000000635800000 NTAMS 0x0000000635800000 space 4096K,   0% used [0x0000000635800000, 0x0000000635c00000)
AC   0  F    TS     0 PTAMS 0x0000000635c00000 NTAMS 0x0000000635c00000 space 4096K,   0% used [0x0000000635c00000, 0x0000000636000000)
AC   0  F    TS     0 PTAMS 0x0000000636000000 NTAMS 0x0000000636000000 space 4096K,   0% used [0x0000000636000000, 0x0000000636400000)
AC   0  F    TS     0 PTAMS 0x0000000636400000 NTAMS 0x0000000636400000 space 4096K,   0% used [0x0000000636400000, 0x0000000636800000)
AC   0  F    TS     0 PTAMS 0x0000000636800000 NTAMS 0x0000000636800000 space 4096K,   0% used [0x0000000636800000, 0x0000000636c00000)
AC   0  F    TS     0 PTAMS 0x0000000636c00000 NTAMS 0x0000000636c00000 space 4096K,   0% used [0x0000000636c00000, 0x0000000637000000)
AC   0  F    TS     0 PTAMS 0x0000000637000000 NTAMS 0x0000000637000000 space 4096K,   0% used [0x0000000637000000, 0x0000000637400000)
AC   0  F    TS     0 PTAMS 0x0000000637400000 NTAMS 0x0000000637400000 space 4096K,   0% used [0x0000000637400000, 0x0000000637800000)
AC   0  F    TS     0 PTAMS 0x0000000637800000 NTAMS 0x0000000637800000 space 4096K,   0% used [0x0000000637800000, 0x0000000637c00000)
AC   0  F    TS     0 PTAMS 0x0000000637c00000 NTAMS 0x0000000637c00000 space 4096K,   0% used [0x0000000637c00000, 0x0000000638000000)
AC   0  F    TS     0 PTAMS 0x0000000638000000 NTAMS 0x0000000638000000 space 4096K,   0% used [0x0000000638000000, 0x0000000638400000)
AC   0  F    TS     0 PTAMS 0x0000000638400000 NTAMS 0x0000000638400000 space 4096K,   0% used [0x0000000638400000, 0x0000000638800000)
AC   0  F    TS     0 PTAMS 0x0000000638800000 NTAMS 0x0000000638800000 space 4096K,   0% used [0x0000000638800000, 0x0000000638c00000)
AC   0  F    TS     0 PTAMS 0x0000000638c00000 NTAMS 0x0000000638c00000 space 4096K,   0% used [0x0000000638c00000, 0x0000000639000000)
AC   0  F    TS     0 PTAMS 0x0000000639000000 NTAMS 0x0000000639000000 space 4096K,   0% used [0x0000000639000000, 0x0000000639400000)
AC   0  F    TS     0 PTAMS 0x0000000639400000 NTAMS 0x0000000639400000 space 4096K,   0% used [0x0000000639400000, 0x0000000639800000)
AC   0  F    TS     0 PTAMS 0x0000000639800000 NTAMS 0x0000000639800000 space 4096K,   0% used [0x0000000639800000, 0x0000000639c00000)
AC   0  F    TS     0 PTAMS 0x0000000639c00000 NTAMS 0x0000000639c00000 space 4096K,   0% used [0x0000000639c00000, 0x000000063a000000)
AC   0  F    TS     0 PTAMS 0x000000063a000000 NTAMS 0x000000063a000000 space 4096K,   0% used [0x000000063a000000, 0x000000063a400000)
AC   0  F    TS     0 PTAMS 0x000000063a400000 NTAMS 0x000000063a400000 space 4096K,   0% used [0x000000063a400000, 0x000000063a800000)
AC   0  F    TS     0 PTAMS 0x000000063a800000 NTAMS 0x000000063a800000 space 4096K,   0% used [0x000000063a800000, 0x000000063ac00000)
AC   0  F    TS     0 PTAMS 0x000000063ac00000 NTAMS 0x000000063ac00000 space 4096K,   0% used [0x000000063ac00000, 0x000000063b000000)
AC   0  F    TS     0 PTAMS 0x000000063b000000 NTAMS 0x000000063b000000 space 4096K,   0% used [0x000000063b000000, 0x000000063b400000)
AC   0  F    TS     0 PTAMS 0x000000063b400000 NTAMS 0x000000063b400000 space 4096K,   0% used [0x000000063b400000, 0x000000063b800000)
AC   0  F    TS     0 PTAMS 0x000000063b800000 NTAMS 0x000000063b800000 space 4096K,   0% used [0x000000063b800000, 0x000000063bc00000)
AC   0  F    TS     0 PTAMS 0x000000063bc00000 NTAMS 0x000000063bc00000 space 4096K,   0% used [0x000000063bc00000, 0x000000063c000000)
AC   0  F    TS     0 PTAMS 0x000000063c000000 NTAMS 0x000000063c000000 space 4096K,   0% used [0x000000063c000000, 0x000000063c400000)
AC   0  F    TS     0 PTAMS 0x000000063c400000 NTAMS 0x000000063c400000 space 4096K,   0% used [0x000000063c400000, 0x000000063c800000)
AC   0  F    TS     0 PTAMS 0x000000063c800000 NTAMS 0x000000063c800000 space 4096K,   0% used [0x000000063c800000, 0x000000063cc00000)
AC   0  F    TS     0 PTAMS 0x000000063cc00000 NTAMS 0x000000063cc00000 space 4096K,   0% used [0x000000063cc00000, 0x000000063d000000)
AC   0  F    TS     0 PTAMS 0x000000063d000000 NTAMS 0x000000063d000000 space 4096K,   0% used [0x000000063d000000, 0x000000063d400000)
AC   0  F    TS     0 PTAMS 0x000000063d400000 NTAMS 0x000000063d400000 space 4096K,   0% used [0x000000063d400000, 0x000000063d800000)
AC   0  F    TS     0 PTAMS 0x000000063d800000 NTAMS 0x000000063d800000 space 4096K,   0% used [0x000000063d800000, 0x000000063dc00000)
AC   0  F    TS     0 PTAMS 0x000000063dc00000 NTAMS 0x000000063dc00000 space 4096K,   0% used [0x000000063dc00000, 0x000000063e000000)
AC   0  F    TS     0 PTAMS 0x000000063e000000 NTAMS 0x000000063e000000 space 4096K,   0% used [0x000000063e000000, 0x000000063e400000)
AC   0  F    TS     0 PTAMS 0x000000063e400000 NTAMS 0x000000063e400000 space 4096K,   0% used [0x000000063e400000, 0x000000063e800000)
AC   0  F    TS     0 PTAMS 0x000000063e800000 NTAMS 0x000000063e800000 space 4096K,   0% used [0x000000063e800000, 0x000000063ec00000)
AC   0  F    TS     0 PTAMS 0x000000063ec00000 NTAMS 0x000000063ec00000 space 4096K,   0% used [0x000000063ec00000, 0x000000063f000000)
AC   0  F    TS     0 PTAMS 0x000000063f000000 NTAMS 0x000000063f000000 space 4096K,   0% used [0x000000063f000000, 0x000000063f400000)
AC   0  F    TS     0 PTAMS 0x000000063f400000 NTAMS 0x000000063f400000 space 4096K,   0% used [0x000000063f400000, 0x000000063f800000)
AC   0  F    TS     0 PTAMS 0x000000063f800000 NTAMS 0x000000063f800000 space 4096K,   0% used [0x000000063f800000, 0x000000063fc00000)
AC   0  F    TS     0 PTAMS 0x000000063fc00000 NTAMS 0x000000063fc00000 space 4096K,   0% used [0x000000063fc00000, 0x0000000640000000)
AC   0  F    TS     0 PTAMS 0x0000000640000000 NTAMS 0x0000000640000000 space 4096K,   0% used [0x0000000640000000, 0x0000000640400000)
AC   0  F    TS     0 PTAMS 0x0000000640400000 NTAMS 0x0000000640400000 space 4096K,   0% used [0x0000000640400000, 0x0000000640800000)
AC   0  F    TS     0 PTAMS 0x0000000640800000 NTAMS 0x0000000640800000 space 4096K,   0% used [0x0000000640800000, 0x0000000640c00000)
AC   0  F    TS     0 PTAMS 0x0000000640c00000 NTAMS 0x0000000640c00000 space 4096K,   0% used [0x0000000640c00000, 0x0000000641000000)
AC   0  F    TS     0 PTAMS 0x0000000641000000 NTAMS 0x0000000641000000 space 4096K,   0% used [0x0000000641000000, 0x0000000641400000)
AC   0  F    TS     0 PTAMS 0x0000000641400000 NTAMS 0x0000000641400000 space 4096K,   0% used [0x0000000641400000, 0x0000000641800000)
AC   0  F    TS     0 PTAMS 0x0000000641800000 NTAMS 0x0000000641800000 space 4096K,   0% used [0x0000000641800000, 0x0000000641c00000)
AC   0  F    TS     0 PTAMS 0x0000000641c00000 NTAMS 0x0000000641c00000 space 4096K,   0% used [0x0000000641c00000, 0x0000000642000000)
AC   0  F    TS     0 PTAMS 0x0000000642000000 NTAMS 0x0000000642000000 space 4096K,   0% used [0x0000000642000000, 0x0000000642400000)
AC   0  F    TS     0 PTAMS 0x0000000642400000 NTAMS 0x0000000642400000 space 4096K,   0% used [0x0000000642400000, 0x0000000642800000)
AC   0  F    TS     0 PTAMS 0x0000000642800000 NTAMS 0x0000000642800000 space 4096K,   0% used [0x0000000642800000, 0x0000000642c00000)
AC   0  F    TS     0 PTAMS 0x0000000642c00000 NTAMS 0x0000000642c00000 space 4096K,   0% used [0x0000000642c00000, 0x0000000643000000)
AC   0  F    TS     0 PTAMS 0x0000000643000000 NTAMS 0x0000000643000000 space 4096K,   0% used [0x0000000643000000, 0x0000000643400000)
AC   0  F    TS     0 PTAMS 0x0000000643400000 NTAMS 0x0000000643400000 space 4096K,   0% used [0x0000000643400000, 0x0000000643800000)
AC   0  F    TS     0 PTAMS 0x0000000643800000 NTAMS 0x0000000643800000 space 4096K,   0% used [0x0000000643800000, 0x0000000643c00000)
AC   0  F    TS     0 PTAMS 0x0000000643c00000 NTAMS 0x0000000643c00000 space 4096K,   0% used [0x0000000643c00000, 0x0000000644000000)
AC   0  F    TS     0 PTAMS 0x0000000644000000 NTAMS 0x0000000644000000 space 4096K,   0% used [0x0000000644000000, 0x0000000644400000)
AC   0  F    TS     0 PTAMS 0x0000000644400000 NTAMS 0x0000000644400000 space 4096K,   0% used [0x0000000644400000, 0x0000000644800000)
AC   0  F    TS     0 PTAMS 0x0000000644800000 NTAMS 0x0000000644800000 space 4096K,   0% used [0x0000000644800000, 0x0000000644c00000)
AC   0  F    TS     0 PTAMS 0x0000000644c00000 NTAMS 0x0000000644c00000 space 4096K,   0% used [0x0000000644c00000, 0x0000000645000000)
AC   0  F    TS     0 PTAMS 0x0000000645000000 NTAMS 0x0000000645000000 space 4096K,   0% used [0x0000000645000000, 0x0000000645400000)
AC   0  F    TS     0 PTAMS 0x0000000645400000 NTAMS 0x0000000645400000 space 4096K,   0% used [0x0000000645400000, 0x0000000645800000)
AC   0  F    TS     0 PTAMS 0x0000000645800000 NTAMS 0x0000000645800000 space 4096K,   0% used [0x0000000645800000, 0x0000000645c00000)
AC   0  F    TS     0 PTAMS 0x0000000645c00000 NTAMS 0x0000000645c00000 space 4096K,   0% used [0x0000000645c00000, 0x0000000646000000)
AC   0  F    TS     0 PTAMS 0x0000000646000000 NTAMS 0x0000000646000000 space 4096K,   0% used [0x0000000646000000, 0x0000000646400000)
AC   0  F    TS     0 PTAMS 0x0000000646400000 NTAMS 0x0000000646400000 space 4096K,   0% used [0x0000000646400000, 0x0000000646800000)
AC   0  F    TS     0 PTAMS 0x0000000646800000 NTAMS 0x0000000646800000 space 4096K,   0% used [0x0000000646800000, 0x0000000646c00000)
AC   0  F    TS     0 PTAMS 0x0000000646c00000 NTAMS 0x0000000646c00000 space 4096K,   0% used [0x0000000646c00000, 0x0000000647000000)
AC   0  F    TS     0 PTAMS 0x0000000647000000 NTAMS 0x0000000647000000 space 4096K,   0% used [0x0000000647000000, 0x0000000647400000)
AC   0  F    TS     0 PTAMS 0x0000000647400000 NTAMS 0x0000000647400000 space 4096K,   0% used [0x0000000647400000, 0x0000000647800000)
AC   0  F    TS     0 PTAMS 0x0000000647800000 NTAMS 0x0000000647800000 space 4096K,   0% used [0x0000000647800000, 0x0000000647c00000)
AC   0  F    TS     0 PTAMS 0x0000000647c00000 NTAMS 0x0000000647c00000 space 4096K,   0% used [0x0000000647c00000, 0x0000000648000000)
AC   0  F    TS     0 PTAMS 0x0000000648000000 NTAMS 0x0000000648000000 space 4096K,   0% used [0x0000000648000000, 0x0000000648400000)
AC   0  F    TS     0 PTAMS 0x0000000648400000 NTAMS 0x0000000648400000 space 4096K,   0% used [0x0000000648400000, 0x0000000648800000)
AC   0  F    TS     0 PTAMS 0x0000000648800000 NTAMS 0x0000000648800000 space 4096K,   0% used [0x0000000648800000, 0x0000000648c00000)
AC   0  F    TS     0 PTAMS 0x0000000648c00000 NTAMS 0x0000000648c00000 space 4096K,   0% used [0x0000000648c00000, 0x0000000649000000)
AC   0  F    TS     0 PTAMS 0x0000000649000000 NTAMS 0x0000000649000000 space 4096K,   0% used [0x0000000649000000, 0x0000000649400000)
AC   0  F    TS     0 PTAMS 0x0000000649400000 NTAMS 0x0000000649400000 space 4096K,   0% used [0x0000000649400000, 0x0000000649800000)
AC   0  F    TS     0 PTAMS 0x0000000649800000 NTAMS 0x0000000649800000 space 4096K,   0% used [0x0000000649800000, 0x0000000649c00000)
AC   0  F    TS     0 PTAMS 0x0000000649c00000 NTAMS 0x0000000649c00000 space 4096K,   0% used [0x0000000649c00000, 0x000000064a000000)
AC   0  F    TS     0 PTAMS 0x000000064a000000 NTAMS 0x000000064a000000 space 4096K,   0% used [0x000000064a000000, 0x000000064a400000)
AC   0  F    TS     0 PTAMS 0x000000064a400000 NTAMS 0x000000064a400000 space 4096K,   0% used [0x000000064a400000, 0x000000064a800000)
AC   0  F    TS     0 PTAMS 0x000000064a800000 NTAMS 0x000000064a800000 space 4096K,   0% used [0x000000064a800000, 0x000000064ac00000)
AC   0  F    TS     0 PTAMS 0x000000064ac00000 NTAMS 0x000000064ac00000 space 4096K,   0% used [0x000000064ac00000, 0x000000064b000000)
AC   0  F    TS     0 PTAMS 0x000000064b000000 NTAMS 0x000000064b000000 space 4096K,   0% used [0x000000064b000000, 0x000000064b400000)
AC   0  F    TS     0 PTAMS 0x000000064b400000 NTAMS 0x000000064b400000 space 4096K,   0% used [0x000000064b400000, 0x000000064b800000)
AC   0  F    TS     0 PTAMS 0x000000064b800000 NTAMS 0x000000064b800000 space 4096K,   0% used [0x000000064b800000, 0x000000064bc00000)
AC   0  F    TS     0 PTAMS 0x000000064bc00000 NTAMS 0x000000064bc00000 space 4096K,   0% used [0x000000064bc00000, 0x000000064c000000)
AC   0  F    TS     0 PTAMS 0x000000064c000000 NTAMS 0x000000064c000000 space 4096K,   0% used [0x000000064c000000, 0x000000064c400000)
AC   0  F    TS     0 PTAMS 0x000000064c400000 NTAMS 0x000000064c400000 space 4096K,   0% used [0x000000064c400000, 0x000000064c800000)
AC   0  F    TS     0 PTAMS 0x000000064c800000 NTAMS 0x000000064c800000 space 4096K,   0% used [0x000000064c800000, 0x000000064cc00000)
AC   0  F    TS     0 PTAMS 0x000000064cc00000 NTAMS 0x000000064cc00000 space 4096K,   0% used [0x000000064cc00000, 0x000000064d000000)
AC   0  F    TS     0 PTAMS 0x000000064d000000 NTAMS 0x000000064d000000 space 4096K,   0% used [0x000000064d000000, 0x000000064d400000)
AC   0  F    TS     0 PTAMS 0x000000064d400000 NTAMS 0x000000064d400000 space 4096K,   0% used [0x000000064d400000, 0x000000064d800000)
AC   0  F    TS     0 PTAMS 0x000000064d800000 NTAMS 0x000000064d800000 space 4096K,   0% used [0x000000064d800000, 0x000000064dc00000)
AC   0  F    TS     0 PTAMS 0x000000064dc00000 NTAMS 0x000000064dc00000 space 4096K,   0% used [0x000000064dc00000, 0x000000064e000000)
AC   0  F    TS     0 PTAMS 0x000000064e000000 NTAMS 0x000000064e000000 space 4096K,   0% used [0x000000064e000000, 0x000000064e400000)
AC   0  F    TS     0 PTAMS 0x000000064e400000 NTAMS 0x000000064e400000 space 4096K,   0% used [0x000000064e400000, 0x000000064e800000)
AC   0  F    TS     0 PTAMS 0x000000064e800000 NTAMS 0x000000064e800000 space 4096K,   0% used [0x000000064e800000, 0x000000064ec00000)
AC   0  F    TS     0 PTAMS 0x000000064ec00000 NTAMS 0x000000064ec00000 space 4096K,   0% used [0x000000064ec00000, 0x000000064f000000)
AC   0  F    TS     0 PTAMS 0x000000064f000000 NTAMS 0x000000064f000000 space 4096K,   0% used [0x000000064f000000, 0x000000064f400000)
AC   0  F    TS     0 PTAMS 0x000000064f400000 NTAMS 0x000000064f400000 space 4096K,   0% used [0x000000064f400000, 0x000000064f800000)
AC   0  F    TS     0 PTAMS 0x000000064f800000 NTAMS 0x000000064f800000 space 4096K,   0% used [0x000000064f800000, 0x000000064fc00000)
AC   0  F    TS     0 PTAMS 0x000000064fc00000 NTAMS 0x000000064fc00000 space 4096K,   0% used [0x000000064fc00000, 0x0000000650000000)
AC   0  F    TS     0 PTAMS 0x0000000650000000 NTAMS 0x0000000650000000 space 4096K,   0% used [0x0000000650000000, 0x0000000650400000)
AC   0  F    TS     0 PTAMS 0x0000000650400000 NTAMS 0x0000000650400000 space 4096K,   0% used [0x0000000650400000, 0x0000000650800000)
AC   0  F    TS     0 PTAMS 0x0000000650800000 NTAMS 0x0000000650800000 space 4096K,   0% used [0x0000000650800000, 0x0000000650c00000)
AC   0  F    TS     0 PTAMS 0x0000000650c00000 NTAMS 0x0000000650c00000 space 4096K,   0% used [0x0000000650c00000, 0x0000000651000000)
AC   0  F    TS     0 PTAMS 0x0000000651000000 NTAMS 0x0000000651000000 space 4096K,   0% used [0x0000000651000000, 0x0000000651400000)
AC   0  F    TS     0 PTAMS 0x0000000651400000 NTAMS 0x0000000651400000 space 4096K,   0% used [0x0000000651400000, 0x0000000651800000)
AC   0  F    TS     0 PTAMS 0x0000000651800000 NTAMS 0x0000000651800000 space 4096K,   0% used [0x0000000651800000, 0x0000000651c00000)
AC   0  F    TS     0 PTAMS 0x0000000651c00000 NTAMS 0x0000000651c00000 space 4096K,   0% used [0x0000000651c00000, 0x0000000652000000)
AC   0  F    TS     0 PTAMS 0x0000000652000000 NTAMS 0x0000000652000000 space 4096K,   0% used [0x0000000652000000, 0x0000000652400000)
AC   0  F    TS     0 PTAMS 0x0000000652400000 NTAMS 0x0000000652400000 space 4096K,   0% used [0x0000000652400000, 0x0000000652800000)
AC   0  F    TS     0 PTAMS 0x0000000652800000 NTAMS 0x0000000652800000 space 4096K,   0% used [0x0000000652800000, 0x0000000652c00000)
AC   0  F    TS     0 PTAMS 0x0000000652c00000 NTAMS 0x0000000652c00000 space 4096K,   0% used [0x0000000652c00000, 0x0000000653000000)
AC   0  F    TS     0 PTAMS 0x0000000653000000 NTAMS 0x0000000653000000 space 4096K,   0% used [0x0000000653000000, 0x0000000653400000)
AC   0  F    TS     0 PTAMS 0x0000000653400000 NTAMS 0x0000000653400000 space 4096K,   0% used [0x0000000653400000, 0x0000000653800000)
AC   0  F    TS     0 PTAMS 0x0000000653800000 NTAMS 0x0000000653800000 space 4096K,   0% used [0x0000000653800000, 0x0000000653c00000)
AC   0  F    TS     0 PTAMS 0x0000000653c00000 NTAMS 0x0000000653c00000 space 4096K,   0% used [0x0000000653c00000, 0x0000000654000000)
AC   0  F    TS     0 PTAMS 0x0000000654000000 NTAMS 0x0000000654000000 space 4096K,   0% used [0x0000000654000000, 0x0000000654400000)
AC   0  F    TS     0 PTAMS 0x0000000654400000 NTAMS 0x0000000654400000 space 4096K,   0% used [0x0000000654400000, 0x0000000654800000)
AC   0  F    TS     0 PTAMS 0x0000000654800000 NTAMS 0x0000000654800000 space 4096K,   0% used [0x0000000654800000, 0x0000000654c00000)
AC   0  F    TS     0 PTAMS 0x0000000654c00000 NTAMS 0x0000000654c00000 space 4096K,   0% used [0x0000000654c00000, 0x0000000655000000)
AC   0  F    TS     0 PTAMS 0x0000000655000000 NTAMS 0x0000000655000000 space 4096K,   0% used [0x0000000655000000, 0x0000000655400000)
AC   0  F    TS     0 PTAMS 0x0000000655400000 NTAMS 0x0000000655400000 space 4096K,   0% used [0x0000000655400000, 0x0000000655800000)
AC   0  F    TS     0 PTAMS 0x0000000655800000 NTAMS 0x0000000655800000 space 4096K,   0% used [0x0000000655800000, 0x0000000655c00000)
AC   0  F    TS     0 PTAMS 0x0000000655c00000 NTAMS 0x0000000655c00000 space 4096K,   0% used [0x0000000655c00000, 0x0000000656000000)
AC   0  F    TS     0 PTAMS 0x0000000656000000 NTAMS 0x0000000656000000 space 4096K,   0% used [0x0000000656000000, 0x0000000656400000)
AC   0  F    TS     0 PTAMS 0x0000000656400000 NTAMS 0x0000000656400000 space 4096K,   0% used [0x0000000656400000, 0x0000000656800000)
AC   0  F    TS     0 PTAMS 0x0000000656800000 NTAMS 0x0000000656800000 space 4096K,   0% used [0x0000000656800000, 0x0000000656c00000)
AC   0  F    TS     0 PTAMS 0x0000000656c00000 NTAMS 0x0000000656c00000 space 4096K,   0% used [0x0000000656c00000, 0x0000000657000000)
AC   0  F    TS     0 PTAMS 0x0000000657000000 NTAMS 0x0000000657000000 space 4096K,   0% used [0x0000000657000000, 0x0000000657400000)
AC   0  F    TS     0 PTAMS 0x0000000657400000 NTAMS 0x0000000657400000 space 4096K,   0% used [0x0000000657400000, 0x0000000657800000)
AC   0  F    TS     0 PTAMS 0x0000000657800000 NTAMS 0x0000000657800000 space 4096K,   0% used [0x0000000657800000, 0x0000000657c00000)
AC   0  F    TS     0 PTAMS 0x0000000657c00000 NTAMS 0x0000000657c00000 space 4096K,   0% used [0x0000000657c00000, 0x0000000658000000)
AC   0  F    TS     0 PTAMS 0x0000000658000000 NTAMS 0x0000000658000000 space 4096K,   0% used [0x0000000658000000, 0x0000000658400000)
AC   0  F    TS     0 PTAMS 0x0000000658400000 NTAMS 0x0000000658400000 space 4096K,   0% used [0x0000000658400000, 0x0000000658800000)
AC   0  F    TS     0 PTAMS 0x0000000658800000 NTAMS 0x0000000658800000 space 4096K,   0% used [0x0000000658800000, 0x0000000658c00000)
AC   0  F    TS     0 PTAMS 0x0000000658c00000 NTAMS 0x0000000658c00000 space 4096K,   0% used [0x0000000658c00000, 0x0000000659000000)
AC   0  F    TS     0 PTAMS 0x0000000659000000 NTAMS 0x0000000659000000 space 4096K,   0% used [0x0000000659000000, 0x0000000659400000)
AC   0  F    TS     0 PTAMS 0x0000000659400000 NTAMS 0x0000000659400000 space 4096K,   0% used [0x0000000659400000, 0x0000000659800000)
AC   0  F    TS     0 PTAMS 0x0000000659800000 NTAMS 0x0000000659800000 space 4096K,   0% used [0x0000000659800000, 0x0000000659c00000)
AC   0  F    TS     0 PTAMS 0x0000000659c00000 NTAMS 0x0000000659c00000 space 4096K,   0% used [0x0000000659c00000, 0x000000065a000000)
AC   0  F    TS     0 PTAMS 0x000000065a000000 NTAMS 0x000000065a000000 space 4096K,   0% used [0x000000065a000000, 0x000000065a400000)
AC   0  F    TS     0 PTAMS 0x000000065a400000 NTAMS 0x000000065a400000 space 4096K,   0% used [0x000000065a400000, 0x000000065a800000)
AC   0  F    TS     0 PTAMS 0x000000065a800000 NTAMS 0x000000065a800000 space 4096K,   0% used [0x000000065a800000, 0x000000065ac00000)
AC   0  F    TS     0 PTAMS 0x000000065ac00000 NTAMS 0x000000065ac00000 space 4096K,   0% used [0x000000065ac00000, 0x000000065b000000)
AC   0  F    TS     0 PTAMS 0x000000065b000000 NTAMS 0x000000065b000000 space 4096K,   0% used [0x000000065b000000, 0x000000065b400000)
AC   0  F    TS     0 PTAMS 0x000000065b400000 NTAMS 0x000000065b400000 space 4096K,   0% used [0x000000065b400000, 0x000000065b800000)
AC   0  F    TS     0 PTAMS 0x000000065b800000 NTAMS 0x000000065b800000 space 4096K,   0% used [0x000000065b800000, 0x000000065bc00000)
AC   0  F    TS     0 PTAMS 0x000000065bc00000 NTAMS 0x000000065bc00000 space 4096K,   0% used [0x000000065bc00000, 0x000000065c000000)
AC   0  F    TS     0 PTAMS 0x000000065c000000 NTAMS 0x000000065c000000 space 4096K,   0% used [0x000000065c000000, 0x000000065c400000)
AC   0  F    TS     0 PTAMS 0x000000065c400000 NTAMS 0x000000065c400000 space 4096K,   0% used [0x000000065c400000, 0x000000065c800000)
AC   0  F    TS     0 PTAMS 0x000000065c800000 NTAMS 0x000000065c800000 space 4096K,   0% used [0x000000065c800000, 0x000000065cc00000)
AC   0  F    TS     0 PTAMS 0x000000065cc00000 NTAMS 0x000000065cc00000 space 4096K,   0% used [0x000000065cc00000, 0x000000065d000000)
AC   0  F    TS     0 PTAMS 0x000000065d000000 NTAMS 0x000000065d000000 space 4096K,   0% used [0x000000065d000000, 0x000000065d400000)
AC   0  F    TS     0 PTAMS 0x000000065d400000 NTAMS 0x000000065d400000 space 4096K,   0% used [0x000000065d400000, 0x000000065d800000)
AC   0  F    TS     0 PTAMS 0x000000065d800000 NTAMS 0x000000065d800000 space 4096K,   0% used [0x000000065d800000, 0x000000065dc00000)
AC   0  F    TS     0 PTAMS 0x000000065dc00000 NTAMS 0x000000065dc00000 space 4096K,   0% used [0x000000065dc00000, 0x000000065e000000)
AC   0  F    TS     0 PTAMS 0x000000065e000000 NTAMS 0x000000065e000000 space 4096K,   0% used [0x000000065e000000, 0x000000065e400000)
AC   0  F    TS     0 PTAMS 0x000000065e400000 NTAMS 0x000000065e400000 space 4096K,   0% used [0x000000065e400000, 0x000000065e800000)
AC   0  F    TS     0 PTAMS 0x000000065e800000 NTAMS 0x000000065e800000 space 4096K,   0% used [0x000000065e800000, 0x000000065ec00000)
AC   0  F    TS     0 PTAMS 0x000000065ec00000 NTAMS 0x000000065ec00000 space 4096K,   0% used [0x000000065ec00000, 0x000000065f000000)
AC   0  F    TS     0 PTAMS 0x000000065f000000 NTAMS 0x000000065f000000 space 4096K,   0% used [0x000000065f000000, 0x000000065f400000)
AC   0  F    TS     0 PTAMS 0x000000065f400000 NTAMS 0x000000065f400000 space 4096K,   0% used [0x000000065f400000, 0x000000065f800000)
AC   0  F    TS     0 PTAMS 0x000000065f800000 NTAMS 0x000000065f800000 space 4096K,   0% used [0x000000065f800000, 0x000000065fc00000)
AC   0  F    TS     0 PTAMS 0x000000065fc00000 NTAMS 0x000000065fc00000 space 4096K,   0% used [0x000000065fc00000, 0x0000000660000000)
AC   0  F    TS     0 PTAMS 0x0000000660000000 NTAMS 0x0000000660000000 space 4096K,   0% used [0x0000000660000000, 0x0000000660400000)
AC   0  F    TS     0 PTAMS 0x0000000660400000 NTAMS 0x0000000660400000 space 4096K,   0% used [0x0000000660400000, 0x0000000660800000)
AC   0  F    TS     0 PTAMS 0x0000000660800000 NTAMS 0x0000000660800000 space 4096K,   0% used [0x0000000660800000, 0x0000000660c00000)
AC   0  F    TS     0 PTAMS 0x0000000660c00000 NTAMS 0x0000000660c00000 space 4096K,   0% used [0x0000000660c00000, 0x0000000661000000)
AC   0  F    TS     0 PTAMS 0x0000000661000000 NTAMS 0x0000000661000000 space 4096K,   0% used [0x0000000661000000, 0x0000000661400000)
AC   0  F    TS     0 PTAMS 0x0000000661400000 NTAMS 0x0000000661400000 space 4096K,   0% used [0x0000000661400000, 0x0000000661800000)
AC   0  F    TS     0 PTAMS 0x0000000661800000 NTAMS 0x0000000661800000 space 4096K,   0% used [0x0000000661800000, 0x0000000661c00000)
AC   0  F    TS     0 PTAMS 0x0000000661c00000 NTAMS 0x0000000661c00000 space 4096K,   0% used [0x0000000661c00000, 0x0000000662000000)
AC   0  F    TS     0 PTAMS 0x0000000662000000 NTAMS 0x0000000662000000 space 4096K,   0% used [0x0000000662000000, 0x0000000662400000)
AC   0  F    TS     0 PTAMS 0x0000000662400000 NTAMS 0x0000000662400000 space 4096K,   0% used [0x0000000662400000, 0x0000000662800000)
AC   0  F    TS     0 PTAMS 0x0000000662800000 NTAMS 0x0000000662800000 space 4096K,   0% used [0x0000000662800000, 0x0000000662c00000)
AC   0  F    TS     0 PTAMS 0x0000000662c00000 NTAMS 0x0000000662c00000 space 4096K,   0% used [0x0000000662c00000, 0x0000000663000000)
AC   0  F    TS     0 PTAMS 0x0000000663000000 NTAMS 0x0000000663000000 space 4096K,   0% used [0x0000000663000000, 0x0000000663400000)
AC   0  F    TS     0 PTAMS 0x0000000663400000 NTAMS 0x0000000663400000 space 4096K,   0% used [0x0000000663400000, 0x0000000663800000)
AC   0  F    TS     0 PTAMS 0x0000000663800000 NTAMS 0x0000000663800000 space 4096K,   0% used [0x0000000663800000, 0x0000000663c00000)
AC   0  F    TS     0 PTAMS 0x0000000663c00000 NTAMS 0x0000000663c00000 space 4096K,   0% used [0x0000000663c00000, 0x0000000664000000)
AC   0  F    TS     0 PTAMS 0x0000000664000000 NTAMS 0x0000000664000000 space 4096K,   0% used [0x0000000664000000, 0x0000000664400000)
AC   0  F    TS     0 PTAMS 0x0000000664400000 NTAMS 0x0000000664400000 space 4096K,   0% used [0x0000000664400000, 0x0000000664800000)
AC   0  F    TS     0 PTAMS 0x0000000664800000 NTAMS 0x0000000664800000 space 4096K,   0% used [0x0000000664800000, 0x0000000664c00000)
AC   0  F    TS     0 PTAMS 0x0000000664c00000 NTAMS 0x0000000664c00000 space 4096K,   0% used [0x0000000664c00000, 0x0000000665000000)
AC   0  F    TS     0 PTAMS 0x0000000665000000 NTAMS 0x0000000665000000 space 4096K,   0% used [0x0000000665000000, 0x0000000665400000)
AC   0  F    TS     0 PTAMS 0x0000000665400000 NTAMS 0x0000000665400000 space 4096K,   0% used [0x0000000665400000, 0x0000000665800000)
AC   0  F    TS     0 PTAMS 0x0000000665800000 NTAMS 0x0000000665800000 space 4096K,   0% used [0x0000000665800000, 0x0000000665c00000)
AC   0  F    TS     0 PTAMS 0x0000000665c00000 NTAMS 0x0000000665c00000 space 4096K,   0% used [0x0000000665c00000, 0x0000000666000000)
AC   0  F    TS     0 PTAMS 0x0000000666000000 NTAMS 0x0000000666000000 space 4096K,   0% used [0x0000000666000000, 0x0000000666400000)
AC   0  F    TS     0 PTAMS 0x0000000666400000 NTAMS 0x0000000666400000 space 4096K,   0% used [0x0000000666400000, 0x0000000666800000)
AC   0  F    TS     0 PTAMS 0x0000000666800000 NTAMS 0x0000000666800000 space 4096K,   0% used [0x0000000666800000, 0x0000000666c00000)
AC   0  F    TS     0 PTAMS 0x0000000666c00000 NTAMS 0x0000000666c00000 space 4096K,   0% used [0x0000000666c00000, 0x0000000667000000)
AC   0  F    TS     0 PTAMS 0x0000000667000000 NTAMS 0x0000000667000000 space 4096K,   0% used [0x0000000667000000, 0x0000000667400000)
AC   0  F    TS     0 PTAMS 0x0000000667400000 NTAMS 0x0000000667400000 space 4096K,   0% used [0x0000000667400000, 0x0000000667800000)
AC   0  F    TS     0 PTAMS 0x0000000667800000 NTAMS 0x0000000667800000 space 4096K,   0% used [0x0000000667800000, 0x0000000667c00000)
AC   0  F    TS     0 PTAMS 0x0000000667c00000 NTAMS 0x0000000667c00000 space 4096K,   0% used [0x0000000667c00000, 0x0000000668000000)
AC   0  F    TS     0 PTAMS 0x0000000668000000 NTAMS 0x0000000668000000 space 4096K,   0% used [0x0000000668000000, 0x0000000668400000)
AC   0  F    TS     0 PTAMS 0x0000000668400000 NTAMS 0x0000000668400000 space 4096K,   0% used [0x0000000668400000, 0x0000000668800000)
AC   0  F    TS     0 PTAMS 0x0000000668800000 NTAMS 0x0000000668800000 space 4096K,   0% used [0x0000000668800000, 0x0000000668c00000)
AC   0  F    TS     0 PTAMS 0x0000000668c00000 NTAMS 0x0000000668c00000 space 4096K,   0% used [0x0000000668c00000, 0x0000000669000000)
AC   0  F    TS     0 PTAMS 0x0000000669000000 NTAMS 0x0000000669000000 space 4096K,   0% used [0x0000000669000000, 0x0000000669400000)
AC   0  F    TS     0 PTAMS 0x0000000669400000 NTAMS 0x0000000669400000 space 4096K,   0% used [0x0000000669400000, 0x0000000669800000)
AC   0  F    TS     0 PTAMS 0x0000000669800000 NTAMS 0x0000000669800000 space 4096K,   0% used [0x0000000669800000, 0x0000000669c00000)
AC   0  F    TS     0 PTAMS 0x0000000669c00000 NTAMS 0x0000000669c00000 space 4096K,   0% used [0x0000000669c00000, 0x000000066a000000)
AC   0  F    TS     0 PTAMS 0x000000066a000000 NTAMS 0x000000066a000000 space 4096K,   0% used [0x000000066a000000, 0x000000066a400000)
AC   0  F    TS     0 PTAMS 0x000000066a400000 NTAMS 0x000000066a400000 space 4096K,   0% used [0x000000066a400000, 0x000000066a800000)
AC   0  F    TS     0 PTAMS 0x000000066a800000 NTAMS 0x000000066a800000 space 4096K,   0% used [0x000000066a800000, 0x000000066ac00000)
AC   0  F    TS     0 PTAMS 0x000000066ac00000 NTAMS 0x000000066ac00000 space 4096K,   0% used [0x000000066ac00000, 0x000000066b000000)
AC   0  F    TS     0 PTAMS 0x000000066b000000 NTAMS 0x000000066b000000 space 4096K,   0% used [0x000000066b000000, 0x000000066b400000)
AC   0  F    TS     0 PTAMS 0x000000066b400000 NTAMS 0x000000066b400000 space 4096K,   0% used [0x000000066b400000, 0x000000066b800000)
AC   0  F    TS     0 PTAMS 0x000000066b800000 NTAMS 0x000000066b800000 space 4096K,   0% used [0x000000066b800000, 0x000000066bc00000)
AC   0  F    TS     0 PTAMS 0x000000066bc00000 NTAMS 0x000000066bc00000 space 4096K,   0% used [0x000000066bc00000, 0x000000066c000000)
AC   0  F    TS     0 PTAMS 0x000000066c000000 NTAMS 0x000000066c000000 space 4096K,   0% used [0x000000066c000000, 0x000000066c400000)
AC   0  F    TS     0 PTAMS 0x000000066c400000 NTAMS 0x000000066c400000 space 4096K,   0% used [0x000000066c400000, 0x000000066c800000)
AC   0  F    TS     0 PTAMS 0x000000066c800000 NTAMS 0x000000066c800000 space 4096K,   0% used [0x000000066c800000, 0x000000066cc00000)
AC   0  F    TS     0 PTAMS 0x000000066cc00000 NTAMS 0x000000066cc00000 space 4096K,   0% used [0x000000066cc00000, 0x000000066d000000)
AC   0  F    TS     0 PTAMS 0x000000066d000000 NTAMS 0x000000066d000000 space 4096K,   0% used [0x000000066d000000, 0x000000066d400000)
AC   0  F    TS     0 PTAMS 0x000000066d400000 NTAMS 0x000000066d400000 space 4096K,   0% used [0x000000066d400000, 0x000000066d800000)
AC   0  F    TS     0 PTAMS 0x000000066d800000 NTAMS 0x000000066d800000 space 4096K,   0% used [0x000000066d800000, 0x000000066dc00000)
AC   0  F    TS     0 PTAMS 0x000000066dc00000 NTAMS 0x000000066dc00000 space 4096K,   0% used [0x000000066dc00000, 0x000000066e000000)
AC   0  F    TS     0 PTAMS 0x000000066e000000 NTAMS 0x000000066e000000 space 4096K,   0% used [0x000000066e000000, 0x000000066e400000)
AC   0  F    TS     0 PTAMS 0x000000066e400000 NTAMS 0x000000066e400000 space 4096K,   0% used [0x000000066e400000, 0x000000066e800000)
AC   0  F    TS     0 PTAMS 0x000000066e800000 NTAMS 0x000000066e800000 space 4096K,   0% used [0x000000066e800000, 0x000000066ec00000)
AC   0  F    TS     0 PTAMS 0x000000066ec00000 NTAMS 0x000000066ec00000 space 4096K,   0% used [0x000000066ec00000, 0x000000066f000000)
AC   0  F    TS     0 PTAMS 0x000000066f000000 NTAMS 0x000000066f000000 space 4096K,   0% used [0x000000066f000000, 0x000000066f400000)
AC   0  F    TS     0 PTAMS 0x000000066f400000 NTAMS 0x000000066f400000 space 4096K,   0% used [0x000000066f400000, 0x000000066f800000)
AC   0  F    TS     0 PTAMS 0x000000066f800000 NTAMS 0x000000066f800000 space 4096K,   0% used [0x000000066f800000, 0x000000066fc00000)
AC   0  F    TS     0 PTAMS 0x000000066fc00000 NTAMS 0x000000066fc00000 space 4096K,   0% used [0x000000066fc00000, 0x0000000670000000)
AC   0  F    TS     0 PTAMS 0x0000000670000000 NTAMS 0x0000000670000000 space 4096K,   0% used [0x0000000670000000, 0x0000000670400000)
AC   0  F    TS     0 PTAMS 0x0000000670400000 NTAMS 0x0000000670400000 space 4096K,   0% used [0x0000000670400000, 0x0000000670800000)
AC   0  F    TS     0 PTAMS 0x0000000670800000 NTAMS 0x0000000670800000 space 4096K,   0% used [0x0000000670800000, 0x0000000670c00000)
AC   0  F    TS     0 PTAMS 0x0000000670c00000 NTAMS 0x0000000670c00000 space 4096K,   0% used [0x0000000670c00000, 0x0000000671000000)
AC   0  F    TS     0 PTAMS 0x0000000671000000 NTAMS 0x0000000671000000 space 4096K,   0% used [0x0000000671000000, 0x0000000671400000)
AC   0  F    TS     0 PTAMS 0x0000000671400000 NTAMS 0x0000000671400000 space 4096K,   0% used [0x0000000671400000, 0x0000000671800000)
AC   0  F    TS     0 PTAMS 0x0000000671800000 NTAMS 0x0000000671800000 space 4096K,   0% used [0x0000000671800000, 0x0000000671c00000)
AC   0  F    TS     0 PTAMS 0x0000000671c00000 NTAMS 0x0000000671c00000 space 4096K,   0% used [0x0000000671c00000, 0x0000000672000000)
AC   0  F    TS     0 PTAMS 0x0000000672000000 NTAMS 0x0000000672000000 space 4096K,   0% used [0x0000000672000000, 0x0000000672400000)
AC   0  F    TS     0 PTAMS 0x0000000672400000 NTAMS 0x0000000672400000 space 4096K,   0% used [0x0000000672400000, 0x0000000672800000)
AC   0  F    TS     0 PTAMS 0x0000000672800000 NTAMS 0x0000000672800000 space 4096K,   0% used [0x0000000672800000, 0x0000000672c00000)
AC   0  F    TS     0 PTAMS 0x0000000672c00000 NTAMS 0x0000000672c00000 space 4096K,   0% used [0x0000000672c00000, 0x0000000673000000)
AC   0  F    TS     0 PTAMS 0x0000000673000000 NTAMS 0x0000000673000000 space 4096K,   0% used [0x0000000673000000, 0x0000000673400000)
AC   0  F    TS     0 PTAMS 0x0000000673400000 NTAMS 0x0000000673400000 space 4096K,   0% used [0x0000000673400000, 0x0000000673800000)
AC   0  F    TS     0 PTAMS 0x0000000673800000 NTAMS 0x0000000673800000 space 4096K,   0% used [0x0000000673800000, 0x0000000673c00000)
AC   0  F    TS     0 PTAMS 0x0000000673c00000 NTAMS 0x0000000673c00000 space 4096K,   0% used [0x0000000673c00000, 0x0000000674000000)
AC   0  F    TS     0 PTAMS 0x0000000674000000 NTAMS 0x0000000674000000 space 4096K,   0% used [0x0000000674000000, 0x0000000674400000)
AC   0  F    TS     0 PTAMS 0x0000000674400000 NTAMS 0x0000000674400000 space 4096K,   0% used [0x0000000674400000, 0x0000000674800000)
AC   0  F    TS     0 PTAMS 0x0000000674800000 NTAMS 0x0000000674800000 space 4096K,   0% used [0x0000000674800000, 0x0000000674c00000)
AC   0  F    TS     0 PTAMS 0x0000000674c00000 NTAMS 0x0000000674c00000 space 4096K,   0% used [0x0000000674c00000, 0x0000000675000000)
AC   0  F    TS     0 PTAMS 0x0000000675000000 NTAMS 0x0000000675000000 space 4096K,   0% used [0x0000000675000000, 0x0000000675400000)
AC   0  F    TS     0 PTAMS 0x0000000675400000 NTAMS 0x0000000675400000 space 4096K,   0% used [0x0000000675400000, 0x0000000675800000)
AC   0  F    TS     0 PTAMS 0x0000000675800000 NTAMS 0x0000000675800000 space 4096K,   0% used [0x0000000675800000, 0x0000000675c00000)
AC   0  F    TS     0 PTAMS 0x0000000675c00000 NTAMS 0x0000000675c00000 space 4096K,   0% used [0x0000000675c00000, 0x0000000676000000)
AC   0  F    TS     0 PTAMS 0x0000000676000000 NTAMS 0x0000000676000000 space 4096K,   0% used [0x0000000676000000, 0x0000000676400000)
AC   0  F    TS     0 PTAMS 0x0000000676400000 NTAMS 0x0000000676400000 space 4096K,   0% used [0x0000000676400000, 0x0000000676800000)
AC   0  F    TS     0 PTAMS 0x0000000676800000 NTAMS 0x0000000676800000 space 4096K,   0% used [0x0000000676800000, 0x0000000676c00000)
AC   0  F    TS     0 PTAMS 0x0000000676c00000 NTAMS 0x0000000676c00000 space 4096K,   0% used [0x0000000676c00000, 0x0000000677000000)
AC   0  F    TS     0 PTAMS 0x0000000677000000 NTAMS 0x0000000677000000 space 4096K,   0% used [0x0000000677000000, 0x0000000677400000)
AC   0  F    TS     0 PTAMS 0x0000000677400000 NTAMS 0x0000000677400000 space 4096K,   0% used [0x0000000677400000, 0x0000000677800000)
AC   0  F    TS     0 PTAMS 0x0000000677800000 NTAMS 0x0000000677800000 space 4096K,   0% used [0x0000000677800000, 0x0000000677c00000)
AC   0  F    TS     0 PTAMS 0x0000000677c00000 NTAMS 0x0000000677c00000 space 4096K,   0% used [0x0000000677c00000, 0x0000000678000000)
AC   0  F    TS     0 PTAMS 0x0000000678000000 NTAMS 0x0000000678000000 space 4096K,   0% used [0x0000000678000000, 0x0000000678400000)
AC   0  F    TS     0 PTAMS 0x0000000678400000 NTAMS 0x0000000678400000 space 4096K,   0% used [0x0000000678400000, 0x0000000678800000)
AC   0  F    TS     0 PTAMS 0x0000000678800000 NTAMS 0x0000000678800000 space 4096K,   0% used [0x0000000678800000, 0x0000000678c00000)
AC   0  F    TS     0 PTAMS 0x0000000678c00000 NTAMS 0x0000000678c00000 space 4096K,   0% used [0x0000000678c00000, 0x0000000679000000)
AC   0  F    TS     0 PTAMS 0x0000000679000000 NTAMS 0x0000000679000000 space 4096K,   0% used [0x0000000679000000, 0x0000000679400000)
AC   0  F    TS     0 PTAMS 0x0000000679400000 NTAMS 0x0000000679400000 space 4096K,   0% used [0x0000000679400000, 0x0000000679800000)
AC   0  F    TS     0 PTAMS 0x0000000679800000 NTAMS 0x0000000679800000 space 4096K,   0% used [0x0000000679800000, 0x0000000679c00000)
AC   0  F    TS     0 PTAMS 0x0000000679c00000 NTAMS 0x0000000679c00000 space 4096K,   0% used [0x0000000679c00000, 0x000000067a000000)
AC   0  F    TS     0 PTAMS 0x000000067a000000 NTAMS 0x000000067a000000 space 4096K,   0% used [0x000000067a000000, 0x000000067a400000)
AC   0  F    TS     0 PTAMS 0x000000067a400000 NTAMS 0x000000067a400000 space 4096K,   0% used [0x000000067a400000, 0x000000067a800000)
AC   0  F    TS     0 PTAMS 0x000000067a800000 NTAMS 0x000000067a800000 space 4096K,   0% used [0x000000067a800000, 0x000000067ac00000)
AC   0  F    TS     0 PTAMS 0x000000067ac00000 NTAMS 0x000000067ac00000 space 4096K,   0% used [0x000000067ac00000, 0x000000067b000000)
AC   0  F    TS     0 PTAMS 0x000000067b000000 NTAMS 0x000000067b000000 space 4096K,   0% used [0x000000067b000000, 0x000000067b400000)
AC   0  F    TS     0 PTAMS 0x000000067b400000 NTAMS 0x000000067b400000 space 4096K,   0% used [0x000000067b400000, 0x000000067b800000)
AC   0  F    TS     0 PTAMS 0x000000067b800000 NTAMS 0x000000067b800000 space 4096K,   0% used [0x000000067b800000, 0x000000067bc00000)
AC   0  F    TS     0 PTAMS 0x000000067bc00000 NTAMS 0x000000067bc00000 space 4096K,   0% used [0x000000067bc00000, 0x000000067c000000)
AC   0  F    TS     0 PTAMS 0x000000067c000000 NTAMS 0x000000067c000000 space 4096K,   0% used [0x000000067c000000, 0x000000067c400000)
AC   0  F    TS     0 PTAMS 0x000000067c400000 NTAMS 0x000000067c400000 space 4096K,   0% used [0x000000067c400000, 0x000000067c800000)
AC   0  F    TS     0 PTAMS 0x000000067c800000 NTAMS 0x000000067c800000 space 4096K,   0% used [0x000000067c800000, 0x000000067cc00000)
AC   0  F    TS     0 PTAMS 0x000000067cc00000 NTAMS 0x000000067cc00000 space 4096K,   0% used [0x000000067cc00000, 0x000000067d000000)
AC   0  F    TS     0 PTAMS 0x000000067d000000 NTAMS 0x000000067d000000 space 4096K,   0% used [0x000000067d000000, 0x000000067d400000)
AC   0  F    TS     0 PTAMS 0x000000067d400000 NTAMS 0x000000067d400000 space 4096K,   0% used [0x000000067d400000, 0x000000067d800000)
AC   0  F    TS     0 PTAMS 0x000000067d800000 NTAMS 0x000000067d800000 space 4096K,   0% used [0x000000067d800000, 0x000000067dc00000)
AC   0  F    TS     0 PTAMS 0x000000067dc00000 NTAMS 0x000000067dc00000 space 4096K,   0% used [0x000000067dc00000, 0x000000067e000000)
AC   0  F    TS     0 PTAMS 0x000000067e000000 NTAMS 0x000000067e000000 space 4096K,   0% used [0x000000067e000000, 0x000000067e400000)
AC   0  F    TS     0 PTAMS 0x000000067e400000 NTAMS 0x000000067e400000 space 4096K,   0% used [0x000000067e400000, 0x000000067e800000)
AC   0  F    TS     0 PTAMS 0x000000067e800000 NTAMS 0x000000067e800000 space 4096K,   0% used [0x000000067e800000, 0x000000067ec00000)
AC   0  F    TS     0 PTAMS 0x000000067ec00000 NTAMS 0x000000067ec00000 space 4096K,   0% used [0x000000067ec00000, 0x000000067f000000)
AC   0  F    TS     0 PTAMS 0x000000067f000000 NTAMS 0x000000067f000000 space 4096K,   0% used [0x000000067f000000, 0x000000067f400000)
AC   0  F    TS     0 PTAMS 0x000000067f400000 NTAMS 0x000000067f400000 space 4096K,   0% used [0x000000067f400000, 0x000000067f800000)
AC   0  F    TS     0 PTAMS 0x000000067f800000 NTAMS 0x000000067f800000 space 4096K,   0% used [0x000000067f800000, 0x000000067fc00000)
AC   0  F    TS     0 PTAMS 0x000000067fc00000 NTAMS 0x000000067fc00000 space 4096K,   0% used [0x000000067fc00000, 0x0000000680000000)
AC   0  F    TS     0 PTAMS 0x0000000680000000 NTAMS 0x0000000680000000 space 4096K,   0% used [0x0000000680000000, 0x0000000680400000)
AC   0  F    TS     0 PTAMS 0x0000000680400000 NTAMS 0x0000000680400000 space 4096K,   0% used [0x0000000680400000, 0x0000000680800000)
AC   0  F    TS     0 PTAMS 0x0000000680800000 NTAMS 0x0000000680800000 space 4096K,   0% used [0x0000000680800000, 0x0000000680c00000)
AC   0  F    TS     0 PTAMS 0x0000000680c00000 NTAMS 0x0000000680c00000 space 4096K,   0% used [0x0000000680c00000, 0x0000000681000000)
AC   0  F    TS     0 PTAMS 0x0000000681000000 NTAMS 0x0000000681000000 space 4096K,   0% used [0x0000000681000000, 0x0000000681400000)
AC   0  F    TS     0 PTAMS 0x0000000681400000 NTAMS 0x0000000681400000 space 4096K,   0% used [0x0000000681400000, 0x0000000681800000)
AC   0  F    TS     0 PTAMS 0x0000000681800000 NTAMS 0x0000000681800000 space 4096K,   0% used [0x0000000681800000, 0x0000000681c00000)
AC   0  F    TS     0 PTAMS 0x0000000681c00000 NTAMS 0x0000000681c00000 space 4096K,   0% used [0x0000000681c00000, 0x0000000682000000)
AC   0  F    TS     0 PTAMS 0x0000000682000000 NTAMS 0x0000000682000000 space 4096K,   0% used [0x0000000682000000, 0x0000000682400000)
AC   0  F    TS     0 PTAMS 0x0000000682400000 NTAMS 0x0000000682400000 space 4096K,   0% used [0x0000000682400000, 0x0000000682800000)
AC   0  F    TS     0 PTAMS 0x0000000682800000 NTAMS 0x0000000682800000 space 4096K,   0% used [0x0000000682800000, 0x0000000682c00000)
AC   0  F    TS     0 PTAMS 0x0000000682c00000 NTAMS 0x0000000682c00000 space 4096K,   0% used [0x0000000682c00000, 0x0000000683000000)
AC   0  F    TS     0 PTAMS 0x0000000683000000 NTAMS 0x0000000683000000 space 4096K,   0% used [0x0000000683000000, 0x0000000683400000)
AC   0  F    TS     0 PTAMS 0x0000000683400000 NTAMS 0x0000000683400000 space 4096K,   0% used [0x0000000683400000, 0x0000000683800000)
AC   0  F    TS     0 PTAMS 0x0000000683800000 NTAMS 0x0000000683800000 space 4096K,   0% used [0x0000000683800000, 0x0000000683c00000)
AC   0  F    TS     0 PTAMS 0x0000000683c00000 NTAMS 0x0000000683c00000 space 4096K,   0% used [0x0000000683c00000, 0x0000000684000000)
AC   0  F    TS     0 PTAMS 0x0000000684000000 NTAMS 0x0000000684000000 space 4096K,   0% used [0x0000000684000000, 0x0000000684400000)
AC   0  F    TS    75 PTAMS 0x0000000684400000 NTAMS 0x0000000684400000 space 4096K,   0% used [0x0000000684400000, 0x0000000684800000)
AC   0  F    TS    75 PTAMS 0x0000000684800000 NTAMS 0x0000000684800000 space 4096K,   0% used [0x0000000684800000, 0x0000000684c00000)
AC   0  F    TS    75 PTAMS 0x0000000684c00000 NTAMS 0x0000000684c00000 space 4096K,   0% used [0x0000000684c00000, 0x0000000685000000)
AC   0  F    TS    75 PTAMS 0x0000000685000000 NTAMS 0x0000000685000000 space 4096K,   0% used [0x0000000685000000, 0x0000000685400000)
AC   0  F    TS    73 PTAMS 0x0000000685400000 NTAMS 0x0000000685400000 space 4096K,   0% used [0x0000000685400000, 0x0000000685800000)
AC   0  F    TS    73 PTAMS 0x0000000685800000 NTAMS 0x0000000685800000 space 4096K,   0% used [0x0000000685800000, 0x0000000685c00000)
AC   0  F    TS    75 PTAMS 0x0000000685c00000 NTAMS 0x0000000685c00000 space 4096K,   0% used [0x0000000685c00000, 0x0000000686000000)
AC   0  F    TS    75 PTAMS 0x0000000686000000 NTAMS 0x0000000686000000 space 4096K,   0% used [0x0000000686000000, 0x0000000686400000)
AC   0  F    TS    75 PTAMS 0x0000000686400000 NTAMS 0x0000000686400000 space 4096K,   0% used [0x0000000686400000, 0x0000000686800000)
AC   0  F    TS    75 PTAMS 0x0000000686800000 NTAMS 0x0000000686800000 space 4096K,   0% used [0x0000000686800000, 0x0000000686c00000)
AC   0  F    TS    75 PTAMS 0x0000000686c00000 NTAMS 0x0000000686c00000 space 4096K,   0% used [0x0000000686c00000, 0x0000000687000000)
AC   0  F    TS    73 PTAMS 0x0000000687000000 NTAMS 0x0000000687000000 space 4096K,   0% used [0x0000000687000000, 0x0000000687400000)
AC   0  F    TS    73 PTAMS 0x0000000687400000 NTAMS 0x0000000687400000 space 4096K,   0% used [0x0000000687400000, 0x0000000687800000)
AC   0  F    TS    73 PTAMS 0x0000000687800000 NTAMS 0x0000000687800000 space 4096K,   0% used [0x0000000687800000, 0x0000000687c00000)
AC   0  F    TS    73 PTAMS 0x0000000687c00000 NTAMS 0x0000000687c00000 space 4096K,   0% used [0x0000000687c00000, 0x0000000688000000)
AC   0  F    TS    75 PTAMS 0x0000000688000000 NTAMS 0x0000000688000000 space 4096K,   0% used [0x0000000688000000, 0x0000000688400000)
AC   0  F    TS    73 PTAMS 0x0000000688400000 NTAMS 0x0000000688400000 space 4096K,   0% used [0x0000000688400000, 0x0000000688800000)
AC   0  F    TS    73 PTAMS 0x0000000688800000 NTAMS 0x0000000688800000 space 4096K,   0% used [0x0000000688800000, 0x0000000688c00000)
AC   0  F    TS    73 PTAMS 0x0000000688c00000 NTAMS 0x0000000688c00000 space 4096K,   0% used [0x0000000688c00000, 0x0000000689000000)
AC   0  F    TS    73 PTAMS 0x0000000689000000 NTAMS 0x0000000689000000 space 4096K,   0% used [0x0000000689000000, 0x0000000689400000)
AC   0  F    TS    73 PTAMS 0x0000000689400000 NTAMS 0x0000000689400000 space 4096K,   0% used [0x0000000689400000, 0x0000000689800000)
AC   0  F    TS    73 PTAMS 0x0000000689800000 NTAMS 0x0000000689800000 space 4096K,   0% used [0x0000000689800000, 0x0000000689c00000)
AC   0  F    TS    73 PTAMS 0x0000000689c00000 NTAMS 0x0000000689c00000 space 4096K,   0% used [0x0000000689c00000, 0x000000068a000000)
AC   0  F    TS    73 PTAMS 0x000000068a000000 NTAMS 0x000000068a000000 space 4096K,   0% used [0x000000068a000000, 0x000000068a400000)
AC   0  F    TS    73 PTAMS 0x000000068a400000 NTAMS 0x000000068a400000 space 4096K,   0% used [0x000000068a400000, 0x000000068a800000)
AC   0  F    TS    73 PTAMS 0x000000068a800000 NTAMS 0x000000068a800000 space 4096K,   0% used [0x000000068a800000, 0x000000068ac00000)
AC   0  F    TS    73 PTAMS 0x000000068ac00000 NTAMS 0x000000068ac00000 space 4096K,   0% used [0x000000068ac00000, 0x000000068b000000)
AC   0  F    TS    73 PTAMS 0x000000068b000000 NTAMS 0x000000068b000000 space 4096K,   0% used [0x000000068b000000, 0x000000068b400000)
AC   0  F    TS    73 PTAMS 0x000000068b400000 NTAMS 0x000000068b400000 space 4096K,   0% used [0x000000068b400000, 0x000000068b800000)
AC   0  F    TS    73 PTAMS 0x000000068b800000 NTAMS 0x000000068b800000 space 4096K,   0% used [0x000000068b800000, 0x000000068bc00000)
AC   0  F    TS    73 PTAMS 0x000000068bc00000 NTAMS 0x000000068bc00000 space 4096K,   0% used [0x000000068bc00000, 0x000000068c000000)
AC   0  F    TS    75 PTAMS 0x000000068c000000 NTAMS 0x000000068c000000 space 4096K,   0% used [0x000000068c000000, 0x000000068c400000)
AC   0  F    TS    75 PTAMS 0x000000068c400000 NTAMS 0x000000068c400000 space 4096K,   0% used [0x000000068c400000, 0x000000068c800000)
AC   0  F    TS    75 PTAMS 0x000000068c800000 NTAMS 0x000000068c800000 space 4096K,   0% used [0x000000068c800000, 0x000000068cc00000)
AC   0  F    TS    75 PTAMS 0x000000068cc00000 NTAMS 0x000000068cc00000 space 4096K,   0% used [0x000000068cc00000, 0x000000068d000000)
AC   0  F    TS    75 PTAMS 0x000000068d000000 NTAMS 0x000000068d000000 space 4096K,   0% used [0x000000068d000000, 0x000000068d400000)
AC   0  F    TS    75 PTAMS 0x000000068d400000 NTAMS 0x000000068d400000 space 4096K,   0% used [0x000000068d400000, 0x000000068d800000)
AC   0  F    TS    75 PTAMS 0x000000068d800000 NTAMS 0x000000068d800000 space 4096K,   0% used [0x000000068d800000, 0x000000068dc00000)
AC   0  F    TS    75 PTAMS 0x000000068dc00000 NTAMS 0x000000068dc00000 space 4096K,   0% used [0x000000068dc00000, 0x000000068e000000)
AC   0  F    TS    75 PTAMS 0x000000068e000000 NTAMS 0x000000068e000000 space 4096K,   0% used [0x000000068e000000, 0x000000068e400000)
AC   0  F    TS    75 PTAMS 0x000000068e400000 NTAMS 0x000000068e400000 space 4096K,   0% used [0x000000068e400000, 0x000000068e800000)
AC   0  F    TS    75 PTAMS 0x000000068e800000 NTAMS 0x000000068e800000 space 4096K,   0% used [0x000000068e800000, 0x000000068ec00000)
AC   0  F    TS    75 PTAMS 0x000000068ec00000 NTAMS 0x000000068ec00000 space 4096K,   0% used [0x000000068ec00000, 0x000000068f000000)
AC   0  F    TS    75 PTAMS 0x000000068f000000 NTAMS 0x000000068f000000 space 4096K,   0% used [0x000000068f000000, 0x000000068f400000)
AC   0  F    TS    75 PTAMS 0x000000068f400000 NTAMS 0x000000068f400000 space 4096K,   0% used [0x000000068f400000, 0x000000068f800000)
AC   0  F    TS    75 PTAMS 0x000000068f800000 NTAMS 0x000000068f800000 space 4096K,   0% used [0x000000068f800000, 0x000000068fc00000)
AC   0  F    TS    73 PTAMS 0x000000068fc00000 NTAMS 0x000000068fc00000 space 4096K,   0% used [0x000000068fc00000, 0x0000000690000000)
AC   0  F    TS    75 PTAMS 0x0000000690000000 NTAMS 0x0000000690000000 space 4096K,   0% used [0x0000000690000000, 0x0000000690400000)
AC   0  F    TS    75 PTAMS 0x0000000690400000 NTAMS 0x0000000690400000 space 4096K,   0% used [0x0000000690400000, 0x0000000690800000)
AC   0  F    TS    75 PTAMS 0x0000000690800000 NTAMS 0x0000000690800000 space 4096K,   0% used [0x0000000690800000, 0x0000000690c00000)
AC   0  F    TS    75 PTAMS 0x0000000690c00000 NTAMS 0x0000000690c00000 space 4096K,   0% used [0x0000000690c00000, 0x0000000691000000)
AC   0  F    TS    73 PTAMS 0x0000000691000000 NTAMS 0x0000000691000000 space 4096K,   0% used [0x0000000691000000, 0x0000000691400000)
AC   0  F    TS    73 PTAMS 0x0000000691400000 NTAMS 0x0000000691400000 space 4096K,   0% used [0x0000000691400000, 0x0000000691800000)
AC   0  F    TS    73 PTAMS 0x0000000691800000 NTAMS 0x0000000691800000 space 4096K,   0% used [0x0000000691800000, 0x0000000691c00000)
AC   0  F    TS    73 PTAMS 0x0000000691c00000 NTAMS 0x0000000691c00000 space 4096K,   0% used [0x0000000691c00000, 0x0000000692000000)
AC   0  F    TS    73 PTAMS 0x0000000692000000 NTAMS 0x0000000692000000 space 4096K,   0% used [0x0000000692000000, 0x0000000692400000)
AC   0  F    TS    75 PTAMS 0x0000000692400000 NTAMS 0x0000000692400000 space 4096K,   0% used [0x0000000692400000, 0x0000000692800000)
AC   0  F    TS    75 PTAMS 0x0000000692800000 NTAMS 0x0000000692800000 space 4096K,   0% used [0x0000000692800000, 0x0000000692c00000)
AC   0  F    TS     0 PTAMS 0x0000000692c00000 NTAMS 0x0000000692c00000 space 4096K,   0% used [0x0000000692c00000, 0x0000000693000000)
AC   0  F    TS     0 PTAMS 0x0000000693000000 NTAMS 0x0000000693000000 space 4096K,   0% used [0x0000000693000000, 0x0000000693400000)
AC   0  F    TS     0 PTAMS 0x0000000693400000 NTAMS 0x0000000693400000 space 4096K,   0% used [0x0000000693400000, 0x0000000693800000)
AC   0  F    TS     0 PTAMS 0x0000000693800000 NTAMS 0x0000000693800000 space 4096K,   0% used [0x0000000693800000, 0x0000000693c00000)
AC   0  F    TS     0 PTAMS 0x0000000693c00000 NTAMS 0x0000000693c00000 space 4096K,   0% used [0x0000000693c00000, 0x0000000694000000)
AC   0  F    TS     0 PTAMS 0x0000000694000000 NTAMS 0x0000000694000000 space 4096K,   0% used [0x0000000694000000, 0x0000000694400000)
AC   0  F    TS     0 PTAMS 0x0000000694400000 NTAMS 0x0000000694400000 space 4096K,   0% used [0x0000000694400000, 0x0000000694800000)
AC   0  F    TS     0 PTAMS 0x0000000694800000 NTAMS 0x0000000694800000 space 4096K,   0% used [0x0000000694800000, 0x0000000694c00000)
AC   0  F    TS     0 PTAMS 0x0000000694c00000 NTAMS 0x0000000694c00000 space 4096K,   0% used [0x0000000694c00000, 0x0000000695000000)
AC   0  F    TS     0 PTAMS 0x0000000695000000 NTAMS 0x0000000695000000 space 4096K,   0% used [0x0000000695000000, 0x0000000695400000)
AC   0  F    TS     0 PTAMS 0x0000000695400000 NTAMS 0x0000000695400000 space 4096K,   0% used [0x0000000695400000, 0x0000000695800000)
AC   0  F    TS     0 PTAMS 0x0000000695800000 NTAMS 0x0000000695800000 space 4096K,   0% used [0x0000000695800000, 0x0000000695c00000)
AC   0  F    TS     0 PTAMS 0x0000000695c00000 NTAMS 0x0000000695c00000 space 4096K,   0% used [0x0000000695c00000, 0x0000000696000000)
AC   0  F    TS     0 PTAMS 0x0000000696000000 NTAMS 0x0000000696000000 space 4096K,   0% used [0x0000000696000000, 0x0000000696400000)
AC   0  F    TS     0 PTAMS 0x0000000696400000 NTAMS 0x0000000696400000 space 4096K,   0% used [0x0000000696400000, 0x0000000696800000)
AC   0  F    TS     0 PTAMS 0x0000000696800000 NTAMS 0x0000000696800000 space 4096K,   0% used [0x0000000696800000, 0x0000000696c00000)
AC   0  F    TS     0 PTAMS 0x0000000696c00000 NTAMS 0x0000000696c00000 space 4096K,   0% used [0x0000000696c00000, 0x0000000697000000)
AC   0  F    TS     0 PTAMS 0x0000000697000000 NTAMS 0x0000000697000000 space 4096K,   0% used [0x0000000697000000, 0x0000000697400000)
AC   0  F    TS     0 PTAMS 0x0000000697400000 NTAMS 0x0000000697400000 space 4096K,   0% used [0x0000000697400000, 0x0000000697800000)
AC   0  F    TS     0 PTAMS 0x0000000697800000 NTAMS 0x0000000697800000 space 4096K,   0% used [0x0000000697800000, 0x0000000697c00000)
AC   0  F    TS     0 PTAMS 0x0000000697c00000 NTAMS 0x0000000697c00000 space 4096K,   0% used [0x0000000697c00000, 0x0000000698000000)
AC   0  F    TS     0 PTAMS 0x0000000698000000 NTAMS 0x0000000698000000 space 4096K,   0% used [0x0000000698000000, 0x0000000698400000)
AC   0  F    TS     0 PTAMS 0x0000000698400000 NTAMS 0x0000000698400000 space 4096K,   0% used [0x0000000698400000, 0x0000000698800000)
AC   0  F    TS     0 PTAMS 0x0000000698800000 NTAMS 0x0000000698800000 space 4096K,   0% used [0x0000000698800000, 0x0000000698c00000)
AC   0  F    TS     0 PTAMS 0x0000000698c00000 NTAMS 0x0000000698c00000 space 4096K,   0% used [0x0000000698c00000, 0x0000000699000000)
AC   0  F    TS     0 PTAMS 0x0000000699000000 NTAMS 0x0000000699000000 space 4096K,   0% used [0x0000000699000000, 0x0000000699400000)
AC   0  F    TS     0 PTAMS 0x0000000699400000 NTAMS 0x0000000699400000 space 4096K,   0% used [0x0000000699400000, 0x0000000699800000)
AC   0  F    TS     0 PTAMS 0x0000000699800000 NTAMS 0x0000000699800000 space 4096K,   0% used [0x0000000699800000, 0x0000000699c00000)
AC   0  F    TS     0 PTAMS 0x0000000699c00000 NTAMS 0x0000000699c00000 space 4096K,   0% used [0x0000000699c00000, 0x000000069a000000)
AC   0  F    TS     0 PTAMS 0x000000069a000000 NTAMS 0x000000069a000000 space 4096K,   0% used [0x000000069a000000, 0x000000069a400000)
AC   0  F    TS     0 PTAMS 0x000000069a400000 NTAMS 0x000000069a400000 space 4096K,   0% used [0x000000069a400000, 0x000000069a800000)
AC   0  F    TS     0 PTAMS 0x000000069a800000 NTAMS 0x000000069a800000 space 4096K,   0% used [0x000000069a800000, 0x000000069ac00000)
AC   0  F    TS     0 PTAMS 0x000000069ac00000 NTAMS 0x000000069ac00000 space 4096K,   0% used [0x000000069ac00000, 0x000000069b000000)
AC   0  F    TS     0 PTAMS 0x000000069b000000 NTAMS 0x000000069b000000 space 4096K,   0% used [0x000000069b000000, 0x000000069b400000)
AC   0  F    TS     0 PTAMS 0x000000069b400000 NTAMS 0x000000069b400000 space 4096K,   0% used [0x000000069b400000, 0x000000069b800000)
AC   0  F    TS     0 PTAMS 0x000000069b800000 NTAMS 0x000000069b800000 space 4096K,   0% used [0x000000069b800000, 0x000000069bc00000)
AC   0  F    TS     0 PTAMS 0x000000069bc00000 NTAMS 0x000000069bc00000 space 4096K,   0% used [0x000000069bc00000, 0x000000069c000000)
AC   0  F    TS     0 PTAMS 0x000000069c000000 NTAMS 0x000000069c000000 space 4096K,   0% used [0x000000069c000000, 0x000000069c400000)
AC   0  F    TS     0 PTAMS 0x000000069c400000 NTAMS 0x000000069c400000 space 4096K,   0% used [0x000000069c400000, 0x000000069c800000)
AC   0  F    TS     0 PTAMS 0x000000069c800000 NTAMS 0x000000069c800000 space 4096K,   0% used [0x000000069c800000, 0x000000069cc00000)
AC   0  F    TS     0 PTAMS 0x000000069cc00000 NTAMS 0x000000069cc00000 space 4096K,   0% used [0x000000069cc00000, 0x000000069d000000)
AC   0  F    TS     0 PTAMS 0x000000069d000000 NTAMS 0x000000069d000000 space 4096K,   0% used [0x000000069d000000, 0x000000069d400000)
AC   0  F    TS     0 PTAMS 0x000000069d400000 NTAMS 0x000000069d400000 space 4096K,   0% used [0x000000069d400000, 0x000000069d800000)
AC   0  F    TS     0 PTAMS 0x000000069d800000 NTAMS 0x000000069d800000 space 4096K,   0% used [0x000000069d800000, 0x000000069dc00000)
AC   0  F    TS     0 PTAMS 0x000000069dc00000 NTAMS 0x000000069dc00000 space 4096K,   0% used [0x000000069dc00000, 0x000000069e000000)
AC   0  F    TS     0 PTAMS 0x000000069e000000 NTAMS 0x000000069e000000 space 4096K,   0% used [0x000000069e000000, 0x000000069e400000)
AC   0  F    TS     0 PTAMS 0x000000069e400000 NTAMS 0x000000069e400000 space 4096K,   0% used [0x000000069e400000, 0x000000069e800000)
AC   0  F    TS     0 PTAMS 0x000000069e800000 NTAMS 0x000000069e800000 space 4096K,   0% used [0x000000069e800000, 0x000000069ec00000)
AC   0  F    TS     0 PTAMS 0x000000069ec00000 NTAMS 0x000000069ec00000 space 4096K,   0% used [0x000000069ec00000, 0x000000069f000000)
AC   0  F    TS     0 PTAMS 0x000000069f000000 NTAMS 0x000000069f000000 space 4096K,   0% used [0x000000069f000000, 0x000000069f400000)
AC   0  F    TS     0 PTAMS 0x000000069f400000 NTAMS 0x000000069f400000 space 4096K,   0% used [0x000000069f400000, 0x000000069f800000)
AC   0  F    TS     0 PTAMS 0x000000069f800000 NTAMS 0x000000069f800000 space 4096K,   0% used [0x000000069f800000, 0x000000069fc00000)
AC   0  F    TS     0 PTAMS 0x000000069fc00000 NTAMS 0x000000069fc00000 space 4096K,   0% used [0x000000069fc00000, 0x00000006a0000000)
AC   0  F    TS     0 PTAMS 0x00000006a0000000 NTAMS 0x00000006a0000000 space 4096K,   0% used [0x00000006a0000000, 0x00000006a0400000)
AC   0  F    TS     0 PTAMS 0x00000006a0400000 NTAMS 0x00000006a0400000 space 4096K,   0% used [0x00000006a0400000, 0x00000006a0800000)
AC   0  F    TS     0 PTAMS 0x00000006a0800000 NTAMS 0x00000006a0800000 space 4096K,   0% used [0x00000006a0800000, 0x00000006a0c00000)
AC   0  F    TS     0 PTAMS 0x00000006a0c00000 NTAMS 0x00000006a0c00000 space 4096K,   0% used [0x00000006a0c00000, 0x00000006a1000000)
AC   0  F    TS     0 PTAMS 0x00000006a1000000 NTAMS 0x00000006a1000000 space 4096K,   0% used [0x00000006a1000000, 0x00000006a1400000)
AC   0  F    TS     0 PTAMS 0x00000006a1400000 NTAMS 0x00000006a1400000 space 4096K,   0% used [0x00000006a1400000, 0x00000006a1800000)
AC   0  F    TS     0 PTAMS 0x00000006a1800000 NTAMS 0x00000006a1800000 space 4096K,   0% used [0x00000006a1800000, 0x00000006a1c00000)
AC   0  F    TS     0 PTAMS 0x00000006a1c00000 NTAMS 0x00000006a1c00000 space 4096K,   0% used [0x00000006a1c00000, 0x00000006a2000000)
AC   0  F    TS     0 PTAMS 0x00000006a2000000 NTAMS 0x00000006a2000000 space 4096K,   0% used [0x00000006a2000000, 0x00000006a2400000)
AC   0  F    TS     0 PTAMS 0x00000006a2400000 NTAMS 0x00000006a2400000 space 4096K,   0% used [0x00000006a2400000, 0x00000006a2800000)
AC   0  F    TS     0 PTAMS 0x00000006a2800000 NTAMS 0x00000006a2800000 space 4096K,   0% used [0x00000006a2800000, 0x00000006a2c00000)
AC   0  F    TS     0 PTAMS 0x00000006a2c00000 NTAMS 0x00000006a2c00000 space 4096K,   0% used [0x00000006a2c00000, 0x00000006a3000000)
AC   0  F    TS     0 PTAMS 0x00000006a3000000 NTAMS 0x00000006a3000000 space 4096K,   0% used [0x00000006a3000000, 0x00000006a3400000)
AC   0  F    TS     0 PTAMS 0x00000006a3400000 NTAMS 0x00000006a3400000 space 4096K,   0% used [0x00000006a3400000, 0x00000006a3800000)
AC   0  F    TS     0 PTAMS 0x00000006a3800000 NTAMS 0x00000006a3800000 space 4096K,   0% used [0x00000006a3800000, 0x00000006a3c00000)
AC   0  F    TS     0 PTAMS 0x00000006a3c00000 NTAMS 0x00000006a3c00000 space 4096K,   0% used [0x00000006a3c00000, 0x00000006a4000000)
AC   0  F    TS     0 PTAMS 0x00000006a4000000 NTAMS 0x00000006a4000000 space 4096K,   0% used [0x00000006a4000000, 0x00000006a4400000)
AC   0  F    TS     0 PTAMS 0x00000006a4400000 NTAMS 0x00000006a4400000 space 4096K,   0% used [0x00000006a4400000, 0x00000006a4800000)
AC   0  F    TS     0 PTAMS 0x00000006a4800000 NTAMS 0x00000006a4800000 space 4096K,   0% used [0x00000006a4800000, 0x00000006a4c00000)
AC   0  F    TS     0 PTAMS 0x00000006a4c00000 NTAMS 0x00000006a4c00000 space 4096K,   0% used [0x00000006a4c00000, 0x00000006a5000000)
AC   0  F    TS     0 PTAMS 0x00000006a5000000 NTAMS 0x00000006a5000000 space 4096K,   0% used [0x00000006a5000000, 0x00000006a5400000)
AC   0  F    TS     0 PTAMS 0x00000006a5400000 NTAMS 0x00000006a5400000 space 4096K,   0% used [0x00000006a5400000, 0x00000006a5800000)
AC   0  F    TS     0 PTAMS 0x00000006a5800000 NTAMS 0x00000006a5800000 space 4096K,   0% used [0x00000006a5800000, 0x00000006a5c00000)
AC   0  F    TS     0 PTAMS 0x00000006a5c00000 NTAMS 0x00000006a5c00000 space 4096K,   0% used [0x00000006a5c00000, 0x00000006a6000000)
AC   0  F    TS     0 PTAMS 0x00000006a6000000 NTAMS 0x00000006a6000000 space 4096K,   0% used [0x00000006a6000000, 0x00000006a6400000)
AC   0  F    TS     0 PTAMS 0x00000006a6400000 NTAMS 0x00000006a6400000 space 4096K,   0% used [0x00000006a6400000, 0x00000006a6800000)
AC   0  F    TS     0 PTAMS 0x00000006a6800000 NTAMS 0x00000006a6800000 space 4096K,   0% used [0x00000006a6800000, 0x00000006a6c00000)
AC   0  F    TS     0 PTAMS 0x00000006a6c00000 NTAMS 0x00000006a6c00000 space 4096K,   0% used [0x00000006a6c00000, 0x00000006a7000000)
AC   0  F    TS     0 PTAMS 0x00000006a7000000 NTAMS 0x00000006a7000000 space 4096K,   0% used [0x00000006a7000000, 0x00000006a7400000)
AC   0  F    TS     0 PTAMS 0x00000006a7400000 NTAMS 0x00000006a7400000 space 4096K,   0% used [0x00000006a7400000, 0x00000006a7800000)
AC   0  F    TS     0 PTAMS 0x00000006a7800000 NTAMS 0x00000006a7800000 space 4096K,   0% used [0x00000006a7800000, 0x00000006a7c00000)
AC   0  F    TS     0 PTAMS 0x00000006a7c00000 NTAMS 0x00000006a7c00000 space 4096K,   0% used [0x00000006a7c00000, 0x00000006a8000000)
AC   0  F    TS     0 PTAMS 0x00000006a8000000 NTAMS 0x00000006a8000000 space 4096K,   0% used [0x00000006a8000000, 0x00000006a8400000)
AC   0  F    TS     0 PTAMS 0x00000006a8400000 NTAMS 0x00000006a8400000 space 4096K,   0% used [0x00000006a8400000, 0x00000006a8800000)
AC   0  F    TS     0 PTAMS 0x00000006a8800000 NTAMS 0x00000006a8800000 space 4096K,   0% used [0x00000006a8800000, 0x00000006a8c00000)
AC   0  F    TS     0 PTAMS 0x00000006a8c00000 NTAMS 0x00000006a8c00000 space 4096K,   0% used [0x00000006a8c00000, 0x00000006a9000000)
AC   0  F    TS     0 PTAMS 0x00000006a9000000 NTAMS 0x00000006a9000000 space 4096K,   0% used [0x00000006a9000000, 0x00000006a9400000)
AC   0  F    TS     0 PTAMS 0x00000006a9400000 NTAMS 0x00000006a9400000 space 4096K,   0% used [0x00000006a9400000, 0x00000006a9800000)
AC   0  F    TS     0 PTAMS 0x00000006a9800000 NTAMS 0x00000006a9800000 space 4096K,   0% used [0x00000006a9800000, 0x00000006a9c00000)
AC   0  F    TS     0 PTAMS 0x00000006a9c00000 NTAMS 0x00000006a9c00000 space 4096K,   0% used [0x00000006a9c00000, 0x00000006aa000000)
AC   0  F    TS     0 PTAMS 0x00000006aa000000 NTAMS 0x00000006aa000000 space 4096K,   0% used [0x00000006aa000000, 0x00000006aa400000)
AC   0  F    TS     0 PTAMS 0x00000006aa400000 NTAMS 0x00000006aa400000 space 4096K,   0% used [0x00000006aa400000, 0x00000006aa800000)
AC   0  F    TS     0 PTAMS 0x00000006aa800000 NTAMS 0x00000006aa800000 space 4096K,   0% used [0x00000006aa800000, 0x00000006aac00000)
AC   0  F    TS     0 PTAMS 0x00000006aac00000 NTAMS 0x00000006aac00000 space 4096K,   0% used [0x00000006aac00000, 0x00000006ab000000)
AC   0  F    TS     0 PTAMS 0x00000006ab000000 NTAMS 0x00000006ab000000 space 4096K,   0% used [0x00000006ab000000, 0x00000006ab400000)
AC   0  F    TS     0 PTAMS 0x00000006ab400000 NTAMS 0x00000006ab400000 space 4096K,   0% used [0x00000006ab400000, 0x00000006ab800000)
AC   0  F    TS     0 PTAMS 0x00000006ab800000 NTAMS 0x00000006ab800000 space 4096K,   0% used [0x00000006ab800000, 0x00000006abc00000)
AC   0  F    TS     0 PTAMS 0x00000006abc00000 NTAMS 0x00000006abc00000 space 4096K,   0% used [0x00000006abc00000, 0x00000006ac000000)
AC   0  F    TS     0 PTAMS 0x00000006ac000000 NTAMS 0x00000006ac000000 space 4096K,   0% used [0x00000006ac000000, 0x00000006ac400000)
AC   0  F    TS     0 PTAMS 0x00000006ac400000 NTAMS 0x00000006ac400000 space 4096K,   0% used [0x00000006ac400000, 0x00000006ac800000)
AC   0  F    TS     0 PTAMS 0x00000006ac800000 NTAMS 0x00000006ac800000 space 4096K,   0% used [0x00000006ac800000, 0x00000006acc00000)
AC   0  F    TS     0 PTAMS 0x00000006acc00000 NTAMS 0x00000006acc00000 space 4096K,   0% used [0x00000006acc00000, 0x00000006ad000000)
AC   0  F    TS     0 PTAMS 0x00000006ad000000 NTAMS 0x00000006ad000000 space 4096K,   0% used [0x00000006ad000000, 0x00000006ad400000)
AC   0  F    TS     0 PTAMS 0x00000006ad400000 NTAMS 0x00000006ad400000 space 4096K,   0% used [0x00000006ad400000, 0x00000006ad800000)
AC   0  F    TS     0 PTAMS 0x00000006ad800000 NTAMS 0x00000006ad800000 space 4096K,   0% used [0x00000006ad800000, 0x00000006adc00000)
AC   0  F    TS     0 PTAMS 0x00000006adc00000 NTAMS 0x00000006adc00000 space 4096K,   0% used [0x00000006adc00000, 0x00000006ae000000)
AC   0  F    TS     0 PTAMS 0x00000006ae000000 NTAMS 0x00000006ae000000 space 4096K,   0% used [0x00000006ae000000, 0x00000006ae400000)
AC   0  F    TS     0 PTAMS 0x00000006ae400000 NTAMS 0x00000006ae400000 space 4096K,   0% used [0x00000006ae400000, 0x00000006ae800000)
AC   0  F    TS     0 PTAMS 0x00000006ae800000 NTAMS 0x00000006ae800000 space 4096K,   0% used [0x00000006ae800000, 0x00000006aec00000)
AC   0  F    TS     0 PTAMS 0x00000006aec00000 NTAMS 0x00000006aec00000 space 4096K,   0% used [0x00000006aec00000, 0x00000006af000000)
AC   0  F    TS     0 PTAMS 0x00000006af000000 NTAMS 0x00000006af000000 space 4096K,   0% used [0x00000006af000000, 0x00000006af400000)
AC   0  F    TS     0 PTAMS 0x00000006af400000 NTAMS 0x00000006af400000 space 4096K,   0% used [0x00000006af400000, 0x00000006af800000)
AC   0  F    TS     0 PTAMS 0x00000006af800000 NTAMS 0x00000006af800000 space 4096K,   0% used [0x00000006af800000, 0x00000006afc00000)
AC   0  F    TS     0 PTAMS 0x00000006afc00000 NTAMS 0x00000006afc00000 space 4096K,   0% used [0x00000006afc00000, 0x00000006b0000000)
AC   0  F    TS     0 PTAMS 0x00000006b0000000 NTAMS 0x00000006b0000000 space 4096K,   0% used [0x00000006b0000000, 0x00000006b0400000)
AC   0  F    TS     0 PTAMS 0x00000006b0400000 NTAMS 0x00000006b0400000 space 4096K,   0% used [0x00000006b0400000, 0x00000006b0800000)
AC   0  F    TS     0 PTAMS 0x00000006b0800000 NTAMS 0x00000006b0800000 space 4096K,   0% used [0x00000006b0800000, 0x00000006b0c00000)
AC   0  F    TS     0 PTAMS 0x00000006b0c00000 NTAMS 0x00000006b0c00000 space 4096K,   0% used [0x00000006b0c00000, 0x00000006b1000000)
AC   0  F    TS     0 PTAMS 0x00000006b1000000 NTAMS 0x00000006b1000000 space 4096K,   0% used [0x00000006b1000000, 0x00000006b1400000)
AC   0  F    TS     0 PTAMS 0x00000006b1400000 NTAMS 0x00000006b1400000 space 4096K,   0% used [0x00000006b1400000, 0x00000006b1800000)
AC   0  F    TS     0 PTAMS 0x00000006b1800000 NTAMS 0x00000006b1800000 space 4096K,   0% used [0x00000006b1800000, 0x00000006b1c00000)
AC   0  F    TS     0 PTAMS 0x00000006b1c00000 NTAMS 0x00000006b1c00000 space 4096K,   0% used [0x00000006b1c00000, 0x00000006b2000000)
AC   0  F    TS     0 PTAMS 0x00000006b2000000 NTAMS 0x00000006b2000000 space 4096K,   0% used [0x00000006b2000000, 0x00000006b2400000)
AC   0  F    TS     0 PTAMS 0x00000006b2400000 NTAMS 0x00000006b2400000 space 4096K,   0% used [0x00000006b2400000, 0x00000006b2800000)
AC   0  F    TS     0 PTAMS 0x00000006b2800000 NTAMS 0x00000006b2800000 space 4096K,   0% used [0x00000006b2800000, 0x00000006b2c00000)
AC   0  F    TS     0 PTAMS 0x00000006b2c00000 NTAMS 0x00000006b2c00000 space 4096K,   0% used [0x00000006b2c00000, 0x00000006b3000000)
AC   0  F    TS     0 PTAMS 0x00000006b3000000 NTAMS 0x00000006b3000000 space 4096K,   0% used [0x00000006b3000000, 0x00000006b3400000)
AC   0  F    TS     0 PTAMS 0x00000006b3400000 NTAMS 0x00000006b3400000 space 4096K,   0% used [0x00000006b3400000, 0x00000006b3800000)
AC   0  F    TS     0 PTAMS 0x00000006b3800000 NTAMS 0x00000006b3800000 space 4096K,   0% used [0x00000006b3800000, 0x00000006b3c00000)
AC   0  F    TS     0 PTAMS 0x00000006b3c00000 NTAMS 0x00000006b3c00000 space 4096K,   0% used [0x00000006b3c00000, 0x00000006b4000000)
AC   0  F    TS     0 PTAMS 0x00000006b4000000 NTAMS 0x00000006b4000000 space 4096K,   0% used [0x00000006b4000000, 0x00000006b4400000)
AC   0  F    TS     0 PTAMS 0x00000006b4400000 NTAMS 0x00000006b4400000 space 4096K,   0% used [0x00000006b4400000, 0x00000006b4800000)
AC   0  F    TS     0 PTAMS 0x00000006b4800000 NTAMS 0x00000006b4800000 space 4096K,   0% used [0x00000006b4800000, 0x00000006b4c00000)
AC   0  F    TS     0 PTAMS 0x00000006b4c00000 NTAMS 0x00000006b4c00000 space 4096K,   0% used [0x00000006b4c00000, 0x00000006b5000000)
AC   0  F    TS     0 PTAMS 0x00000006b5000000 NTAMS 0x00000006b5000000 space 4096K,   0% used [0x00000006b5000000, 0x00000006b5400000)
AC   0  F    TS     0 PTAMS 0x00000006b5400000 NTAMS 0x00000006b5400000 space 4096K,   0% used [0x00000006b5400000, 0x00000006b5800000)
AC   0  F    TS     0 PTAMS 0x00000006b5800000 NTAMS 0x00000006b5800000 space 4096K,   0% used [0x00000006b5800000, 0x00000006b5c00000)
AC   0  F    TS     0 PTAMS 0x00000006b5c00000 NTAMS 0x00000006b5c00000 space 4096K,   0% used [0x00000006b5c00000, 0x00000006b6000000)
AC   0  F    TS     0 PTAMS 0x00000006b6000000 NTAMS 0x00000006b6000000 space 4096K,   0% used [0x00000006b6000000, 0x00000006b6400000)
AC   0  F    TS     0 PTAMS 0x00000006b6400000 NTAMS 0x00000006b6400000 space 4096K,   0% used [0x00000006b6400000, 0x00000006b6800000)
AC   0  F    TS     0 PTAMS 0x00000006b6800000 NTAMS 0x00000006b6800000 space 4096K,   0% used [0x00000006b6800000, 0x00000006b6c00000)
AC   0  F    TS     0 PTAMS 0x00000006b6c00000 NTAMS 0x00000006b6c00000 space 4096K,   0% used [0x00000006b6c00000, 0x00000006b7000000)
AC   0  F    TS     0 PTAMS 0x00000006b7000000 NTAMS 0x00000006b7000000 space 4096K,   0% used [0x00000006b7000000, 0x00000006b7400000)
AC   0  F    TS     0 PTAMS 0x00000006b7400000 NTAMS 0x00000006b7400000 space 4096K,   0% used [0x00000006b7400000, 0x00000006b7800000)
AC   0  F    TS     0 PTAMS 0x00000006b7800000 NTAMS 0x00000006b7800000 space 4096K,   0% used [0x00000006b7800000, 0x00000006b7c00000)
AC   0  F    TS     0 PTAMS 0x00000006b7c00000 NTAMS 0x00000006b7c00000 space 4096K,   0% used [0x00000006b7c00000, 0x00000006b8000000)
AC   0  F    TS     0 PTAMS 0x00000006b8000000 NTAMS 0x00000006b8000000 space 4096K,   0% used [0x00000006b8000000, 0x00000006b8400000)
AC   0  F    TS     0 PTAMS 0x00000006b8400000 NTAMS 0x00000006b8400000 space 4096K,   0% used [0x00000006b8400000, 0x00000006b8800000)
AC   0  F    TS     0 PTAMS 0x00000006b8800000 NTAMS 0x00000006b8800000 space 4096K,   0% used [0x00000006b8800000, 0x00000006b8c00000)
AC   0  F    TS     0 PTAMS 0x00000006b8c00000 NTAMS 0x00000006b8c00000 space 4096K,   0% used [0x00000006b8c00000, 0x00000006b9000000)
AC   0  F    TS     0 PTAMS 0x00000006b9000000 NTAMS 0x00000006b9000000 space 4096K,   0% used [0x00000006b9000000, 0x00000006b9400000)
AC   0  F    TS     0 PTAMS 0x00000006b9400000 NTAMS 0x00000006b9400000 space 4096K,   0% used [0x00000006b9400000, 0x00000006b9800000)
AC   0  F    TS     0 PTAMS 0x00000006b9800000 NTAMS 0x00000006b9800000 space 4096K,   0% used [0x00000006b9800000, 0x00000006b9c00000)
AC   0  F    TS     0 PTAMS 0x00000006b9c00000 NTAMS 0x00000006b9c00000 space 4096K,   0% used [0x00000006b9c00000, 0x00000006ba000000)
AC   0  F    TS     0 PTAMS 0x00000006ba000000 NTAMS 0x00000006ba000000 space 4096K,   0% used [0x00000006ba000000, 0x00000006ba400000)
AC   0  F    TS     0 PTAMS 0x00000006ba400000 NTAMS 0x00000006ba400000 space 4096K,   0% used [0x00000006ba400000, 0x00000006ba800000)
AC   0  F    TS     0 PTAMS 0x00000006ba800000 NTAMS 0x00000006ba800000 space 4096K,   0% used [0x00000006ba800000, 0x00000006bac00000)
AC   0  F    TS     0 PTAMS 0x00000006bac00000 NTAMS 0x00000006bac00000 space 4096K,   0% used [0x00000006bac00000, 0x00000006bb000000)
AC   0  F    TS     0 PTAMS 0x00000006bb000000 NTAMS 0x00000006bb000000 space 4096K,   0% used [0x00000006bb000000, 0x00000006bb400000)
AC   0  F    TS     0 PTAMS 0x00000006bb400000 NTAMS 0x00000006bb400000 space 4096K,   0% used [0x00000006bb400000, 0x00000006bb800000)
AC   0  F    TS     0 PTAMS 0x00000006bb800000 NTAMS 0x00000006bb800000 space 4096K,   0% used [0x00000006bb800000, 0x00000006bbc00000)
AC   0  F    TS     0 PTAMS 0x00000006bbc00000 NTAMS 0x00000006bbc00000 space 4096K,   0% used [0x00000006bbc00000, 0x00000006bc000000)
AC   0  F    TS     0 PTAMS 0x00000006bc000000 NTAMS 0x00000006bc000000 space 4096K,   0% used [0x00000006bc000000, 0x00000006bc400000)
AC   0  F    TS     0 PTAMS 0x00000006bc400000 NTAMS 0x00000006bc400000 space 4096K,   0% used [0x00000006bc400000, 0x00000006bc800000)
AC   0  F    TS     0 PTAMS 0x00000006bc800000 NTAMS 0x00000006bc800000 space 4096K,   0% used [0x00000006bc800000, 0x00000006bcc00000)
AC   0  F    TS     0 PTAMS 0x00000006bcc00000 NTAMS 0x00000006bcc00000 space 4096K,   0% used [0x00000006bcc00000, 0x00000006bd000000)
AC   0  F    TS     0 PTAMS 0x00000006bd000000 NTAMS 0x00000006bd000000 space 4096K,   0% used [0x00000006bd000000, 0x00000006bd400000)
AC   0  F    TS     0 PTAMS 0x00000006bd400000 NTAMS 0x00000006bd400000 space 4096K,   0% used [0x00000006bd400000, 0x00000006bd800000)
AC   0  F    TS     0 PTAMS 0x00000006bd800000 NTAMS 0x00000006bd800000 space 4096K,   0% used [0x00000006bd800000, 0x00000006bdc00000)
AC   0  F    TS     0 PTAMS 0x00000006bdc00000 NTAMS 0x00000006bdc00000 space 4096K,   0% used [0x00000006bdc00000, 0x00000006be000000)
AC   0  F    TS     0 PTAMS 0x00000006be000000 NTAMS 0x00000006be000000 space 4096K,   0% used [0x00000006be000000, 0x00000006be400000)
AC   0  F    TS     0 PTAMS 0x00000006be400000 NTAMS 0x00000006be400000 space 4096K,   0% used [0x00000006be400000, 0x00000006be800000)
AC   0  F    TS     0 PTAMS 0x00000006be800000 NTAMS 0x00000006be800000 space 4096K,   0% used [0x00000006be800000, 0x00000006bec00000)
AC   0  F    TS     0 PTAMS 0x00000006bec00000 NTAMS 0x00000006bec00000 space 4096K,   0% used [0x00000006bec00000, 0x00000006bf000000)
AC   0  F    TS     0 PTAMS 0x00000006bf000000 NTAMS 0x00000006bf000000 space 4096K,   0% used [0x00000006bf000000, 0x00000006bf400000)
AC   0  F    TS     0 PTAMS 0x00000006bf400000 NTAMS 0x00000006bf400000 space 4096K,   0% used [0x00000006bf400000, 0x00000006bf800000)
AC   0  F    TS     0 PTAMS 0x00000006bf800000 NTAMS 0x00000006bf800000 space 4096K,   0% used [0x00000006bf800000, 0x00000006bfc00000)
AC   0  F    TS     0 PTAMS 0x00000006bfc00000 NTAMS 0x00000006bfc00000 space 4096K,   0% used [0x00000006bfc00000, 0x00000006c0000000)
AC   0  F    TS     0 PTAMS 0x00000006c0000000 NTAMS 0x00000006c0000000 space 4096K,   0% used [0x00000006c0000000, 0x00000006c0400000)
AC   0  F    TS     0 PTAMS 0x00000006c0400000 NTAMS 0x00000006c0400000 space 4096K,   0% used [0x00000006c0400000, 0x00000006c0800000)
AC   0  F    TS     0 PTAMS 0x00000006c0800000 NTAMS 0x00000006c0800000 space 4096K,   0% used [0x00000006c0800000, 0x00000006c0c00000)
AC   0  F    TS     0 PTAMS 0x00000006c0c00000 NTAMS 0x00000006c0c00000 space 4096K,   0% used [0x00000006c0c00000, 0x00000006c1000000)
AC   0  F    TS     0 PTAMS 0x00000006c1000000 NTAMS 0x00000006c1000000 space 4096K,   0% used [0x00000006c1000000, 0x00000006c1400000)
AC   0  F    TS     0 PTAMS 0x00000006c1400000 NTAMS 0x00000006c1400000 space 4096K,   0% used [0x00000006c1400000, 0x00000006c1800000)
AC   0  F    TS     0 PTAMS 0x00000006c1800000 NTAMS 0x00000006c1800000 space 4096K,   0% used [0x00000006c1800000, 0x00000006c1c00000)
AC   0  F    TS     0 PTAMS 0x00000006c1c00000 NTAMS 0x00000006c1c00000 space 4096K,   0% used [0x00000006c1c00000, 0x00000006c2000000)
AC   0  F    TS     0 PTAMS 0x00000006c2000000 NTAMS 0x00000006c2000000 space 4096K,   0% used [0x00000006c2000000, 0x00000006c2400000)
AC   0  F    TS     0 PTAMS 0x00000006c2400000 NTAMS 0x00000006c2400000 space 4096K,   0% used [0x00000006c2400000, 0x00000006c2800000)
AC   0  F    TS     0 PTAMS 0x00000006c2800000 NTAMS 0x00000006c2800000 space 4096K,   0% used [0x00000006c2800000, 0x00000006c2c00000)
AC   0  F    TS     0 PTAMS 0x00000006c2c00000 NTAMS 0x00000006c2c00000 space 4096K,   0% used [0x00000006c2c00000, 0x00000006c3000000)
AC   0  F    TS     0 PTAMS 0x00000006c3000000 NTAMS 0x00000006c3000000 space 4096K,   0% used [0x00000006c3000000, 0x00000006c3400000)
AC   0  F    TS     0 PTAMS 0x00000006c3400000 NTAMS 0x00000006c3400000 space 4096K,   0% used [0x00000006c3400000, 0x00000006c3800000)
AC   0  F    TS     0 PTAMS 0x00000006c3800000 NTAMS 0x00000006c3800000 space 4096K,   0% used [0x00000006c3800000, 0x00000006c3c00000)
AC   0  F    TS     0 PTAMS 0x00000006c3c00000 NTAMS 0x00000006c3c00000 space 4096K,   0% used [0x00000006c3c00000, 0x00000006c4000000)
AC   0  F    TS     0 PTAMS 0x00000006c4000000 NTAMS 0x00000006c4000000 space 4096K,   0% used [0x00000006c4000000, 0x00000006c4400000)
AC   0  F    TS     0 PTAMS 0x00000006c4400000 NTAMS 0x00000006c4400000 space 4096K,   0% used [0x00000006c4400000, 0x00000006c4800000)
AC   0  F    TS     0 PTAMS 0x00000006c4800000 NTAMS 0x00000006c4800000 space 4096K,   0% used [0x00000006c4800000, 0x00000006c4c00000)
AC   0  F    TS     0 PTAMS 0x00000006c4c00000 NTAMS 0x00000006c4c00000 space 4096K,   0% used [0x00000006c4c00000, 0x00000006c5000000)
AC   0  F    TS     0 PTAMS 0x00000006c5000000 NTAMS 0x00000006c5000000 space 4096K,   0% used [0x00000006c5000000, 0x00000006c5400000)
AC   0  F    TS     0 PTAMS 0x00000006c5400000 NTAMS 0x00000006c5400000 space 4096K,   0% used [0x00000006c5400000, 0x00000006c5800000)
AC   0  F    TS     0 PTAMS 0x00000006c5800000 NTAMS 0x00000006c5800000 space 4096K,   0% used [0x00000006c5800000, 0x00000006c5c00000)
AC   0  F    TS     0 PTAMS 0x00000006c5c00000 NTAMS 0x00000006c5c00000 space 4096K,   0% used [0x00000006c5c00000, 0x00000006c6000000)
AC   0  F    TS     0 PTAMS 0x00000006c6000000 NTAMS 0x00000006c6000000 space 4096K,   0% used [0x00000006c6000000, 0x00000006c6400000)
AC   0  F    TS     0 PTAMS 0x00000006c6400000 NTAMS 0x00000006c6400000 space 4096K,   0% used [0x00000006c6400000, 0x00000006c6800000)
AC   0  F    TS     0 PTAMS 0x00000006c6800000 NTAMS 0x00000006c6800000 space 4096K,   0% used [0x00000006c6800000, 0x00000006c6c00000)
AC   0  F    TS     0 PTAMS 0x00000006c6c00000 NTAMS 0x00000006c6c00000 space 4096K,   0% used [0x00000006c6c00000, 0x00000006c7000000)
AC   0  F    TS     0 PTAMS 0x00000006c7000000 NTAMS 0x00000006c7000000 space 4096K,   0% used [0x00000006c7000000, 0x00000006c7400000)
AC   0  F    TS     0 PTAMS 0x00000006c7400000 NTAMS 0x00000006c7400000 space 4096K,   0% used [0x00000006c7400000, 0x00000006c7800000)
AC   0  F    TS     0 PTAMS 0x00000006c7800000 NTAMS 0x00000006c7800000 space 4096K,   0% used [0x00000006c7800000, 0x00000006c7c00000)
AC   0  F    TS     0 PTAMS 0x00000006c7c00000 NTAMS 0x00000006c7c00000 space 4096K,   0% used [0x00000006c7c00000, 0x00000006c8000000)
AC   0  F    TS     0 PTAMS 0x00000006c8000000 NTAMS 0x00000006c8000000 space 4096K,   0% used [0x00000006c8000000, 0x00000006c8400000)
AC   0  F    TS     0 PTAMS 0x00000006c8400000 NTAMS 0x00000006c8400000 space 4096K,   0% used [0x00000006c8400000, 0x00000006c8800000)
AC   0  F    TS     0 PTAMS 0x00000006c8800000 NTAMS 0x00000006c8800000 space 4096K,   0% used [0x00000006c8800000, 0x00000006c8c00000)
AC   0  F    TS     0 PTAMS 0x00000006c8c00000 NTAMS 0x00000006c8c00000 space 4096K,   0% used [0x00000006c8c00000, 0x00000006c9000000)
AC   0  F    TS     0 PTAMS 0x00000006c9000000 NTAMS 0x00000006c9000000 space 4096K,   0% used [0x00000006c9000000, 0x00000006c9400000)
AC   0  F    TS     0 PTAMS 0x00000006c9400000 NTAMS 0x00000006c9400000 space 4096K,   0% used [0x00000006c9400000, 0x00000006c9800000)
AC   0  F    TS     0 PTAMS 0x00000006c9800000 NTAMS 0x00000006c9800000 space 4096K,   0% used [0x00000006c9800000, 0x00000006c9c00000)
AC   0  F    TS     0 PTAMS 0x00000006c9c00000 NTAMS 0x00000006c9c00000 space 4096K,   0% used [0x00000006c9c00000, 0x00000006ca000000)
AC   0  F    TS     0 PTAMS 0x00000006ca000000 NTAMS 0x00000006ca000000 space 4096K,   0% used [0x00000006ca000000, 0x00000006ca400000)
AC   0  F    TS     0 PTAMS 0x00000006ca400000 NTAMS 0x00000006ca400000 space 4096K,   0% used [0x00000006ca400000, 0x00000006ca800000)
AC   0  F    TS     0 PTAMS 0x00000006ca800000 NTAMS 0x00000006ca800000 space 4096K,   0% used [0x00000006ca800000, 0x00000006cac00000)
AC   0  F    TS     0 PTAMS 0x00000006cac00000 NTAMS 0x00000006cac00000 space 4096K,   0% used [0x00000006cac00000, 0x00000006cb000000)
AC   0  F    TS     0 PTAMS 0x00000006cb000000 NTAMS 0x00000006cb000000 space 4096K,   0% used [0x00000006cb000000, 0x00000006cb400000)
AC   0  F    TS     0 PTAMS 0x00000006cb400000 NTAMS 0x00000006cb400000 space 4096K,   0% used [0x00000006cb400000, 0x00000006cb800000)
AC   0  F    TS     0 PTAMS 0x00000006cb800000 NTAMS 0x00000006cb800000 space 4096K,   0% used [0x00000006cb800000, 0x00000006cbc00000)
AC   0  F    TS     0 PTAMS 0x00000006cbc00000 NTAMS 0x00000006cbc00000 space 4096K,   0% used [0x00000006cbc00000, 0x00000006cc000000)
AC   0  F    TS     0 PTAMS 0x00000006cc000000 NTAMS 0x00000006cc000000 space 4096K,   0% used [0x00000006cc000000, 0x00000006cc400000)
AC   0  F    TS     0 PTAMS 0x00000006cc400000 NTAMS 0x00000006cc400000 space 4096K,   0% used [0x00000006cc400000, 0x00000006cc800000)
AC   0  F    TS     0 PTAMS 0x00000006cc800000 NTAMS 0x00000006cc800000 space 4096K,   0% used [0x00000006cc800000, 0x00000006ccc00000)
AC   0  F    TS     0 PTAMS 0x00000006ccc00000 NTAMS 0x00000006ccc00000 space 4096K,   0% used [0x00000006ccc00000, 0x00000006cd000000)
AC   0  F    TS     0 PTAMS 0x00000006cd000000 NTAMS 0x00000006cd000000 space 4096K,   0% used [0x00000006cd000000, 0x00000006cd400000)
AC   0  F    TS     0 PTAMS 0x00000006cd400000 NTAMS 0x00000006cd400000 space 4096K,   0% used [0x00000006cd400000, 0x00000006cd800000)
AC   0  F    TS     0 PTAMS 0x00000006cd800000 NTAMS 0x00000006cd800000 space 4096K,   0% used [0x00000006cd800000, 0x00000006cdc00000)
AC   0  F    TS     0 PTAMS 0x00000006cdc00000 NTAMS 0x00000006cdc00000 space 4096K,   0% used [0x00000006cdc00000, 0x00000006ce000000)
AC   0  F    TS     0 PTAMS 0x00000006ce000000 NTAMS 0x00000006ce000000 space 4096K,   0% used [0x00000006ce000000, 0x00000006ce400000)
AC   0  F    TS     0 PTAMS 0x00000006ce400000 NTAMS 0x00000006ce400000 space 4096K,   0% used [0x00000006ce400000, 0x00000006ce800000)
AC   0  F    TS     0 PTAMS 0x00000006ce800000 NTAMS 0x00000006ce800000 space 4096K,   0% used [0x00000006ce800000, 0x00000006cec00000)
AC   0  F    TS     0 PTAMS 0x00000006cec00000 NTAMS 0x00000006cec00000 space 4096K,   0% used [0x00000006cec00000, 0x00000006cf000000)
AC   0  F    TS     0 PTAMS 0x00000006cf000000 NTAMS 0x00000006cf000000 space 4096K,   0% used [0x00000006cf000000, 0x00000006cf400000)
AC   0  F    TS     0 PTAMS 0x00000006cf400000 NTAMS 0x00000006cf400000 space 4096K,   0% used [0x00000006cf400000, 0x00000006cf800000)
AC   0  F    TS     0 PTAMS 0x00000006cf800000 NTAMS 0x00000006cf800000 space 4096K,   0% used [0x00000006cf800000, 0x00000006cfc00000)
AC   0  F    TS     0 PTAMS 0x00000006cfc00000 NTAMS 0x00000006cfc00000 space 4096K,   0% used [0x00000006cfc00000, 0x00000006d0000000)
AC   0  F    TS     0 PTAMS 0x00000006d0000000 NTAMS 0x00000006d0000000 space 4096K,   0% used [0x00000006d0000000, 0x00000006d0400000)
AC   0  F    TS     0 PTAMS 0x00000006d0400000 NTAMS 0x00000006d0400000 space 4096K,   0% used [0x00000006d0400000, 0x00000006d0800000)
AC   0  F    TS     0 PTAMS 0x00000006d0800000 NTAMS 0x00000006d0800000 space 4096K,   0% used [0x00000006d0800000, 0x00000006d0c00000)
AC   0  F    TS     0 PTAMS 0x00000006d0c00000 NTAMS 0x00000006d0c00000 space 4096K,   0% used [0x00000006d0c00000, 0x00000006d1000000)
AC   0  F    TS     0 PTAMS 0x00000006d1000000 NTAMS 0x00000006d1000000 space 4096K,   0% used [0x00000006d1000000, 0x00000006d1400000)
AC   0  F    TS     0 PTAMS 0x00000006d1400000 NTAMS 0x00000006d1400000 space 4096K,   0% used [0x00000006d1400000, 0x00000006d1800000)
AC   0  F    TS     0 PTAMS 0x00000006d1800000 NTAMS 0x00000006d1800000 space 4096K,   0% used [0x00000006d1800000, 0x00000006d1c00000)
AC   0  F    TS     0 PTAMS 0x00000006d1c00000 NTAMS 0x00000006d1c00000 space 4096K,   0% used [0x00000006d1c00000, 0x00000006d2000000)
AC   0  S CS TS    77 PTAMS 0x00000006d2000000 NTAMS 0x00000006d2000000 space 4096K,  49% used [0x00000006d2000000, 0x00000006d2400000)
AC   0  S CS TS    77 PTAMS 0x00000006d2400000 NTAMS 0x00000006d2400000 space 4096K, 100% used [0x00000006d2400000, 0x00000006d2800000)
AC   0  S CS TS    77 PTAMS 0x00000006d2800000 NTAMS 0x00000006d2800000 space 4096K, 100% used [0x00000006d2800000, 0x00000006d2c00000)
AC   0  S CS TS    77 PTAMS 0x00000006d2c00000 NTAMS 0x00000006d2c00000 space 4096K, 100% used [0x00000006d2c00000, 0x00000006d3000000)
AC   0  S CS TS    77 PTAMS 0x00000006d3000000 NTAMS 0x00000006d3000000 space 4096K, 100% used [0x00000006d3000000, 0x00000006d3400000)
AC   0  S CS TS    77 PTAMS 0x00000006d3400000 NTAMS 0x00000006d3400000 space 4096K, 100% used [0x00000006d3400000, 0x00000006d3800000)
AC   0  S CS TS    77 PTAMS 0x00000006d3800000 NTAMS 0x00000006d3800000 space 4096K, 100% used [0x00000006d3800000, 0x00000006d3c00000)
AC   0  S CS TS    77 PTAMS 0x00000006d3c00000 NTAMS 0x00000006d3c00000 space 4096K, 100% used [0x00000006d3c00000, 0x00000006d4000000)
AC   0  S CS TS    77 PTAMS 0x00000006d4000000 NTAMS 0x00000006d4000000 space 4096K, 100% used [0x00000006d4000000, 0x00000006d4400000)
AC   0  S CS TS    77 PTAMS 0x00000006d4400000 NTAMS 0x00000006d4400000 space 4096K, 100% used [0x00000006d4400000, 0x00000006d4800000)
AC   0  S CS TS    77 PTAMS 0x00000006d4800000 NTAMS 0x00000006d4800000 space 4096K, 100% used [0x00000006d4800000, 0x00000006d4c00000)
AC   0  S CS TS    77 PTAMS 0x00000006d4c00000 NTAMS 0x00000006d4c00000 space 4096K, 100% used [0x00000006d4c00000, 0x00000006d5000000)
AC   0  S CS TS    77 PTAMS 0x00000006d5000000 NTAMS 0x00000006d5000000 space 4096K, 100% used [0x00000006d5000000, 0x00000006d5400000)
AC   0  S CS TS    77 PTAMS 0x00000006d5400000 NTAMS 0x00000006d5400000 space 4096K, 100% used [0x00000006d5400000, 0x00000006d5800000)
AC   0  S CS TS    77 PTAMS 0x00000006d5800000 NTAMS 0x00000006d5800000 space 4096K, 100% used [0x00000006d5800000, 0x00000006d5c00000)
AC   0  S CS TS    77 PTAMS 0x00000006d5c00000 NTAMS 0x00000006d5c00000 space 4096K, 100% used [0x00000006d5c00000, 0x00000006d6000000)
AC   0  S CS TS    77 PTAMS 0x00000006d6000000 NTAMS 0x00000006d6000000 space 4096K, 100% used [0x00000006d6000000, 0x00000006d6400000)
AC   0  S CS TS    77 PTAMS 0x00000006d6400000 NTAMS 0x00000006d6400000 space 4096K, 100% used [0x00000006d6400000, 0x00000006d6800000)
AC   0  S CS TS    77 PTAMS 0x00000006d6800000 NTAMS 0x00000006d6800000 space 4096K, 100% used [0x00000006d6800000, 0x00000006d6c00000)
AC   0  S CS TS    77 PTAMS 0x00000006d6c00000 NTAMS 0x00000006d6c00000 space 4096K, 100% used [0x00000006d6c00000, 0x00000006d7000000)
AC   0  S CS TS    77 PTAMS 0x00000006d7000000 NTAMS 0x00000006d7000000 space 4096K, 100% used [0x00000006d7000000, 0x00000006d7400000)
AC   0  S CS TS    77 PTAMS 0x00000006d7400000 NTAMS 0x00000006d7400000 space 4096K, 100% used [0x00000006d7400000, 0x00000006d7800000)
AC   0  S CS TS    77 PTAMS 0x00000006d7800000 NTAMS 0x00000006d7800000 space 4096K, 100% used [0x00000006d7800000, 0x00000006d7c00000)
AC   0  S CS TS    77 PTAMS 0x00000006d7c00000 NTAMS 0x00000006d7c00000 space 4096K, 100% used [0x00000006d7c00000, 0x00000006d8000000)
AC   0  S CS TS    77 PTAMS 0x00000006d8000000 NTAMS 0x00000006d8000000 space 4096K, 100% used [0x00000006d8000000, 0x00000006d8400000)
AC   0  S CS TS    77 PTAMS 0x00000006d8400000 NTAMS 0x00000006d8400000 space 4096K, 100% used [0x00000006d8400000, 0x00000006d8800000)
AC   0  S CS TS    77 PTAMS 0x00000006d8800000 NTAMS 0x00000006d8800000 space 4096K, 100% used [0x00000006d8800000, 0x00000006d8c00000)
AC   0  F    TS     0 PTAMS 0x00000006d8c00000 NTAMS 0x00000006d8c00000 space 4096K,   0% used [0x00000006d8c00000, 0x00000006d9000000)
AC   0  F    TS     0 PTAMS 0x00000006d9000000 NTAMS 0x00000006d9000000 space 4096K,   0% used [0x00000006d9000000, 0x00000006d9400000)
AC   0  F    TS     0 PTAMS 0x00000006d9400000 NTAMS 0x00000006d9400000 space 4096K,   0% used [0x00000006d9400000, 0x00000006d9800000)
AC   0  F    TS     0 PTAMS 0x00000006d9800000 NTAMS 0x00000006d9800000 space 4096K,   0% used [0x00000006d9800000, 0x00000006d9c00000)
AC   0  F    TS     0 PTAMS 0x00000006d9c00000 NTAMS 0x00000006d9c00000 space 4096K,   0% used [0x00000006d9c00000, 0x00000006da000000)
AC   0  F    TS     0 PTAMS 0x00000006da000000 NTAMS 0x00000006da000000 space 4096K,   0% used [0x00000006da000000, 0x00000006da400000)
AC   0  F    TS     0 PTAMS 0x00000006da400000 NTAMS 0x00000006da400000 space 4096K,   0% used [0x00000006da400000, 0x00000006da800000)
AC   0  F    TS     0 PTAMS 0x00000006da800000 NTAMS 0x00000006da800000 space 4096K,   0% used [0x00000006da800000, 0x00000006dac00000)
AC   0  F    TS     0 PTAMS 0x00000006dac00000 NTAMS 0x00000006dac00000 space 4096K,   0% used [0x00000006dac00000, 0x00000006db000000)
AC   0  F    TS     0 PTAMS 0x00000006db000000 NTAMS 0x00000006db000000 space 4096K,   0% used [0x00000006db000000, 0x00000006db400000)
AC   0  F    TS     0 PTAMS 0x00000006db400000 NTAMS 0x00000006db400000 space 4096K,   0% used [0x00000006db400000, 0x00000006db800000)
AC   0  F    TS     0 PTAMS 0x00000006db800000 NTAMS 0x00000006db800000 space 4096K,   0% used [0x00000006db800000, 0x00000006dbc00000)
AC   0  F    TS     0 PTAMS 0x00000006dbc00000 NTAMS 0x00000006dbc00000 space 4096K,   0% used [0x00000006dbc00000, 0x00000006dc000000)
AC   0  F    TS     0 PTAMS 0x00000006dc000000 NTAMS 0x00000006dc000000 space 4096K,   0% used [0x00000006dc000000, 0x00000006dc400000)
AC   0  F    TS     0 PTAMS 0x00000006dc400000 NTAMS 0x00000006dc400000 space 4096K,   0% used [0x00000006dc400000, 0x00000006dc800000)
AC   0  F    TS     0 PTAMS 0x00000006dc800000 NTAMS 0x00000006dc800000 space 4096K,   0% used [0x00000006dc800000, 0x00000006dcc00000)
AC   0  F    TS     0 PTAMS 0x00000006dcc00000 NTAMS 0x00000006dcc00000 space 4096K,   0% used [0x00000006dcc00000, 0x00000006dd000000)
AC   0  F    TS     0 PTAMS 0x00000006dd000000 NTAMS 0x00000006dd000000 space 4096K,   0% used [0x00000006dd000000, 0x00000006dd400000)
AC   0  F    TS     0 PTAMS 0x00000006dd400000 NTAMS 0x00000006dd400000 space 4096K,   0% used [0x00000006dd400000, 0x00000006dd800000)
AC   0  F    TS     0 PTAMS 0x00000006dd800000 NTAMS 0x00000006dd800000 space 4096K,   0% used [0x00000006dd800000, 0x00000006ddc00000)
AC   0  F    TS     0 PTAMS 0x00000006ddc00000 NTAMS 0x00000006ddc00000 space 4096K,   0% used [0x00000006ddc00000, 0x00000006de000000)
AC   0  F    TS     0 PTAMS 0x00000006de000000 NTAMS 0x00000006de000000 space 4096K,   0% used [0x00000006de000000, 0x00000006de400000)
AC   0  F    TS     0 PTAMS 0x00000006de400000 NTAMS 0x00000006de400000 space 4096K,   0% used [0x00000006de400000, 0x00000006de800000)
AC   0  F    TS     0 PTAMS 0x00000006de800000 NTAMS 0x00000006de800000 space 4096K,   0% used [0x00000006de800000, 0x00000006dec00000)
AC   0  F    TS     0 PTAMS 0x00000006dec00000 NTAMS 0x00000006dec00000 space 4096K,   0% used [0x00000006dec00000, 0x00000006df000000)
AC   0  F    TS     0 PTAMS 0x00000006df000000 NTAMS 0x00000006df000000 space 4096K,   0% used [0x00000006df000000, 0x00000006df400000)
AC   0  F    TS     0 PTAMS 0x00000006df400000 NTAMS 0x00000006df400000 space 4096K,   0% used [0x00000006df400000, 0x00000006df800000)
AC   0  F    TS     0 PTAMS 0x00000006df800000 NTAMS 0x00000006df800000 space 4096K,   0% used [0x00000006df800000, 0x00000006dfc00000)
AC   0  F    TS     0 PTAMS 0x00000006dfc00000 NTAMS 0x00000006dfc00000 space 4096K,   0% used [0x00000006dfc00000, 0x00000006e0000000)
AC   0  F    TS     0 PTAMS 0x00000006e0000000 NTAMS 0x00000006e0000000 space 4096K,   0% used [0x00000006e0000000, 0x00000006e0400000)
AC   0  F    TS     0 PTAMS 0x00000006e0400000 NTAMS 0x00000006e0400000 space 4096K,   0% used [0x00000006e0400000, 0x00000006e0800000)
AC   0  F    TS     0 PTAMS 0x00000006e0800000 NTAMS 0x00000006e0800000 space 4096K,   0% used [0x00000006e0800000, 0x00000006e0c00000)
AC   0  F    TS     0 PTAMS 0x00000006e0c00000 NTAMS 0x00000006e0c00000 space 4096K,   0% used [0x00000006e0c00000, 0x00000006e1000000)
AC   0  F    TS     0 PTAMS 0x00000006e1000000 NTAMS 0x00000006e1000000 space 4096K,   0% used [0x00000006e1000000, 0x00000006e1400000)
AC   0  F    TS     0 PTAMS 0x00000006e1400000 NTAMS 0x00000006e1400000 space 4096K,   0% used [0x00000006e1400000, 0x00000006e1800000)
AC   0  F    TS     0 PTAMS 0x00000006e1800000 NTAMS 0x00000006e1800000 space 4096K,   0% used [0x00000006e1800000, 0x00000006e1c00000)
AC   0  F    TS     0 PTAMS 0x00000006e1c00000 NTAMS 0x00000006e1c00000 space 4096K,   0% used [0x00000006e1c00000, 0x00000006e2000000)
AC   0  F    TS     0 PTAMS 0x00000006e2000000 NTAMS 0x00000006e2000000 space 4096K,   0% used [0x00000006e2000000, 0x00000006e2400000)
AC   0  F    TS     0 PTAMS 0x00000006e2400000 NTAMS 0x00000006e2400000 space 4096K,   0% used [0x00000006e2400000, 0x00000006e2800000)
AC   0  F    TS     0 PTAMS 0x00000006e2800000 NTAMS 0x00000006e2800000 space 4096K,   0% used [0x00000006e2800000, 0x00000006e2c00000)
AC   0  F    TS     0 PTAMS 0x00000006e2c00000 NTAMS 0x00000006e2c00000 space 4096K,   0% used [0x00000006e2c00000, 0x00000006e3000000)
AC   0  F    TS     0 PTAMS 0x00000006e3000000 NTAMS 0x00000006e3000000 space 4096K,   0% used [0x00000006e3000000, 0x00000006e3400000)
AC   0  F    TS     0 PTAMS 0x00000006e3400000 NTAMS 0x00000006e3400000 space 4096K,   0% used [0x00000006e3400000, 0x00000006e3800000)
AC   0  F    TS     0 PTAMS 0x00000006e3800000 NTAMS 0x00000006e3800000 space 4096K,   0% used [0x00000006e3800000, 0x00000006e3c00000)
AC   0  F    TS     0 PTAMS 0x00000006e3c00000 NTAMS 0x00000006e3c00000 space 4096K,   0% used [0x00000006e3c00000, 0x00000006e4000000)
AC   0  F    TS     0 PTAMS 0x00000006e4000000 NTAMS 0x00000006e4000000 space 4096K,   0% used [0x00000006e4000000, 0x00000006e4400000)
AC   0  F    TS     0 PTAMS 0x00000006e4400000 NTAMS 0x00000006e4400000 space 4096K,   0% used [0x00000006e4400000, 0x00000006e4800000)
AC   0  F    TS     0 PTAMS 0x00000006e4800000 NTAMS 0x00000006e4800000 space 4096K,   0% used [0x00000006e4800000, 0x00000006e4c00000)
AC   0  F    TS     0 PTAMS 0x00000006e4c00000 NTAMS 0x00000006e4c00000 space 4096K,   0% used [0x00000006e4c00000, 0x00000006e5000000)
AC   0  F    TS     0 PTAMS 0x00000006e5000000 NTAMS 0x00000006e5000000 space 4096K,   0% used [0x00000006e5000000, 0x00000006e5400000)
AC   0  F    TS     0 PTAMS 0x00000006e5400000 NTAMS 0x00000006e5400000 space 4096K,   0% used [0x00000006e5400000, 0x00000006e5800000)
AC   0  F    TS     0 PTAMS 0x00000006e5800000 NTAMS 0x00000006e5800000 space 4096K,   0% used [0x00000006e5800000, 0x00000006e5c00000)
AC   0  F    TS     0 PTAMS 0x00000006e5c00000 NTAMS 0x00000006e5c00000 space 4096K,   0% used [0x00000006e5c00000, 0x00000006e6000000)
AC   0  F    TS     0 PTAMS 0x00000006e6000000 NTAMS 0x00000006e6000000 space 4096K,   0% used [0x00000006e6000000, 0x00000006e6400000)
AC   0  F    TS     0 PTAMS 0x00000006e6400000 NTAMS 0x00000006e6400000 space 4096K,   0% used [0x00000006e6400000, 0x00000006e6800000)
AC   0  F    TS     0 PTAMS 0x00000006e6800000 NTAMS 0x00000006e6800000 space 4096K,   0% used [0x00000006e6800000, 0x00000006e6c00000)
AC   0  F    TS     0 PTAMS 0x00000006e6c00000 NTAMS 0x00000006e6c00000 space 4096K,   0% used [0x00000006e6c00000, 0x00000006e7000000)
AC   0  F    TS     0 PTAMS 0x00000006e7000000 NTAMS 0x00000006e7000000 space 4096K,   0% used [0x00000006e7000000, 0x00000006e7400000)
AC   0  F    TS     0 PTAMS 0x00000006e7400000 NTAMS 0x00000006e7400000 space 4096K,   0% used [0x00000006e7400000, 0x00000006e7800000)
AC   0  F    TS     0 PTAMS 0x00000006e7800000 NTAMS 0x00000006e7800000 space 4096K,   0% used [0x00000006e7800000, 0x00000006e7c00000)
AC   0  F    TS     0 PTAMS 0x00000006e7c00000 NTAMS 0x00000006e7c00000 space 4096K,   0% used [0x00000006e7c00000, 0x00000006e8000000)
AC   0  F    TS     0 PTAMS 0x00000006e8000000 NTAMS 0x00000006e8000000 space 4096K,   0% used [0x00000006e8000000, 0x00000006e8400000)
AC   0  F    TS     0 PTAMS 0x00000006e8400000 NTAMS 0x00000006e8400000 space 4096K,   0% used [0x00000006e8400000, 0x00000006e8800000)
AC   0  F    TS     0 PTAMS 0x00000006e8800000 NTAMS 0x00000006e8800000 space 4096K,   0% used [0x00000006e8800000, 0x00000006e8c00000)
AC   0  F    TS     0 PTAMS 0x00000006e8c00000 NTAMS 0x00000006e8c00000 space 4096K,   0% used [0x00000006e8c00000, 0x00000006e9000000)
AC   0  F    TS     0 PTAMS 0x00000006e9000000 NTAMS 0x00000006e9000000 space 4096K,   0% used [0x00000006e9000000, 0x00000006e9400000)
AC   0  F    TS     0 PTAMS 0x00000006e9400000 NTAMS 0x00000006e9400000 space 4096K,   0% used [0x00000006e9400000, 0x00000006e9800000)
AC   0  F    TS     0 PTAMS 0x00000006e9800000 NTAMS 0x00000006e9800000 space 4096K,   0% used [0x00000006e9800000, 0x00000006e9c00000)
AC   0  F    TS     0 PTAMS 0x00000006e9c00000 NTAMS 0x00000006e9c00000 space 4096K,   0% used [0x00000006e9c00000, 0x00000006ea000000)
AC   0  F    TS     0 PTAMS 0x00000006ea000000 NTAMS 0x00000006ea000000 space 4096K,   0% used [0x00000006ea000000, 0x00000006ea400000)
AC   0  F    TS     0 PTAMS 0x00000006ea400000 NTAMS 0x00000006ea400000 space 4096K,   0% used [0x00000006ea400000, 0x00000006ea800000)
AC   0  F    TS     0 PTAMS 0x00000006ea800000 NTAMS 0x00000006ea800000 space 4096K,   0% used [0x00000006ea800000, 0x00000006eac00000)
AC   0  F    TS     0 PTAMS 0x00000006eac00000 NTAMS 0x00000006eac00000 space 4096K,   0% used [0x00000006eac00000, 0x00000006eb000000)
AC   0  F    TS     0 PTAMS 0x00000006eb000000 NTAMS 0x00000006eb000000 space 4096K,   0% used [0x00000006eb000000, 0x00000006eb400000)
AC   0  F    TS     0 PTAMS 0x00000006eb400000 NTAMS 0x00000006eb400000 space 4096K,   0% used [0x00000006eb400000, 0x00000006eb800000)
AC   0  F    TS     0 PTAMS 0x00000006eb800000 NTAMS 0x00000006eb800000 space 4096K,   0% used [0x00000006eb800000, 0x00000006ebc00000)
AC   0  F    TS     0 PTAMS 0x00000006ebc00000 NTAMS 0x00000006ebc00000 space 4096K,   0% used [0x00000006ebc00000, 0x00000006ec000000)
AC   0  F    TS     0 PTAMS 0x00000006ec000000 NTAMS 0x00000006ec000000 space 4096K,   0% used [0x00000006ec000000, 0x00000006ec400000)
AC   0  F    TS     0 PTAMS 0x00000006ec400000 NTAMS 0x00000006ec400000 space 4096K,   0% used [0x00000006ec400000, 0x00000006ec800000)
AC   0  F    TS     0 PTAMS 0x00000006ec800000 NTAMS 0x00000006ec800000 space 4096K,   0% used [0x00000006ec800000, 0x00000006ecc00000)
AC   0  F    TS     0 PTAMS 0x00000006ecc00000 NTAMS 0x00000006ecc00000 space 4096K,   0% used [0x00000006ecc00000, 0x00000006ed000000)
AC   0  F    TS     0 PTAMS 0x00000006ed000000 NTAMS 0x00000006ed000000 space 4096K,   0% used [0x00000006ed000000, 0x00000006ed400000)
AC   0  F    TS     0 PTAMS 0x00000006ed400000 NTAMS 0x00000006ed400000 space 4096K,   0% used [0x00000006ed400000, 0x00000006ed800000)
AC   0  F    TS     0 PTAMS 0x00000006ed800000 NTAMS 0x00000006ed800000 space 4096K,   0% used [0x00000006ed800000, 0x00000006edc00000)
AC   0  F    TS     0 PTAMS 0x00000006edc00000 NTAMS 0x00000006edc00000 space 4096K,   0% used [0x00000006edc00000, 0x00000006ee000000)
AC   0  F    TS     0 PTAMS 0x00000006ee000000 NTAMS 0x00000006ee000000 space 4096K,   0% used [0x00000006ee000000, 0x00000006ee400000)
AC   0  F    TS     0 PTAMS 0x00000006ee400000 NTAMS 0x00000006ee400000 space 4096K,   0% used [0x00000006ee400000, 0x00000006ee800000)
AC   0  F    TS     0 PTAMS 0x00000006ee800000 NTAMS 0x00000006ee800000 space 4096K,   0% used [0x00000006ee800000, 0x00000006eec00000)
AC   0  F    TS     0 PTAMS 0x00000006eec00000 NTAMS 0x00000006eec00000 space 4096K,   0% used [0x00000006eec00000, 0x00000006ef000000)
AC   0  F    TS     0 PTAMS 0x00000006ef000000 NTAMS 0x00000006ef000000 space 4096K,   0% used [0x00000006ef000000, 0x00000006ef400000)
AC   0  F    TS     0 PTAMS 0x00000006ef400000 NTAMS 0x00000006ef400000 space 4096K,   0% used [0x00000006ef400000, 0x00000006ef800000)
AC   0  F    TS     0 PTAMS 0x00000006ef800000 NTAMS 0x00000006ef800000 space 4096K,   0% used [0x00000006ef800000, 0x00000006efc00000)
AC   0  F    TS     0 PTAMS 0x00000006efc00000 NTAMS 0x00000006efc00000 space 4096K,   0% used [0x00000006efc00000, 0x00000006f0000000)
AC   0  F    TS     0 PTAMS 0x00000006f0000000 NTAMS 0x00000006f0000000 space 4096K,   0% used [0x00000006f0000000, 0x00000006f0400000)
AC   0  F    TS     0 PTAMS 0x00000006f0400000 NTAMS 0x00000006f0400000 space 4096K,   0% used [0x00000006f0400000, 0x00000006f0800000)
AC   0  F    TS     0 PTAMS 0x00000006f0800000 NTAMS 0x00000006f0800000 space 4096K,   0% used [0x00000006f0800000, 0x00000006f0c00000)
AC   0  F    TS     0 PTAMS 0x00000006f0c00000 NTAMS 0x00000006f0c00000 space 4096K,   0% used [0x00000006f0c00000, 0x00000006f1000000)
AC   0  F    TS     0 PTAMS 0x00000006f1000000 NTAMS 0x00000006f1000000 space 4096K,   0% used [0x00000006f1000000, 0x00000006f1400000)
AC   0  F    TS     0 PTAMS 0x00000006f1400000 NTAMS 0x00000006f1400000 space 4096K,   0% used [0x00000006f1400000, 0x00000006f1800000)
AC   0  F    TS     0 PTAMS 0x00000006f1800000 NTAMS 0x00000006f1800000 space 4096K,   0% used [0x00000006f1800000, 0x00000006f1c00000)
AC   0  F    TS     0 PTAMS 0x00000006f1c00000 NTAMS 0x00000006f1c00000 space 4096K,   0% used [0x00000006f1c00000, 0x00000006f2000000)
AC   0  F    TS     0 PTAMS 0x00000006f2000000 NTAMS 0x00000006f2000000 space 4096K,   0% used [0x00000006f2000000, 0x00000006f2400000)
AC   0  F    TS     1 PTAMS 0x00000006f2400000 NTAMS 0x00000006f2400000 space 4096K,   0% used [0x00000006f2400000, 0x00000006f2800000)
AC   0  F    TS     1 PTAMS 0x00000006f2800000 NTAMS 0x00000006f2800000 space 4096K,   0% used [0x00000006f2800000, 0x00000006f2c00000)
AC   0  F    TS     1 PTAMS 0x00000006f2c00000 NTAMS 0x00000006f2c00000 space 4096K,   0% used [0x00000006f2c00000, 0x00000006f3000000)
AC   0  F    TS     1 PTAMS 0x00000006f3000000 NTAMS 0x00000006f3000000 space 4096K,   0% used [0x00000006f3000000, 0x00000006f3400000)
AC   0  F    TS     1 PTAMS 0x00000006f3400000 NTAMS 0x00000006f3400000 space 4096K,   0% used [0x00000006f3400000, 0x00000006f3800000)
AC   0  F    TS     1 PTAMS 0x00000006f3800000 NTAMS 0x00000006f3800000 space 4096K,   0% used [0x00000006f3800000, 0x00000006f3c00000)
AC   0  F    TS     1 PTAMS 0x00000006f3c00000 NTAMS 0x00000006f3c00000 space 4096K,   0% used [0x00000006f3c00000, 0x00000006f4000000)
AC   0  F    TS     1 PTAMS 0x00000006f4000000 NTAMS 0x00000006f4000000 space 4096K,   0% used [0x00000006f4000000, 0x00000006f4400000)
AC   0  F    TS     1 PTAMS 0x00000006f4400000 NTAMS 0x00000006f4400000 space 4096K,   0% used [0x00000006f4400000, 0x00000006f4800000)
AC   0  F    TS     1 PTAMS 0x00000006f4800000 NTAMS 0x00000006f4800000 space 4096K,   0% used [0x00000006f4800000, 0x00000006f4c00000)
AC   0  F    TS     1 PTAMS 0x00000006f4c00000 NTAMS 0x00000006f4c00000 space 4096K,   0% used [0x00000006f4c00000, 0x00000006f5000000)
AC   0  F    TS     1 PTAMS 0x00000006f5000000 NTAMS 0x00000006f5000000 space 4096K,   0% used [0x00000006f5000000, 0x00000006f5400000)
AC   0  F    TS     1 PTAMS 0x00000006f5400000 NTAMS 0x00000006f5400000 space 4096K,   0% used [0x00000006f5400000, 0x00000006f5800000)
AC   0  F    TS     1 PTAMS 0x00000006f5800000 NTAMS 0x00000006f5800000 space 4096K,   0% used [0x00000006f5800000, 0x00000006f5c00000)
AC   0  F    TS     1 PTAMS 0x00000006f5c00000 NTAMS 0x00000006f5c00000 space 4096K,   0% used [0x00000006f5c00000, 0x00000006f6000000)
AC   0  F    TS     1 PTAMS 0x00000006f6000000 NTAMS 0x00000006f6000000 space 4096K,   0% used [0x00000006f6000000, 0x00000006f6400000)
AC   0  F    TS     1 PTAMS 0x00000006f6400000 NTAMS 0x00000006f6400000 space 4096K,   0% used [0x00000006f6400000, 0x00000006f6800000)
AC   0  F    TS     1 PTAMS 0x00000006f6800000 NTAMS 0x00000006f6800000 space 4096K,   0% used [0x00000006f6800000, 0x00000006f6c00000)
AC   0  F    TS     1 PTAMS 0x00000006f6c00000 NTAMS 0x00000006f6c00000 space 4096K,   0% used [0x00000006f6c00000, 0x00000006f7000000)
AC   0  F    TS     1 PTAMS 0x00000006f7000000 NTAMS 0x00000006f7000000 space 4096K,   0% used [0x00000006f7000000, 0x00000006f7400000)
AC   0  F    TS     1 PTAMS 0x00000006f7400000 NTAMS 0x00000006f7400000 space 4096K,   0% used [0x00000006f7400000, 0x00000006f7800000)
AC   0  F    TS     1 PTAMS 0x00000006f7800000 NTAMS 0x00000006f7800000 space 4096K,   0% used [0x00000006f7800000, 0x00000006f7c00000)
AC   0  F    TS     0 PTAMS 0x00000006f7c00000 NTAMS 0x00000006f7c00000 space 4096K,   0% used [0x00000006f7c00000, 0x00000006f8000000)
AC   0  F    TS     0 PTAMS 0x00000006f8000000 NTAMS 0x00000006f8000000 space 4096K,   0% used [0x00000006f8000000, 0x00000006f8400000)
AC   0  F    TS     0 PTAMS 0x00000006f8400000 NTAMS 0x00000006f8400000 space 4096K,   0% used [0x00000006f8400000, 0x00000006f8800000)
AC   0  F    TS     0 PTAMS 0x00000006f8800000 NTAMS 0x00000006f8800000 space 4096K,   0% used [0x00000006f8800000, 0x00000006f8c00000)
AC   0  F    TS     0 PTAMS 0x00000006f8c00000 NTAMS 0x00000006f8c00000 space 4096K,   0% used [0x00000006f8c00000, 0x00000006f9000000)
AC   0  F    TS     0 PTAMS 0x00000006f9000000 NTAMS 0x00000006f9000000 space 4096K,   0% used [0x00000006f9000000, 0x00000006f9400000)
AC   0  F    TS     0 PTAMS 0x00000006f9400000 NTAMS 0x00000006f9400000 space 4096K,   0% used [0x00000006f9400000, 0x00000006f9800000)
AC   0  F    TS     0 PTAMS 0x00000006f9800000 NTAMS 0x00000006f9800000 space 4096K,   0% used [0x00000006f9800000, 0x00000006f9c00000)
AC   0  F    TS     0 PTAMS 0x00000006f9c00000 NTAMS 0x00000006f9c00000 space 4096K,   0% used [0x00000006f9c00000, 0x00000006fa000000)
AC   0  F    TS     0 PTAMS 0x00000006fa000000 NTAMS 0x00000006fa000000 space 4096K,   0% used [0x00000006fa000000, 0x00000006fa400000)
AC   0  F    TS     0 PTAMS 0x00000006fa400000 NTAMS 0x00000006fa400000 space 4096K,   0% used [0x00000006fa400000, 0x00000006fa800000)
AC   0  F    TS     0 PTAMS 0x00000006fa800000 NTAMS 0x00000006fa800000 space 4096K,   0% used [0x00000006fa800000, 0x00000006fac00000)
AC   0  F    TS     0 PTAMS 0x00000006fac00000 NTAMS 0x00000006fac00000 space 4096K,   0% used [0x00000006fac00000, 0x00000006fb000000)
AC   0  F    TS     0 PTAMS 0x00000006fb000000 NTAMS 0x00000006fb000000 space 4096K,   0% used [0x00000006fb000000, 0x00000006fb400000)
AC   0  F    TS     0 PTAMS 0x00000006fb400000 NTAMS 0x00000006fb400000 space 4096K,   0% used [0x00000006fb400000, 0x00000006fb800000)
AC   0  F    TS     0 PTAMS 0x00000006fb800000 NTAMS 0x00000006fb800000 space 4096K,   0% used [0x00000006fb800000, 0x00000006fbc00000)
AC   0  F    TS     0 PTAMS 0x00000006fbc00000 NTAMS 0x00000006fbc00000 space 4096K,   0% used [0x00000006fbc00000, 0x00000006fc000000)
AC   0  F    TS     0 PTAMS 0x00000006fc000000 NTAMS 0x00000006fc000000 space 4096K,   0% used [0x00000006fc000000, 0x00000006fc400000)
AC   0  F    TS     0 PTAMS 0x00000006fc400000 NTAMS 0x00000006fc400000 space 4096K,   0% used [0x00000006fc400000, 0x00000006fc800000)
AC   0  F    TS     0 PTAMS 0x00000006fc800000 NTAMS 0x00000006fc800000 space 4096K,   0% used [0x00000006fc800000, 0x00000006fcc00000)
AC   0  F    TS     0 PTAMS 0x00000006fcc00000 NTAMS 0x00000006fcc00000 space 4096K,   0% used [0x00000006fcc00000, 0x00000006fd000000)
AC   0  F    TS     0 PTAMS 0x00000006fd000000 NTAMS 0x00000006fd000000 space 4096K,   0% used [0x00000006fd000000, 0x00000006fd400000)
AC   0  F    TS     0 PTAMS 0x00000006fd400000 NTAMS 0x00000006fd400000 space 4096K,   0% used [0x00000006fd400000, 0x00000006fd800000)
AC   0  F    TS     0 PTAMS 0x00000006fd800000 NTAMS 0x00000006fd800000 space 4096K,   0% used [0x00000006fd800000, 0x00000006fdc00000)
AC   0  F    TS     0 PTAMS 0x00000006fdc00000 NTAMS 0x00000006fdc00000 space 4096K,   0% used [0x00000006fdc00000, 0x00000006fe000000)
AC   0  F    TS     0 PTAMS 0x00000006fe000000 NTAMS 0x00000006fe000000 space 4096K,   0% used [0x00000006fe000000, 0x00000006fe400000)
AC   0  F    TS     0 PTAMS 0x00000006fe400000 NTAMS 0x00000006fe400000 space 4096K,   0% used [0x00000006fe400000, 0x00000006fe800000)
AC   0  F    TS     0 PTAMS 0x00000006fe800000 NTAMS 0x00000006fe800000 space 4096K,   0% used [0x00000006fe800000, 0x00000006fec00000)
AC   0  F    TS     0 PTAMS 0x00000006fec00000 NTAMS 0x00000006fec00000 space 4096K,   0% used [0x00000006fec00000, 0x00000006ff000000)
AC   0  F    TS     0 PTAMS 0x00000006ff000000 NTAMS 0x00000006ff000000 space 4096K,   0% used [0x00000006ff000000, 0x00000006ff400000)
AC   0  F    TS     0 PTAMS 0x00000006ff400000 NTAMS 0x00000006ff400000 space 4096K,   0% used [0x00000006ff400000, 0x00000006ff800000)
AC   0  F    TS     0 PTAMS 0x00000006ff800000 NTAMS 0x00000006ff800000 space 4096K,   0% used [0x00000006ff800000, 0x00000006ffc00000)
AC   0  F    TS     0 PTAMS 0x00000006ffc00000 NTAMS 0x00000006ffc00000 space 4096K,   0% used [0x00000006ffc00000, 0x0000000700000000)
AC   0  F    TS     0 PTAMS 0x0000000700000000 NTAMS 0x0000000700000000 space 4096K,   0% used [0x0000000700000000, 0x0000000700400000)
AC   0  F    TS     0 PTAMS 0x0000000700400000 NTAMS 0x0000000700400000 space 4096K,   0% used [0x0000000700400000, 0x0000000700800000)
AC   0  F    TS     0 PTAMS 0x0000000700800000 NTAMS 0x0000000700800000 space 4096K,   0% used [0x0000000700800000, 0x0000000700c00000)
AC   0  F    TS     0 PTAMS 0x0000000700c00000 NTAMS 0x0000000700c00000 space 4096K,   0% used [0x0000000700c00000, 0x0000000701000000)
AC   0  F    TS     0 PTAMS 0x0000000701000000 NTAMS 0x0000000701000000 space 4096K,   0% used [0x0000000701000000, 0x0000000701400000)
AC   0  F    TS     0 PTAMS 0x0000000701400000 NTAMS 0x0000000701400000 space 4096K,   0% used [0x0000000701400000, 0x0000000701800000)
AC   0  F    TS     0 PTAMS 0x0000000701800000 NTAMS 0x0000000701800000 space 4096K,   0% used [0x0000000701800000, 0x0000000701c00000)
AC   0  F    TS     0 PTAMS 0x0000000701c00000 NTAMS 0x0000000701c00000 space 4096K,   0% used [0x0000000701c00000, 0x0000000702000000)
AC   0  F    TS     0 PTAMS 0x0000000702000000 NTAMS 0x0000000702000000 space 4096K,   0% used [0x0000000702000000, 0x0000000702400000)
AC   0  F    TS     0 PTAMS 0x0000000702400000 NTAMS 0x0000000702400000 space 4096K,   0% used [0x0000000702400000, 0x0000000702800000)
AC   0  F    TS     0 PTAMS 0x0000000702800000 NTAMS 0x0000000702800000 space 4096K,   0% used [0x0000000702800000, 0x0000000702c00000)
AC   0  F    TS     0 PTAMS 0x0000000702c00000 NTAMS 0x0000000702c00000 space 4096K,   0% used [0x0000000702c00000, 0x0000000703000000)
AC   0  F    TS     0 PTAMS 0x0000000703000000 NTAMS 0x0000000703000000 space 4096K,   0% used [0x0000000703000000, 0x0000000703400000)
AC   0  F    TS     0 PTAMS 0x0000000703400000 NTAMS 0x0000000703400000 space 4096K,   0% used [0x0000000703400000, 0x0000000703800000)
AC   0  F    TS     0 PTAMS 0x0000000703800000 NTAMS 0x0000000703800000 space 4096K,   0% used [0x0000000703800000, 0x0000000703c00000)
AC   0  F    TS     0 PTAMS 0x0000000703c00000 NTAMS 0x0000000703c00000 space 4096K,   0% used [0x0000000703c00000, 0x0000000704000000)
AC   0  F    TS     0 PTAMS 0x0000000704000000 NTAMS 0x0000000704000000 space 4096K,   0% used [0x0000000704000000, 0x0000000704400000)
AC   0  F    TS     0 PTAMS 0x0000000704400000 NTAMS 0x0000000704400000 space 4096K,   0% used [0x0000000704400000, 0x0000000704800000)
AC   0  F    TS     0 PTAMS 0x0000000704800000 NTAMS 0x0000000704800000 space 4096K,   0% used [0x0000000704800000, 0x0000000704c00000)
AC   0  F    TS     0 PTAMS 0x0000000704c00000 NTAMS 0x0000000704c00000 space 4096K,   0% used [0x0000000704c00000, 0x0000000705000000)
AC   0  F    TS     0 PTAMS 0x0000000705000000 NTAMS 0x0000000705000000 space 4096K,   0% used [0x0000000705000000, 0x0000000705400000)
AC   0  F    TS     0 PTAMS 0x0000000705400000 NTAMS 0x0000000705400000 space 4096K,   0% used [0x0000000705400000, 0x0000000705800000)
AC   0  F    TS     0 PTAMS 0x0000000705800000 NTAMS 0x0000000705800000 space 4096K,   0% used [0x0000000705800000, 0x0000000705c00000)
AC   0  F    TS     0 PTAMS 0x0000000705c00000 NTAMS 0x0000000705c00000 space 4096K,   0% used [0x0000000705c00000, 0x0000000706000000)
AC   0  F    TS     0 PTAMS 0x0000000706000000 NTAMS 0x0000000706000000 space 4096K,   0% used [0x0000000706000000, 0x0000000706400000)
AC   0  F    TS     0 PTAMS 0x0000000706400000 NTAMS 0x0000000706400000 space 4096K,   0% used [0x0000000706400000, 0x0000000706800000)
AC   0  F    TS     0 PTAMS 0x0000000706800000 NTAMS 0x0000000706800000 space 4096K,   0% used [0x0000000706800000, 0x0000000706c00000)
AC   0  F    TS     0 PTAMS 0x0000000706c00000 NTAMS 0x0000000706c00000 space 4096K,   0% used [0x0000000706c00000, 0x0000000707000000)
AC   0  F    TS     0 PTAMS 0x0000000707000000 NTAMS 0x0000000707000000 space 4096K,   0% used [0x0000000707000000, 0x0000000707400000)
AC   0  F    TS     0 PTAMS 0x0000000707400000 NTAMS 0x0000000707400000 space 4096K,   0% used [0x0000000707400000, 0x0000000707800000)
AC   0  F    TS     0 PTAMS 0x0000000707800000 NTAMS 0x0000000707800000 space 4096K,   0% used [0x0000000707800000, 0x0000000707c00000)
AC   0  F    TS     0 PTAMS 0x0000000707c00000 NTAMS 0x0000000707c00000 space 4096K,   0% used [0x0000000707c00000, 0x0000000708000000)
AC   0  F    TS     0 PTAMS 0x0000000708000000 NTAMS 0x0000000708000000 space 4096K,   0% used [0x0000000708000000, 0x0000000708400000)
AC   0  F    TS     0 PTAMS 0x0000000708400000 NTAMS 0x0000000708400000 space 4096K,   0% used [0x0000000708400000, 0x0000000708800000)
AC   0  F    TS     0 PTAMS 0x0000000708800000 NTAMS 0x0000000708800000 space 4096K,   0% used [0x0000000708800000, 0x0000000708c00000)
AC   0  F    TS     0 PTAMS 0x0000000708c00000 NTAMS 0x0000000708c00000 space 4096K,   0% used [0x0000000708c00000, 0x0000000709000000)
AC   0  F    TS     0 PTAMS 0x0000000709000000 NTAMS 0x0000000709000000 space 4096K,   0% used [0x0000000709000000, 0x0000000709400000)
AC   0  F    TS     0 PTAMS 0x0000000709400000 NTAMS 0x0000000709400000 space 4096K,   0% used [0x0000000709400000, 0x0000000709800000)
AC   0  F    TS     0 PTAMS 0x0000000709800000 NTAMS 0x0000000709800000 space 4096K,   0% used [0x0000000709800000, 0x0000000709c00000)
AC   0  F    TS     0 PTAMS 0x0000000709c00000 NTAMS 0x0000000709c00000 space 4096K,   0% used [0x0000000709c00000, 0x000000070a000000)
AC   0  F    TS     0 PTAMS 0x000000070a000000 NTAMS 0x000000070a000000 space 4096K,   0% used [0x000000070a000000, 0x000000070a400000)
AC   0  F    TS     0 PTAMS 0x000000070a400000 NTAMS 0x000000070a400000 space 4096K,   0% used [0x000000070a400000, 0x000000070a800000)
AC   0  F    TS     0 PTAMS 0x000000070a800000 NTAMS 0x000000070a800000 space 4096K,   0% used [0x000000070a800000, 0x000000070ac00000)
AC   0  F    TS     0 PTAMS 0x000000070ac00000 NTAMS 0x000000070ac00000 space 4096K,   0% used [0x000000070ac00000, 0x000000070b000000)
AC   0  F    TS     0 PTAMS 0x000000070b000000 NTAMS 0x000000070b000000 space 4096K,   0% used [0x000000070b000000, 0x000000070b400000)
AC   0  F    TS    27 PTAMS 0x000000070b400000 NTAMS 0x000000070b400000 space 4096K,   0% used [0x000000070b400000, 0x000000070b800000)
AC   0  F    TS    27 PTAMS 0x000000070b800000 NTAMS 0x000000070b800000 space 4096K,   0% used [0x000000070b800000, 0x000000070bc00000)
AC   0  F    TS    27 PTAMS 0x000000070bc00000 NTAMS 0x000000070bc00000 space 4096K,   0% used [0x000000070bc00000, 0x000000070c000000)
AC   0  F    TS    27 PTAMS 0x000000070c000000 NTAMS 0x000000070c000000 space 4096K,   0% used [0x000000070c000000, 0x000000070c400000)
AC   0  F    TS    27 PTAMS 0x000000070c400000 NTAMS 0x000000070c400000 space 4096K,   0% used [0x000000070c400000, 0x000000070c800000)
AC   0  F    TS    27 PTAMS 0x000000070c800000 NTAMS 0x000000070c800000 space 4096K,   0% used [0x000000070c800000, 0x000000070cc00000)
AC   0  F    TS    27 PTAMS 0x000000070cc00000 NTAMS 0x000000070cc00000 space 4096K,   0% used [0x000000070cc00000, 0x000000070d000000)
AC   0  F    TS    27 PTAMS 0x000000070d000000 NTAMS 0x000000070d000000 space 4096K,   0% used [0x000000070d000000, 0x000000070d400000)
AC   0  F    TS    27 PTAMS 0x000000070d400000 NTAMS 0x000000070d400000 space 4096K,   0% used [0x000000070d400000, 0x000000070d800000)
AC   0  F    TS    27 PTAMS 0x000000070d800000 NTAMS 0x000000070d800000 space 4096K,   0% used [0x000000070d800000, 0x000000070dc00000)
AC   0  F    TS    27 PTAMS 0x000000070dc00000 NTAMS 0x000000070dc00000 space 4096K,   0% used [0x000000070dc00000, 0x000000070e000000)
AC   0  F    TS    27 PTAMS 0x000000070e000000 NTAMS 0x000000070e000000 space 4096K,   0% used [0x000000070e000000, 0x000000070e400000)
AC   0  F    TS    27 PTAMS 0x000000070e400000 NTAMS 0x000000070e400000 space 4096K,   0% used [0x000000070e400000, 0x000000070e800000)
AC   0  F    TS    27 PTAMS 0x000000070e800000 NTAMS 0x000000070e800000 space 4096K,   0% used [0x000000070e800000, 0x000000070ec00000)
AC   0  F    TS    27 PTAMS 0x000000070ec00000 NTAMS 0x000000070ec00000 space 4096K,   0% used [0x000000070ec00000, 0x000000070f000000)
AC   0  F    TS    23 PTAMS 0x000000070f000000 NTAMS 0x000000070f000000 space 4096K,   0% used [0x000000070f000000, 0x000000070f400000)
AC   0  F    TS    23 PTAMS 0x000000070f400000 NTAMS 0x000000070f400000 space 4096K,   0% used [0x000000070f400000, 0x000000070f800000)
AC   0  F    TS    23 PTAMS 0x000000070f800000 NTAMS 0x000000070f800000 space 4096K,   0% used [0x000000070f800000, 0x000000070fc00000)
AC   0  F    TS    23 PTAMS 0x000000070fc00000 NTAMS 0x000000070fc00000 space 4096K,   0% used [0x000000070fc00000, 0x0000000710000000)
AC   0  F    TS    23 PTAMS 0x0000000710000000 NTAMS 0x0000000710000000 space 4096K,   0% used [0x0000000710000000, 0x0000000710400000)
AC   0  F    TS    23 PTAMS 0x0000000710400000 NTAMS 0x0000000710400000 space 4096K,   0% used [0x0000000710400000, 0x0000000710800000)
AC   0  F    TS    23 PTAMS 0x0000000710800000 NTAMS 0x0000000710800000 space 4096K,   0% used [0x0000000710800000, 0x0000000710c00000)
AC   0  F    TS    23 PTAMS 0x0000000710c00000 NTAMS 0x0000000710c00000 space 4096K,   0% used [0x0000000710c00000, 0x0000000711000000)
AC   0  F    TS    23 PTAMS 0x0000000711000000 NTAMS 0x0000000711000000 space 4096K,   0% used [0x0000000711000000, 0x0000000711400000)
AC   0  F    TS    23 PTAMS 0x0000000711400000 NTAMS 0x0000000711400000 space 4096K,   0% used [0x0000000711400000, 0x0000000711800000)
AC   0  F    TS    23 PTAMS 0x0000000711800000 NTAMS 0x0000000711800000 space 4096K,   0% used [0x0000000711800000, 0x0000000711c00000)
AC   0  F    TS    23 PTAMS 0x0000000711c00000 NTAMS 0x0000000711c00000 space 4096K,   0% used [0x0000000711c00000, 0x0000000712000000)
AC   0  F    TS    23 PTAMS 0x0000000712000000 NTAMS 0x0000000712000000 space 4096K,   0% used [0x0000000712000000, 0x0000000712400000)
AC   0  F    TS    21 PTAMS 0x0000000712400000 NTAMS 0x0000000712400000 space 4096K,   0% used [0x0000000712400000, 0x0000000712800000)
AC   0  F    TS    25 PTAMS 0x0000000712800000 NTAMS 0x0000000712800000 space 4096K,   0% used [0x0000000712800000, 0x0000000712c00000)
AC   0  F    TS    25 PTAMS 0x0000000712c00000 NTAMS 0x0000000712c00000 space 4096K,   0% used [0x0000000712c00000, 0x0000000713000000)
AC   0  F    TS    25 PTAMS 0x0000000713000000 NTAMS 0x0000000713000000 space 4096K,   0% used [0x0000000713000000, 0x0000000713400000)
AC   0  F    TS    25 PTAMS 0x0000000713400000 NTAMS 0x0000000713400000 space 4096K,   0% used [0x0000000713400000, 0x0000000713800000)
AC   0  F    TS    25 PTAMS 0x0000000713800000 NTAMS 0x0000000713800000 space 4096K,   0% used [0x0000000713800000, 0x0000000713c00000)
AC   0  F    TS    25 PTAMS 0x0000000713c00000 NTAMS 0x0000000713c00000 space 4096K,   0% used [0x0000000713c00000, 0x0000000714000000)
AC   0  F    TS    25 PTAMS 0x0000000714000000 NTAMS 0x0000000714000000 space 4096K,   0% used [0x0000000714000000, 0x0000000714400000)
AC   0  F    TS    25 PTAMS 0x0000000714400000 NTAMS 0x0000000714400000 space 4096K,   0% used [0x0000000714400000, 0x0000000714800000)
AC   0  F    TS    25 PTAMS 0x0000000714800000 NTAMS 0x0000000714800000 space 4096K,   0% used [0x0000000714800000, 0x0000000714c00000)
AC   0  F    TS    25 PTAMS 0x0000000714c00000 NTAMS 0x0000000714c00000 space 4096K,   0% used [0x0000000714c00000, 0x0000000715000000)
AC   0  F    TS    25 PTAMS 0x0000000715000000 NTAMS 0x0000000715000000 space 4096K,   0% used [0x0000000715000000, 0x0000000715400000)
AC   0  F    TS    25 PTAMS 0x0000000715400000 NTAMS 0x0000000715400000 space 4096K,   0% used [0x0000000715400000, 0x0000000715800000)
AC   0  F    TS    25 PTAMS 0x0000000715800000 NTAMS 0x0000000715800000 space 4096K,   0% used [0x0000000715800000, 0x0000000715c00000)
AC   0  F    TS    25 PTAMS 0x0000000715c00000 NTAMS 0x0000000715c00000 space 4096K,   0% used [0x0000000715c00000, 0x0000000716000000)
AC   0  F    TS    25 PTAMS 0x0000000716000000 NTAMS 0x0000000716000000 space 4096K,   0% used [0x0000000716000000, 0x0000000716400000)
AC   0  F    TS    17 PTAMS 0x0000000716400000 NTAMS 0x0000000716400000 space 4096K,   0% used [0x0000000716400000, 0x0000000716800000)
AC   0  F    TS    13 PTAMS 0x0000000716800000 NTAMS 0x0000000716800000 space 4096K,   0% used [0x0000000716800000, 0x0000000716c00000)
AC   0  F    TS    13 PTAMS 0x0000000716c00000 NTAMS 0x0000000716c00000 space 4096K,   0% used [0x0000000716c00000, 0x0000000717000000)
AC   0  F    TS    13 PTAMS 0x0000000717000000 NTAMS 0x0000000717000000 space 4096K,   0% used [0x0000000717000000, 0x0000000717400000)
AC   0  F    TS    13 PTAMS 0x0000000717400000 NTAMS 0x0000000717400000 space 4096K,   0% used [0x0000000717400000, 0x0000000717800000)
AC   0  F    TS    13 PTAMS 0x0000000717800000 NTAMS 0x0000000717800000 space 4096K,   0% used [0x0000000717800000, 0x0000000717c00000)
AC   0  F    TS    13 PTAMS 0x0000000717c00000 NTAMS 0x0000000717c00000 space 4096K,   0% used [0x0000000717c00000, 0x0000000718000000)
AC   0  F    TS     0 PTAMS 0x0000000718000000 NTAMS 0x0000000718000000 space 4096K,   0% used [0x0000000718000000, 0x0000000718400000)
AC   0  F    TS     0 PTAMS 0x0000000718400000 NTAMS 0x0000000718400000 space 4096K,   0% used [0x0000000718400000, 0x0000000718800000)
AC   0  F    TS     0 PTAMS 0x0000000718800000 NTAMS 0x0000000718800000 space 4096K,   0% used [0x0000000718800000, 0x0000000718c00000)
AC   0  F    TS     0 PTAMS 0x0000000718c00000 NTAMS 0x0000000718c00000 space 4096K,   0% used [0x0000000718c00000, 0x0000000719000000)
AC   0  F    TS     0 PTAMS 0x0000000719000000 NTAMS 0x0000000719000000 space 4096K,   0% used [0x0000000719000000, 0x0000000719400000)
AC   0  F    TS     0 PTAMS 0x0000000719400000 NTAMS 0x0000000719400000 space 4096K,   0% used [0x0000000719400000, 0x0000000719800000)
AC   0  F    TS     0 PTAMS 0x0000000719800000 NTAMS 0x0000000719800000 space 4096K,   0% used [0x0000000719800000, 0x0000000719c00000)
AC   0  F    TS     0 PTAMS 0x0000000719c00000 NTAMS 0x0000000719c00000 space 4096K,   0% used [0x0000000719c00000, 0x000000071a000000)
AC   0  F    TS     0 PTAMS 0x000000071a000000 NTAMS 0x000000071a000000 space 4096K,   0% used [0x000000071a000000, 0x000000071a400000)
AC   0  F    TS     0 PTAMS 0x000000071a400000 NTAMS 0x000000071a400000 space 4096K,   0% used [0x000000071a400000, 0x000000071a800000)
AC   0  F    TS     0 PTAMS 0x000000071a800000 NTAMS 0x000000071a800000 space 4096K,   0% used [0x000000071a800000, 0x000000071ac00000)
AC   0  F    TS     0 PTAMS 0x000000071ac00000 NTAMS 0x000000071ac00000 space 4096K,   0% used [0x000000071ac00000, 0x000000071b000000)
AC   0  F    TS     0 PTAMS 0x000000071b000000 NTAMS 0x000000071b000000 space 4096K,   0% used [0x000000071b000000, 0x000000071b400000)
AC   0  F    TS     0 PTAMS 0x000000071b400000 NTAMS 0x000000071b400000 space 4096K,   0% used [0x000000071b400000, 0x000000071b800000)
AC   0  F    TS     0 PTAMS 0x000000071b800000 NTAMS 0x000000071b800000 space 4096K,   0% used [0x000000071b800000, 0x000000071bc00000)
AC   0  F    TS     0 PTAMS 0x000000071bc00000 NTAMS 0x000000071bc00000 space 4096K,   0% used [0x000000071bc00000, 0x000000071c000000)
AC   0  F    TS     0 PTAMS 0x000000071c000000 NTAMS 0x000000071c000000 space 4096K,   0% used [0x000000071c000000, 0x000000071c400000)
AC   0  F    TS     0 PTAMS 0x000000071c400000 NTAMS 0x000000071c400000 space 4096K,   0% used [0x000000071c400000, 0x000000071c800000)
AC   0  F    TS     0 PTAMS 0x000000071c800000 NTAMS 0x000000071c800000 space 4096K,   0% used [0x000000071c800000, 0x000000071cc00000)
AC   0  F    TS     0 PTAMS 0x000000071cc00000 NTAMS 0x000000071cc00000 space 4096K,   0% used [0x000000071cc00000, 0x000000071d000000)
AC   0  F    TS     0 PTAMS 0x000000071d000000 NTAMS 0x000000071d000000 space 4096K,   0% used [0x000000071d000000, 0x000000071d400000)
AC   0  F    TS     0 PTAMS 0x000000071d400000 NTAMS 0x000000071d400000 space 4096K,   0% used [0x000000071d400000, 0x000000071d800000)
AC   0  F    TS     0 PTAMS 0x000000071d800000 NTAMS 0x000000071d800000 space 4096K,   0% used [0x000000071d800000, 0x000000071dc00000)
AC   0  F    TS     0 PTAMS 0x000000071dc00000 NTAMS 0x000000071dc00000 space 4096K,   0% used [0x000000071dc00000, 0x000000071e000000)
AC   0  F    TS     0 PTAMS 0x000000071e000000 NTAMS 0x000000071e000000 space 4096K,   0% used [0x000000071e000000, 0x000000071e400000)
AC   0  F    TS     0 PTAMS 0x000000071e400000 NTAMS 0x000000071e400000 space 4096K,   0% used [0x000000071e400000, 0x000000071e800000)
AC   0  F    TS     0 PTAMS 0x000000071e800000 NTAMS 0x000000071e800000 space 4096K,   0% used [0x000000071e800000, 0x000000071ec00000)
AC   0  F    TS     1 PTAMS 0x000000071ec00000 NTAMS 0x000000071ec00000 space 4096K,   0% used [0x000000071ec00000, 0x000000071f000000)
AC   0  F    TS     1 PTAMS 0x000000071f000000 NTAMS 0x000000071f000000 space 4096K,   0% used [0x000000071f000000, 0x000000071f400000)
AC   0  F    TS     1 PTAMS 0x000000071f400000 NTAMS 0x000000071f400000 space 4096K,   0% used [0x000000071f400000, 0x000000071f800000)
AC   0  F    TS     1 PTAMS 0x000000071f800000 NTAMS 0x000000071f800000 space 4096K,   0% used [0x000000071f800000, 0x000000071fc00000)
AC   0  F    TS     1 PTAMS 0x000000071fc00000 NTAMS 0x000000071fc00000 space 4096K,   0% used [0x000000071fc00000, 0x0000000720000000)
AC   0  F    TS     1 PTAMS 0x0000000720000000 NTAMS 0x0000000720000000 space 4096K,   0% used [0x0000000720000000, 0x0000000720400000)
AC   0  F    TS     1 PTAMS 0x0000000720400000 NTAMS 0x0000000720400000 space 4096K,   0% used [0x0000000720400000, 0x0000000720800000)
AC   0  F    TS     1 PTAMS 0x0000000720800000 NTAMS 0x0000000720800000 space 4096K,   0% used [0x0000000720800000, 0x0000000720c00000)
AC   0  F    TS     1 PTAMS 0x0000000720c00000 NTAMS 0x0000000720c00000 space 4096K,   0% used [0x0000000720c00000, 0x0000000721000000)
AC   0  F    TS     1 PTAMS 0x0000000721000000 NTAMS 0x0000000721000000 space 4096K,   0% used [0x0000000721000000, 0x0000000721400000)
AC   0  F    TS     1 PTAMS 0x0000000721400000 NTAMS 0x0000000721400000 space 4096K,   0% used [0x0000000721400000, 0x0000000721800000)
AC   0  F    TS     1 PTAMS 0x0000000721800000 NTAMS 0x0000000721800000 space 4096K,   0% used [0x0000000721800000, 0x0000000721c00000)
AC   0  F    TS     1 PTAMS 0x0000000721c00000 NTAMS 0x0000000721c00000 space 4096K,   0% used [0x0000000721c00000, 0x0000000722000000)
AC   0  F    TS     1 PTAMS 0x0000000722000000 NTAMS 0x0000000722000000 space 4096K,   0% used [0x0000000722000000, 0x0000000722400000)
AC   0  F    TS     1 PTAMS 0x0000000722400000 NTAMS 0x0000000722400000 space 4096K,   0% used [0x0000000722400000, 0x0000000722800000)
AC   0  F    TS     1 PTAMS 0x0000000722800000 NTAMS 0x0000000722800000 space 4096K,   0% used [0x0000000722800000, 0x0000000722c00000)
AC   0  F    TS     1 PTAMS 0x0000000722c00000 NTAMS 0x0000000722c00000 space 4096K,   0% used [0x0000000722c00000, 0x0000000723000000)
AC   0  F    TS     1 PTAMS 0x0000000723000000 NTAMS 0x0000000723000000 space 4096K,   0% used [0x0000000723000000, 0x0000000723400000)
AC   0  F    TS     1 PTAMS 0x0000000723400000 NTAMS 0x0000000723400000 space 4096K,   0% used [0x0000000723400000, 0x0000000723800000)
AC   0  F    TS     1 PTAMS 0x0000000723800000 NTAMS 0x0000000723800000 space 4096K,   0% used [0x0000000723800000, 0x0000000723c00000)
AC   0  F    TS     1 PTAMS 0x0000000723c00000 NTAMS 0x0000000723c00000 space 4096K,   0% used [0x0000000723c00000, 0x0000000724000000)
AC   0  F    TS     1 PTAMS 0x0000000724000000 NTAMS 0x0000000724000000 space 4096K,   0% used [0x0000000724000000, 0x0000000724400000)
AC   0  F    TS     1 PTAMS 0x0000000724400000 NTAMS 0x0000000724400000 space 4096K,   0% used [0x0000000724400000, 0x0000000724800000)
AC   0  F    TS     1 PTAMS 0x0000000724800000 NTAMS 0x0000000724800000 space 4096K,   0% used [0x0000000724800000, 0x0000000724c00000)
AC   0  F    TS     1 PTAMS 0x0000000724c00000 NTAMS 0x0000000724c00000 space 4096K,   0% used [0x0000000724c00000, 0x0000000725000000)
AC   0  F    TS     1 PTAMS 0x0000000725000000 NTAMS 0x0000000725000000 space 4096K,   0% used [0x0000000725000000, 0x0000000725400000)
AC   0  F    TS     1 PTAMS 0x0000000725400000 NTAMS 0x0000000725400000 space 4096K,   0% used [0x0000000725400000, 0x0000000725800000)
AC   0  F    TS     1 PTAMS 0x0000000725800000 NTAMS 0x0000000725800000 space 4096K,   0% used [0x0000000725800000, 0x0000000725c00000)
AC   0  F    TS     1 PTAMS 0x0000000725c00000 NTAMS 0x0000000725c00000 space 4096K,   0% used [0x0000000725c00000, 0x0000000726000000)
AC   0  F    TS     1 PTAMS 0x0000000726000000 NTAMS 0x0000000726000000 space 4096K,   0% used [0x0000000726000000, 0x0000000726400000)
AC   0  F    TS     1 PTAMS 0x0000000726400000 NTAMS 0x0000000726400000 space 4096K,   0% used [0x0000000726400000, 0x0000000726800000)
AC   0  F    TS     1 PTAMS 0x0000000726800000 NTAMS 0x0000000726800000 space 4096K,   0% used [0x0000000726800000, 0x0000000726c00000)
AC   0  F    TS     1 PTAMS 0x0000000726c00000 NTAMS 0x0000000726c00000 space 4096K,   0% used [0x0000000726c00000, 0x0000000727000000)
AC   0  F    TS     1 PTAMS 0x0000000727000000 NTAMS 0x0000000727000000 space 4096K,   0% used [0x0000000727000000, 0x0000000727400000)
AC   0  F    TS     1 PTAMS 0x0000000727400000 NTAMS 0x0000000727400000 space 4096K,   0% used [0x0000000727400000, 0x0000000727800000)
AC   0  F    TS     1 PTAMS 0x0000000727800000 NTAMS 0x0000000727800000 space 4096K,   0% used [0x0000000727800000, 0x0000000727c00000)
AC   0  F    TS     1 PTAMS 0x0000000727c00000 NTAMS 0x0000000727c00000 space 4096K,   0% used [0x0000000727c00000, 0x0000000728000000)
AC   0  F    TS     1 PTAMS 0x0000000728000000 NTAMS 0x0000000728000000 space 4096K,   0% used [0x0000000728000000, 0x0000000728400000)
AC   0  F    TS     1 PTAMS 0x0000000728400000 NTAMS 0x0000000728400000 space 4096K,   0% used [0x0000000728400000, 0x0000000728800000)
AC   0  F    TS     1 PTAMS 0x0000000728800000 NTAMS 0x0000000728800000 space 4096K,   0% used [0x0000000728800000, 0x0000000728c00000)
AC   0  F    TS     1 PTAMS 0x0000000728c00000 NTAMS 0x0000000728c00000 space 4096K,   0% used [0x0000000728c00000, 0x0000000729000000)
AC   0  F    TS     1 PTAMS 0x0000000729000000 NTAMS 0x0000000729000000 space 4096K,   0% used [0x0000000729000000, 0x0000000729400000)
AC   0  F    TS     1 PTAMS 0x0000000729400000 NTAMS 0x0000000729400000 space 4096K,   0% used [0x0000000729400000, 0x0000000729800000)
AC   0  F    TS     1 PTAMS 0x0000000729800000 NTAMS 0x0000000729800000 space 4096K,   0% used [0x0000000729800000, 0x0000000729c00000)
AC   0  F    TS     1 PTAMS 0x0000000729c00000 NTAMS 0x0000000729c00000 space 4096K,   0% used [0x0000000729c00000, 0x000000072a000000)
AC   0  F    TS     1 PTAMS 0x000000072a000000 NTAMS 0x000000072a000000 space 4096K,   0% used [0x000000072a000000, 0x000000072a400000)
AC   0  F    TS     1 PTAMS 0x000000072a400000 NTAMS 0x000000072a400000 space 4096K,   0% used [0x000000072a400000, 0x000000072a800000)
AC   0  F    TS     1 PTAMS 0x000000072a800000 NTAMS 0x000000072a800000 space 4096K,   0% used [0x000000072a800000, 0x000000072ac00000)
AC   0  F    TS     1 PTAMS 0x000000072ac00000 NTAMS 0x000000072ac00000 space 4096K,   0% used [0x000000072ac00000, 0x000000072b000000)
AC   0  F    TS     1 PTAMS 0x000000072b000000 NTAMS 0x000000072b000000 space 4096K,   0% used [0x000000072b000000, 0x000000072b400000)
AC   0  F    TS     1 PTAMS 0x000000072b400000 NTAMS 0x000000072b400000 space 4096K,   0% used [0x000000072b400000, 0x000000072b800000)
AC   0  F    TS     1 PTAMS 0x000000072b800000 NTAMS 0x000000072b800000 space 4096K,   0% used [0x000000072b800000, 0x000000072bc00000)
AC   0  F    TS     1 PTAMS 0x000000072bc00000 NTAMS 0x000000072bc00000 space 4096K,   0% used [0x000000072bc00000, 0x000000072c000000)
AC   0  F    TS     1 PTAMS 0x000000072c000000 NTAMS 0x000000072c000000 space 4096K,   0% used [0x000000072c000000, 0x000000072c400000)
AC   0  F    TS     1 PTAMS 0x000000072c400000 NTAMS 0x000000072c400000 space 4096K,   0% used [0x000000072c400000, 0x000000072c800000)
AC   0  F    TS     1 PTAMS 0x000000072c800000 NTAMS 0x000000072c800000 space 4096K,   0% used [0x000000072c800000, 0x000000072cc00000)
AC   0  F    TS     1 PTAMS 0x000000072cc00000 NTAMS 0x000000072cc00000 space 4096K,   0% used [0x000000072cc00000, 0x000000072d000000)
AC   0  F    TS     1 PTAMS 0x000000072d000000 NTAMS 0x000000072d000000 space 4096K,   0% used [0x000000072d000000, 0x000000072d400000)
AC   0  F    TS     1 PTAMS 0x000000072d400000 NTAMS 0x000000072d400000 space 4096K,   0% used [0x000000072d400000, 0x000000072d800000)
AC   0  F    TS     1 PTAMS 0x000000072d800000 NTAMS 0x000000072d800000 space 4096K,   0% used [0x000000072d800000, 0x000000072dc00000)
AC   0  F    TS     1 PTAMS 0x000000072dc00000 NTAMS 0x000000072dc00000 space 4096K,   0% used [0x000000072dc00000, 0x000000072e000000)
AC   0  F    TS     1 PTAMS 0x000000072e000000 NTAMS 0x000000072e000000 space 4096K,   0% used [0x000000072e000000, 0x000000072e400000)
AC   0  F    TS     1 PTAMS 0x000000072e400000 NTAMS 0x000000072e400000 space 4096K,   0% used [0x000000072e400000, 0x000000072e800000)
AC   0  F    TS     1 PTAMS 0x000000072e800000 NTAMS 0x000000072e800000 space 4096K,   0% used [0x000000072e800000, 0x000000072ec00000)
AC   0  F    TS     1 PTAMS 0x000000072ec00000 NTAMS 0x000000072ec00000 space 4096K,   0% used [0x000000072ec00000, 0x000000072f000000)
AC   0  F    TS     1 PTAMS 0x000000072f000000 NTAMS 0x000000072f000000 space 4096K,   0% used [0x000000072f000000, 0x000000072f400000)
AC   0  F    TS     1 PTAMS 0x000000072f400000 NTAMS 0x000000072f400000 space 4096K,   0% used [0x000000072f400000, 0x000000072f800000)
AC   0  F    TS     1 PTAMS 0x000000072f800000 NTAMS 0x000000072f800000 space 4096K,   0% used [0x000000072f800000, 0x000000072fc00000)
AC   0  F    TS     1 PTAMS 0x000000072fc00000 NTAMS 0x000000072fc00000 space 4096K,   0% used [0x000000072fc00000, 0x0000000730000000)
AC   0  F    TS     1 PTAMS 0x0000000730000000 NTAMS 0x0000000730000000 space 4096K,   0% used [0x0000000730000000, 0x0000000730400000)
AC   0  F    TS     1 PTAMS 0x0000000730400000 NTAMS 0x0000000730400000 space 4096K,   0% used [0x0000000730400000, 0x0000000730800000)
AC   0  F    TS     1 PTAMS 0x0000000730800000 NTAMS 0x0000000730800000 space 4096K,   0% used [0x0000000730800000, 0x0000000730c00000)
AC   0  F    TS     1 PTAMS 0x0000000730c00000 NTAMS 0x0000000730c00000 space 4096K,   0% used [0x0000000730c00000, 0x0000000731000000)
AC   0  F    TS     1 PTAMS 0x0000000731000000 NTAMS 0x0000000731000000 space 4096K,   0% used [0x0000000731000000, 0x0000000731400000)
AC   0  F    TS     1 PTAMS 0x0000000731400000 NTAMS 0x0000000731400000 space 4096K,   0% used [0x0000000731400000, 0x0000000731800000)
AC   0  F    TS     1 PTAMS 0x0000000731800000 NTAMS 0x0000000731800000 space 4096K,   0% used [0x0000000731800000, 0x0000000731c00000)
AC   0  F    TS     1 PTAMS 0x0000000731c00000 NTAMS 0x0000000731c00000 space 4096K,   0% used [0x0000000731c00000, 0x0000000732000000)
AC   0  F    TS     1 PTAMS 0x0000000732000000 NTAMS 0x0000000732000000 space 4096K,   0% used [0x0000000732000000, 0x0000000732400000)
AC   0  F    TS     1 PTAMS 0x0000000732400000 NTAMS 0x0000000732400000 space 4096K,   0% used [0x0000000732400000, 0x0000000732800000)
AC   0  F    TS     1 PTAMS 0x0000000732800000 NTAMS 0x0000000732800000 space 4096K,   0% used [0x0000000732800000, 0x0000000732c00000)
AC   0  F    TS     1 PTAMS 0x0000000732c00000 NTAMS 0x0000000732c00000 space 4096K,   0% used [0x0000000732c00000, 0x0000000733000000)
AC   0  F    TS     1 PTAMS 0x0000000733000000 NTAMS 0x0000000733000000 space 4096K,   0% used [0x0000000733000000, 0x0000000733400000)
AC   0  F    TS     1 PTAMS 0x0000000733400000 NTAMS 0x0000000733400000 space 4096K,   0% used [0x0000000733400000, 0x0000000733800000)
AC   0  F    TS     1 PTAMS 0x0000000733800000 NTAMS 0x0000000733800000 space 4096K,   0% used [0x0000000733800000, 0x0000000733c00000)
AC   0  F    TS     1 PTAMS 0x0000000733c00000 NTAMS 0x0000000733c00000 space 4096K,   0% used [0x0000000733c00000, 0x0000000734000000)
AC   0  F    TS     1 PTAMS 0x0000000734000000 NTAMS 0x0000000734000000 space 4096K,   0% used [0x0000000734000000, 0x0000000734400000)
AC   0  F    TS     1 PTAMS 0x0000000734400000 NTAMS 0x0000000734400000 space 4096K,   0% used [0x0000000734400000, 0x0000000734800000)
AC   0  F    TS     1 PTAMS 0x0000000734800000 NTAMS 0x0000000734800000 space 4096K,   0% used [0x0000000734800000, 0x0000000734c00000)
AC   0  F    TS     1 PTAMS 0x0000000734c00000 NTAMS 0x0000000734c00000 space 4096K,   0% used [0x0000000734c00000, 0x0000000735000000)
AC   0  F    TS     1 PTAMS 0x0000000735000000 NTAMS 0x0000000735000000 space 4096K,   0% used [0x0000000735000000, 0x0000000735400000)
AC   0  F    TS     1 PTAMS 0x0000000735400000 NTAMS 0x0000000735400000 space 4096K,   0% used [0x0000000735400000, 0x0000000735800000)
AC   0  F    TS     1 PTAMS 0x0000000735800000 NTAMS 0x0000000735800000 space 4096K,   0% used [0x0000000735800000, 0x0000000735c00000)
AC   0  F    TS     1 PTAMS 0x0000000735c00000 NTAMS 0x0000000735c00000 space 4096K,   0% used [0x0000000735c00000, 0x0000000736000000)
AC   0  F    TS     1 PTAMS 0x0000000736000000 NTAMS 0x0000000736000000 space 4096K,   0% used [0x0000000736000000, 0x0000000736400000)
AC   0  F    TS     1 PTAMS 0x0000000736400000 NTAMS 0x0000000736400000 space 4096K,   0% used [0x0000000736400000, 0x0000000736800000)
AC   0  F    TS     1 PTAMS 0x0000000736800000 NTAMS 0x0000000736800000 space 4096K,   0% used [0x0000000736800000, 0x0000000736c00000)
AC   0  F    TS     1 PTAMS 0x0000000736c00000 NTAMS 0x0000000736c00000 space 4096K,   0% used [0x0000000736c00000, 0x0000000737000000)
AC   0  F    TS     1 PTAMS 0x0000000737000000 NTAMS 0x0000000737000000 space 4096K,   0% used [0x0000000737000000, 0x0000000737400000)
AC   0  F    TS     1 PTAMS 0x0000000737400000 NTAMS 0x0000000737400000 space 4096K,   0% used [0x0000000737400000, 0x0000000737800000)
AC   0  F    TS     1 PTAMS 0x0000000737800000 NTAMS 0x0000000737800000 space 4096K,   0% used [0x0000000737800000, 0x0000000737c00000)
AC   0  F    TS     1 PTAMS 0x0000000737c00000 NTAMS 0x0000000737c00000 space 4096K,   0% used [0x0000000737c00000, 0x0000000738000000)
AC   0  F    TS     1 PTAMS 0x0000000738000000 NTAMS 0x0000000738000000 space 4096K,   0% used [0x0000000738000000, 0x0000000738400000)
AC   0  F    TS     1 PTAMS 0x0000000738400000 NTAMS 0x0000000738400000 space 4096K,   0% used [0x0000000738400000, 0x0000000738800000)
AC   0  F    TS     1 PTAMS 0x0000000738800000 NTAMS 0x0000000738800000 space 4096K,   0% used [0x0000000738800000, 0x0000000738c00000)
AC   0  F    TS     1 PTAMS 0x0000000738c00000 NTAMS 0x0000000738c00000 space 4096K,   0% used [0x0000000738c00000, 0x0000000739000000)
AC   0  F    TS     1 PTAMS 0x0000000739000000 NTAMS 0x0000000739000000 space 4096K,   0% used [0x0000000739000000, 0x0000000739400000)
AC   0  F    TS     1 PTAMS 0x0000000739400000 NTAMS 0x0000000739400000 space 4096K,   0% used [0x0000000739400000, 0x0000000739800000)
AC   0  E    TS     1 PTAMS 0x0000000739800000 NTAMS 0x0000000739800000 space 4096K,  50% used [0x0000000739800000, 0x0000000739c00000)
AC   0  E CS TS     1 PTAMS 0x0000000739c00000 NTAMS 0x0000000739c00000 space 4096K, 100% used [0x0000000739c00000, 0x000000073a000000)
AC   0  E CS TS     1 PTAMS 0x000000073a000000 NTAMS 0x000000073a000000 space 4096K, 100% used [0x000000073a000000, 0x000000073a400000)
AC   0  E CS TS     1 PTAMS 0x000000073a400000 NTAMS 0x000000073a400000 space 4096K, 100% used [0x000000073a400000, 0x000000073a800000)
AC   0  E CS TS     1 PTAMS 0x000000073a800000 NTAMS 0x000000073a800000 space 4096K, 100% used [0x000000073a800000, 0x000000073ac00000)
AC   0  E CS TS     1 PTAMS 0x000000073ac00000 NTAMS 0x000000073ac00000 space 4096K, 100% used [0x000000073ac00000, 0x000000073b000000)
AC   0  E CS TS     1 PTAMS 0x000000073b000000 NTAMS 0x000000073b000000 space 4096K, 100% used [0x000000073b000000, 0x000000073b400000)
AC   0  E CS TS     1 PTAMS 0x000000073b400000 NTAMS 0x000000073b400000 space 4096K, 100% used [0x000000073b400000, 0x000000073b800000)
AC   0  E CS TS     1 PTAMS 0x000000073b800000 NTAMS 0x000000073b800000 space 4096K, 100% used [0x000000073b800000, 0x000000073bc00000)
AC   0  E CS TS     1 PTAMS 0x000000073bc00000 NTAMS 0x000000073bc00000 space 4096K, 100% used [0x000000073bc00000, 0x000000073c000000)
AC   0  E CS TS     1 PTAMS 0x000000073c000000 NTAMS 0x000000073c000000 space 4096K, 100% used [0x000000073c000000, 0x000000073c400000)
AC   0  E CS TS     1 PTAMS 0x000000073c400000 NTAMS 0x000000073c400000 space 4096K, 100% used [0x000000073c400000, 0x000000073c800000)
AC   0  E CS TS     1 PTAMS 0x000000073c800000 NTAMS 0x000000073c800000 space 4096K, 100% used [0x000000073c800000, 0x000000073cc00000)
AC   0  E CS TS     1 PTAMS 0x000000073cc00000 NTAMS 0x000000073cc00000 space 4096K, 100% used [0x000000073cc00000, 0x000000073d000000)
AC   0  E CS TS     1 PTAMS 0x000000073d000000 NTAMS 0x000000073d000000 space 4096K, 100% used [0x000000073d000000, 0x000000073d400000)
AC   0  E CS TS     1 PTAMS 0x000000073d400000 NTAMS 0x000000073d400000 space 4096K, 100% used [0x000000073d400000, 0x000000073d800000)
AC   0  E CS TS     1 PTAMS 0x000000073d800000 NTAMS 0x000000073d800000 space 4096K, 100% used [0x000000073d800000, 0x000000073dc00000)
AC   0  E CS TS     1 PTAMS 0x000000073dc00000 NTAMS 0x000000073dc00000 space 4096K, 100% used [0x000000073dc00000, 0x000000073e000000)
AC   0  E CS TS     1 PTAMS 0x000000073e000000 NTAMS 0x000000073e000000 space 4096K, 100% used [0x000000073e000000, 0x000000073e400000)
AC   0  E CS TS     1 PTAMS 0x000000073e400000 NTAMS 0x000000073e400000 space 4096K, 100% used [0x000000073e400000, 0x000000073e800000)
AC   0  E CS TS     1 PTAMS 0x000000073e800000 NTAMS 0x000000073e800000 space 4096K, 100% used [0x000000073e800000, 0x000000073ec00000)
AC   0  E CS TS     1 PTAMS 0x000000073ec00000 NTAMS 0x000000073ec00000 space 4096K, 100% used [0x000000073ec00000, 0x000000073f000000)

Card table byte_map: [0x0000000016d00000,0x0000000018d00000] byte_map_base: 0x0000000014f00000

Marking Bits (Prev, Next): (CMBitMap*) 0x0000000002f5a348, (CMBitMap*) 0x0000000002f5a3a0
 Prev Bits: [0x000000001ad00000, 0x000000002ad00000)
 Next Bits: [0x000000002ad00000, 0x000000003ad00000)

Polling page: 0x0000000000f50000

CodeCache: size=245760Kb used=150661Kb max_used=158564Kb free=95098Kb
 bounds [0x0000000002f70000, 0x000000000cbc0000, 0x0000000011f70000]
 total_blobs=25610 nmethods=23993 adapters=1520
 compilation: enabled

Compilation events (10 events):
Event: 587.205 Thread 0x0000000041cea800 36990       4       net.minecraft.client.renderer.entity.RenderManager::func_188388_a (190 bytes)
Event: 587.210 Thread 0x0000000041d26800 nmethod 36989 0x000000000582a950 code [0x000000000582ab80, 0x000000000582b290]
Event: 587.213 Thread 0x0000000041cea800 nmethod 36990 0x000000000b294e90 code [0x000000000b295160, 0x000000000b2960c8]
Event: 587.570 Thread 0x0000000041d26000 36991       3       net.minecraft.entity.monster.EntityCreeper::func_70832_p (17 bytes)
Event: 587.571 Thread 0x0000000041d26000 nmethod 36991 0x000000000cb28850 code [0x000000000cb289e0, 0x000000000cb28da8]
Event: 587.772 Thread 0x0000000041cc0000 36992       4       net.minecraft.block.BlockGrass::func_180650_b (244 bytes)
Event: 587.802 Thread 0x0000000041cc0000 nmethod 36992 0x000000000690a710 code [0x000000000690ab80, 0x000000000690d5e0]
Event: 587.821 Thread 0x0000000041d2a800 36993       3       net.minecraft.entity.monster.EntityMob::func_70636_d (31 bytes)
Event: 587.821 Thread 0x0000000041d2a800 nmethod 36993 0x000000000b70c290 code [0x000000000b70c440, 0x000000000b70c7a8]
Event: 587.906 Thread 0x0000000041ce1800 36994       4       net.minecraft.client.renderer.entity.RenderLivingBase::func_177092_a (684 bytes)

GC Heap History (10 events):
Event: 559.734 GC heap before
{Heap before GC invocations=134 (full 0):
 garbage-first heap   total 14663680K, used 5395472K [0x00000003c0000000, 0x00000003c0406fe0, 0x00000007c0000000)
  region size 4096K, 716 young (2932736K), 16 survivors (65536K)
 Metaspace       used 136627K, capacity 192261K, committed 192480K, reserved 1216512K
  class space    used 16816K, capacity 24422K, committed 24544K, reserved 1048576K
Event: 559.751 GC heap after
Heap after GC invocations=135 (full 0):
 garbage-first heap   total 14663680K, used 2546896K [0x00000003c0000000, 0x00000003c0406fe0, 0x00000007c0000000)
  region size 4096K, 20 young (81920K), 20 survivors (81920K)
 Metaspace       used 136627K, capacity 192261K, committed 192480K, reserved 1216512K
  class space    used 16816K, capacity 24422K, committed 24544K, reserved 1048576K
}
Event: 568.314 GC heap before
{Heap before GC invocations=135 (full 0):
 garbage-first heap   total 14663680K, used 5397712K [0x00000003c0000000, 0x00000003c0406fe0, 0x00000007c0000000)
  region size 4096K, 716 young (2932736K), 20 survivors (81920K)
 Metaspace       used 136686K, capacity 192427K, committed 192736K, reserved 1218560K
  class space    used 16824K, capacity 24452K, committed 24544K, reserved 1048576K
Event: 568.334 GC heap after
Heap after GC invocations=136 (full 0):
 garbage-first heap   total 14663680K, used 2565571K [0x00000003c0000000, 0x00000003c0406fe0, 0x00000007c0000000)
  region size 4096K, 25 young (102400K), 25 survivors (102400K)
 Metaspace       used 136686K, capacity 192427K, committed 192736K, reserved 1218560K
  class space    used 16824K, capacity 24452K, committed 24544K, reserved 1048576K
}
Event: 576.672 GC heap before
{Heap before GC invocations=136 (full 0):
 garbage-first heap   total 14663680K, used 5395907K [0x00000003c0000000, 0x00000003c0406fe0, 0x00000007c0000000)
  region size 4096K, 716 young (2932736K), 25 survivors (102400K)
 Metaspace       used 136783K, capacity 192715K, committed 192992K, reserved 1218560K
  class space    used 16835K, capacity 24495K, committed 24544K, reserved 1048576K
Event: 576.693 GC heap after
Heap after GC invocations=137 (full 0):
 garbage-first heap   total 14663680K, used 2575872K [0x00000003c0000000, 0x00000003c0406fe0, 0x00000007c0000000)
  region size 4096K, 27 young (110592K), 27 survivors (110592K)
 Metaspace       used 136783K, capacity 192715K, committed 192992K, reserved 1218560K
  class space    used 16835K, capacity 24495K, committed 24544K, reserved 1048576K
}
Event: 583.490 GC heap before
{Heap before GC invocations=137 (full 0):
 garbage-first heap   total 14663680K, used 5398016K [0x00000003c0000000, 0x00000003c0406fe0, 0x00000007c0000000)
  region size 4096K, 716 young (2932736K), 27 survivors (110592K)
 Metaspace       used 136821K, capacity 192825K, committed 192992K, reserved 1218560K
  class space    used 16839K, capacity 24508K, committed 24544K, reserved 1048576K
Event: 583.515 GC heap after
Heap after GC invocations=138 (full 0):
 garbage-first heap   total 14663680K, used 2594932K [0x00000003c0000000, 0x00000003c0406fe0, 0x00000007c0000000)
  region size 4096K, 31 young (126976K), 31 survivors (126976K)
 Metaspace       used 136821K, capacity 192825K, committed 192992K, reserved 1218560K
  class space    used 16839K, capacity 24508K, committed 24544K, reserved 1048576K
}
Event: 587.621 GC heap before
{Heap before GC invocations=138 (full 0):
 garbage-first heap   total 14663680K, used 4270196K [0x00000003c0000000, 0x00000003c0406fe0, 0x00000007c0000000)
  region size 4096K, 440 young (1802240K), 31 survivors (126976K)
 Metaspace       used 136832K, capacity 192831K, committed 192992K, reserved 1218560K
  class space    used 16840K, capacity 24510K, committed 24544K, reserved 1048576K
Event: 587.643 GC heap after
Heap after GC invocations=139 (full 0):
 garbage-first heap   total 14663680K, used 2592447K [0x00000003c0000000, 0x00000003c0406fe0, 0x00000007c0000000)
  region size 4096K, 27 young (110592K), 27 survivors (110592K)
 Metaspace       used 136832K, capacity 192831K, committed 192992K, reserved 1218560K
  class space    used 16840K, capacity 24510K, committed 24544K, reserved 1048576K
}

Deoptimization events (10 events):
Event: 587.840 Thread 0x0000000002e74000 Uncommon trap: reason=uninitialized action=none pc=0x000000000c2d51c8 method=jdk.nashorn.internal.scripts.Script$Recompilation$6918$567447AAA$\^eval\_.renderForToolUser(Ljdk/nashorn/internal/runtime/ScriptFunction;Ljava/lang/Object;Ljava/lang/Object;Ljava/‹yÕ^‚@
Event: 587.854 Thread 0x0000000002e74000 Uncommon trap: reason=uninitialized action=none pc=0x000000000c2d51c8 method=jdk.nashorn.internal.scripts.Script$Recompilation$6918$567447AAA$\^eval\_.renderForToolUser(Ljdk/nashorn/internal/runtime/ScriptFunction;Ljava/lang/Object;Ljava/lang/Object;Ljava/@¦µiÜ^‚@
Event: 587.858 Thread 0x0000000002e74000 Uncommon trap: reason=uninitialized action=none pc=0x000000000c2d51c8 method=jdk.nashorn.internal.scripts.Script$Recompilation$6918$567447AAA$\^eval\_.renderForToolUser(Ljdk/nashorn/internal/runtime/ScriptFunction;Ljava/lang/Object;Ljava/lang/Object;Ljava/€Q8qø^‚@
Event: 587.871 Thread 0x0000000002e74000 Uncommon trap: reason=uninitialized action=none pc=0x000000000c2d51c8 method=jdk.nashorn.internal.scripts.Script$Recompilation$6918$567447AAA$\^eval\_.renderForToolUser(Ljdk/nashorn/internal/runtime/ScriptFunction;Ljava/lang/Object;Ljava/lang/Object;Ljava/Ë™’_‚@
Event: 587.876 Thread 0x0000000002e74000 Uncommon trap: reason=uninitialized action=none pc=0x000000000c2d51c8 method=jdk.nashorn.internal.scripts.Script$Recompilation$6918$567447AAA$\^eval\_.renderForToolUser(Ljdk/nashorn/internal/runtime/ScriptFunction;Ljava/lang/Object;Ljava/lang/Object;Ljava/¦3æd_‚@
Event: 587.887 Thread 0x0000000002e74000 Uncommon trap: reason=uninitialized action=none pc=0x000000000c2d51c8 method=jdk.nashorn.internal.scripts.Script$Recompilation$6918$567447AAA$\^eval\_.renderForToolUser(Ljdk/nashorn/internal/runtime/ScriptFunction;Ljava/lang/Object;Ljava/lang/Object;Ljava/Hš‰3 _‚@
Event: 587.891 Thread 0x0000000002e74000 Uncommon trap: reason=uninitialized action=none pc=0x000000000c2d51c8 method=jdk.nashorn.internal.scripts.Script$Recompilation$6918$567447AAA$\^eval\_.renderForToolUser(Ljdk/nashorn/internal/runtime/ScriptFunction;Ljava/lang/Object;Ljava/lang/Object;Ljava/
Event: 587.904 Thread 0x0000000002e74000 Uncommon trap: reason=uninitialized action=none pc=0x000000000c2d51c8 method=jdk.nashorn.internal.scripts.Script$Recompilation$6918$567447AAA$\^eval\_.renderForToolUser(Ljdk/nashorn/internal/runtime/ScriptFunction;Ljava/lang/Object;Ljava/lang/Object;Ljava/VÞE_‚@
Event: 587.909 Thread 0x0000000002e74000 Uncommon trap: reason=uninitialized action=none pc=0x000000000c2d51c8 method=jdk.nashorn.internal.scripts.Script$Recompilation$6918$567447AAA$\^eval\_.renderForToolUser(Ljdk/nashorn/internal/runtime/ScriptFunction;Ljava/lang/Object;Ljava/lang/Object;Ljava/Ãj‡`_‚@
Event: 587.922 Thread 0x0000000002e74000 Uncommon trap: reason=uninitialized action=none pc=0x000000000c2d51c8 method=jdk.nashorn.internal.scripts.Script$Recompilation$6918$567447AAA$\^eval\_.renderForToolUser(Ljdk/nashorn/internal/runtime/ScriptFunction;Ljava/lang/Object;Ljava/lang/Object;Ljava/ù.¥.¹^‚@

Internal exceptions (10 events):
Event: 587.771 Thread 0x00000000470ae800 Exception <a 'java/lang/InterruptedException': sleep interrupted> (0x000000073d801870) thrown at [C:\re\workspace\8-2-build-windows-amd64-cygwin\jdk8u51\3951\hotspot\src\share\vm\prims\jvm.cpp, line 3211]
Event: 587.786 Thread 0x00000000470ae800 Exception <a 'java/lang/InterruptedException': sleep interrupted> (0x000000073c8001c0) thrown at [C:\re\workspace\8-2-build-windows-amd64-cygwin\jdk8u51\3951\hotspot\src\share\vm\prims\jvm.cpp, line 3211]
Event: 587.804 Thread 0x00000000470ae800 Exception <a 'java/lang/InterruptedException': sleep interrupted> (0x000000073c8003c0) thrown at [C:\re\workspace\8-2-build-windows-amd64-cygwin\jdk8u51\3951\hotspot\src\share\vm\prims\jvm.cpp, line 3211]
Event: 587.821 Thread 0x00000000470ae800 Exception <a 'java/lang/InterruptedException': sleep interrupted> (0x000000073c8005c0) thrown at [C:\re\workspace\8-2-build-windows-amd64-cygwin\jdk8u51\3951\hotspot\src\share\vm\prims\jvm.cpp, line 3211]
Event: 587.836 Thread 0x00000000470ae800 Exception <a 'java/lang/InterruptedException': sleep interrupted> (0x000000073c8007c0) thrown at [C:\re\workspace\8-2-build-windows-amd64-cygwin\jdk8u51\3951\hotspot\src\share\vm\prims\jvm.cpp, line 3211]
Event: 587.853 Thread 0x00000000470ae800 Exception <a 'java/lang/InterruptedException': sleep interrupted> (0x000000073be009d8) thrown at [C:\re\workspace\8-2-build-windows-amd64-cygwin\jdk8u51\3951\hotspot\src\share\vm\prims\jvm.cpp, line 3211]
Event: 587.871 Thread 0x00000000470ae800 Exception <a 'java/lang/InterruptedException': sleep interrupted> (0x000000073be00bd8) thrown at [C:\re\workspace\8-2-build-windows-amd64-cygwin\jdk8u51\3951\hotspot\src\share\vm\prims\jvm.cpp, line 3211]
Event: 587.886 Thread 0x00000000470ae800 Exception <a 'java/lang/InterruptedException': sleep interrupted> (0x000000073be00dd8) thrown at [C:\re\workspace\8-2-build-windows-amd64-cygwin\jdk8u51\3951\hotspot\src\share\vm\prims\jvm.cpp, line 3211]
Event: 587.904 Thread 0x00000000470ae800 Exception <a 'java/lang/InterruptedException': sleep interrupted> (0x000000073be00fd8) thrown at [C:\re\workspace\8-2-build-windows-amd64-cygwin\jdk8u51\3951\hotspot\src\share\vm\prims\jvm.cpp, line 3211]
Event: 587.921 Thread 0x00000000470ae800 Exception <a 'java/lang/InterruptedException': sleep interrupted> (0x000000073ac001c0) thrown at [C:\re\workspace\8-2-build-windows-amd64-cygwin\jdk8u51\3951\hotspot\src\share\vm\prims\jvm.cpp, line 3211]

Events (10 events):
Event: 587.904 Thread 0x0000000002e74000 DEOPT PACKING pc=0x000000000c2d51c8 sp=0x0000000002e6d850
Event: 587.904 Thread 0x0000000002e74000 DEOPT UNPACKING pc=0x0000000002fb582a sp=0x0000000002e6d750 mode 2
Event: 587.909 Thread 0x0000000002e74000 Uncommon trap: trap_request=0xffffffb7 fr.pc=0x000000000c2d51c8
Event: 587.909 Thread 0x0000000002e74000 DEOPT PACKING pc=0x000000000c2d51c8 sp=0x0000000002e6d850
Event: 587.909 Thread 0x0000000002e74000 DEOPT UNPACKING pc=0x0000000002fb582a sp=0x0000000002e6d750 mode 2
Event: 587.922 Thread 0x0000000002e74000 Uncommon trap: trap_request=0xffffffb7 fr.pc=0x000000000c2d51c8
Event: 587.922 Thread 0x0000000002e74000 DEOPT PACKING pc=0x000000000c2d51c8 sp=0x0000000002e6d850
Event: 587.922 Thread 0x0000000002e74000 DEOPT UNPACKING pc=0x0000000002fb582a sp=0x0000000002e6d750 mode 2
Event: 587.923 Executing VM operation: Deoptimize
Event: 587.925 Executing VM operation: Deoptimize done


Dynamic libraries:
0x00007ff69ba20000 - 0x00007ff69ba57000 	C:\Program Files (x86)\Minecraft Launcher\runtime\jre-legacy\windows-x64\jre-legacy\bin\javaw.exe
0x00007ffb79e40000 - 0x00007ffb7a0a6000 	C:\WINDOWS\SYSTEM32\ntdll.dll
0x00007ffb78310000 - 0x00007ffb783d9000 	C:\WINDOWS\System32\KERNEL32.DLL
0x00007ffb77270000 - 0x00007ffb7766e000 	C:\WINDOWS\System32\KERNELBASE.dll
0x00007ffb790b0000 - 0x00007ffb79167000 	C:\WINDOWS\System32\ADVAPI32.dll
0x00007ffb79cd0000 - 0x00007ffb79d79000 	C:\WINDOWS\System32\msvcrt.dll
0x00007ffb79330000 - 0x00007ffb793da000 	C:\WINDOWS\System32\sechost.dll
0x00007ffb77d40000 - 0x00007ffb77e58000 	C:\WINDOWS\System32\RPCRT4.dll
0x00007ffb77b70000 - 0x00007ffb77d37000 	C:\WINDOWS\System32\USER32.dll
0x00007ffb77740000 - 0x00007ffb77767000 	C:\WINDOWS\System32\win32u.dll
0x00007ffb78cb0000 - 0x00007ffb78cdb000 	C:\WINDOWS\System32\GDI32.dll
0x00007ffb77a40000 - 0x00007ffb77b6a000 	C:\WINDOWS\System32\gdi32full.dll
0x00007ffb771c0000 - 0x00007ffb77263000 	C:\WINDOWS\System32\msvcp_win.dll
0x00007ffb77060000 - 0x00007ffb771ac000 	C:\WINDOWS\System32\ucrtbase.dll
0x00007ffb5caa0000 - 0x00007ffb5cd32000 	C:\WINDOWS\WinSxS\amd64_microsoft.windows.common-controls_6595b64144ccf1df_6.0.26100.8894_none_3e0f749ee32e02ea\COMCTL32.dll
0x00007ffb79c40000 - 0x00007ffb79c72000 	C:\WINDOWS\System32\IMM32.DLL
0x000000006f210000 - 0x000000006f2e2000 	C:\Program Files (x86)\Minecraft Launcher\runtime\jre-legacy\windows-x64\jre-legacy\bin\msvcr100.dll
0x000000006e980000 - 0x000000006f203000 	C:\Program Files (x86)\Minecraft Launcher\runtime\jre-legacy\windows-x64\jre-legacy\bin\server\jvm.dll
0x00007ffb78c70000 - 0x00007ffb78c78000 	C:\WINDOWS\System32\PSAPI.DLL
0x00007ffb59f20000 - 0x00007ffb59f2a000 	C:\WINDOWS\SYSTEM32\WSOCK32.dll
0x00007ffb70540000 - 0x00007ffb7054b000 	C:\WINDOWS\SYSTEM32\VERSION.dll
0x00007ffb659f0000 - 0x00007ffb65a26000 	C:\WINDOWS\SYSTEM32\WINMM.dll
0x00007ffb78fc0000 - 0x00007ffb79040000 	C:\WINDOWS\System32\WS2_32.dll
0x0000000070f90000 - 0x0000000070f9f000 	C:\Program Files (x86)\Minecraft Launcher\runtime\jre-legacy\windows-x64\jre-legacy\bin\verify.dll
0x0000000070f60000 - 0x0000000070f89000 	C:\Program Files (x86)\Minecraft Launcher\runtime\jre-legacy\windows-x64\jre-legacy\bin\java.dll
0x0000000070f40000 - 0x0000000070f56000 	C:\Program Files (x86)\Minecraft Launcher\runtime\jre-legacy\windows-x64\jre-legacy\bin\zip.dll
0x00007ffb793e0000 - 0x00007ffb79b72000 	C:\WINDOWS\System32\SHELL32.dll
0x00007ffb74b40000 - 0x00007ffb753d2000 	C:\WINDOWS\SYSTEM32\windows.storage.dll
0x00007ffb78470000 - 0x00007ffb787f3000 	C:\WINDOWS\System32\combase.dll
0x00007ffb78b70000 - 0x00007ffb78c67000 	C:\WINDOWS\System32\SHCORE.dll
0x00007ffb79d80000 - 0x00007ffb79de7000 	C:\WINDOWS\System32\shlwapi.dll
0x00007ffb76f80000 - 0x00007ffb76fa9000 	C:\WINDOWS\SYSTEM32\profapi.dll
0x0000000070f30000 - 0x0000000070f3d000 	C:\Program Files (x86)\Minecraft Launcher\runtime\jre-legacy\windows-x64\jre-legacy\bin\management.dll
0x000000006e960000 - 0x000000006e97a000 	C:\Program Files (x86)\Minecraft Launcher\runtime\jre-legacy\windows-x64\jre-legacy\bin\net.dll
0x00007ffb762f0000 - 0x00007ffb7635c000 	C:\WINDOWS\system32\mswsock.dll
0x00007ffb58dd0000 - 0x00007ffb58de8000 	C:\WINDOWS\system32\napinsp.dll
0x00007ffb75750000 - 0x00007ffb758a6000 	C:\WINDOWS\SYSTEM32\DNSAPI.dll
0x00007ffb760d0000 - 0x00007ffb760dd000 	C:\WINDOWS\SYSTEM32\DSPARSE.dll
0x00007ffb75710000 - 0x00007ffb75743000 	C:\WINDOWS\SYSTEM32\IPHLPAPI.DLL
0x00007ffb78460000 - 0x00007ffb7846a000 	C:\WINDOWS\System32\NSI.dll
0x00007ffb57a30000 - 0x00007ffb57a43000 	C:\WINDOWS\System32\winrnr.dll
0x00007ffb57a00000 - 0x00007ffb57a22000 	C:\WINDOWS\system32\nlansp_c.dll
0x00007ffb6f9c0000 - 0x00007ffb6f9d6000 	C:\WINDOWS\system32\wshbth.dll
0x00007ffb70db0000 - 0x00007ffb70dbb000 	C:\Windows\System32\rasadhlp.dll
0x00007ffb6e250000 - 0x00007ffb6e2d6000 	C:\WINDOWS\System32\fwpuclnt.dll
0x000000006e940000 - 0x000000006e951000 	C:\Program Files (x86)\Minecraft Launcher\runtime\jre-legacy\windows-x64\jre-legacy\bin\nio.dll
0x000000006e920000 - 0x000000006e937000 	C:\Program Files (x86)\Minecraft Launcher\runtime\jre-legacy\windows-x64\jre-legacy\bin\unpack.dll
0x0000000180000000 - 0x0000000180053000 	C:\Users\owner\AppData\Roaming\.minecraft\bin\15f2b80d6f353ad7a203c459b86a2c6ab86d1c6b\lwjgl64.dll
0x00007ffaaabb0000 - 0x00007ffaaacbc000 	C:\WINDOWS\SYSTEM32\OPENGL32.dll
0x00007ffab7490000 - 0x00007ffab74bd000 	C:\WINDOWS\SYSTEM32\GLU32.dll
0x00007ffb744b0000 - 0x00007ffb744f6000 	C:\WINDOWS\SYSTEM32\dxcore.dll
0x00007ffb765f0000 - 0x00007ffb7660b000 	C:\WINDOWS\SYSTEM32\CRYPTSP.dll
0x00007ffb75ca0000 - 0x00007ffb75cd9000 	C:\WINDOWS\system32\rsaenh.dll
0x00007ffb763b0000 - 0x00007ffb763e2000 	C:\WINDOWS\SYSTEM32\USERENV.dll
0x00007ffb76f50000 - 0x00007ffb76f7a000 	C:\WINDOWS\SYSTEM32\bcrypt.dll
0x00007ffb77680000 - 0x00007ffb7772c000 	C:\WINDOWS\System32\bcryptprimitives.dll
0x00007ffb76610000 - 0x00007ffb7661c000 	C:\WINDOWS\SYSTEM32\CRYPTBASE.dll
0x000000006e780000 - 0x000000006e918000 	C:\Program Files (x86)\Minecraft Launcher\runtime\jre-legacy\windows-x64\jre-legacy\bin\awt.dll
0x00007ffb78d70000 - 0x00007ffb78e49000 	C:\WINDOWS\System32\OLEAUT32.dll
0x00007ffb74060000 - 0x00007ffb74100000 	C:\WINDOWS\SYSTEM32\apphelp.dll
0x00007ffb592d0000 - 0x00007ffb5938f000 	C:\WINDOWS\SYSTEM32\mscms.dll
0x00007ffb75d40000 - 0x00007ffb75d5b000 	C:\WINDOWS\SYSTEM32\kernel.appcore.dll
0x00007ffb743d0000 - 0x00007ffb74479000 	C:\WINDOWS\system32\uxtheme.dll
0x000000004bae0000 - 0x000000004bba4000 	c:\program files (x86)\kingsoft\KINGSOFT Security Pro\kwsui64.dll
0x00007ffb78e50000 - 0x00007ffb78fad000 	C:\WINDOWS\System32\MSCTF.dll
0x00007ffb79b80000 - 0x00007ffb79c2e000 	C:\WINDOWS\System32\clbcatq.dll
0x00007ffb4c0c0000 - 0x00007ffb4c207000 	C:\WINDOWS\SYSTEM32\textinputframework.dll
0x00007ffb65bc0000 - 0x00007ffb65c1e000 	C:\WINDOWS\system32\ApplicationTargetedFeatureDatabase.dll
0x00007ffb66f00000 - 0x00007ffb6714f000 	C:\Windows\System32\twinapi.appcore.dll
0x00007ffb71380000 - 0x00007ffb714ea000 	C:\Windows\System32\WinTypes.dll
0x00007ffb40c60000 - 0x00007ffb40cd3000 	C:\WINDOWS\system32\Oleacc.dll
0x00007ffb73b60000 - 0x00007ffb73c85000 	C:\WINDOWS\SYSTEM32\CoreMessaging.dll
0x00007ffb6fc70000 - 0x00007ffb6ff54000 	C:\WINDOWS\SYSTEM32\CoreUIComponents.dll
0x00007ffb79170000 - 0x00007ffb79309000 	C:\WINDOWS\System32\ole32.dll
0x00007ffaef910000 - 0x00007ffaefdc4000 	C:\Program Files (x86)\Google\Google Japanese Input\GoogleIMEJaTIP64.dll
0x00007ffb58e80000 - 0x00007ffb58e9a000 	C:\WINDOWS\SYSTEM32\windows.staterepositorycore.dll
0x00007ffa89bd0000 - 0x00007ffa8c4f5000 	C:\WINDOWS\System32\DriverStore\FileRepository\nv_dispig.inf_amd64_f4c7a2fd13e0f763\nvoglv64.dll
0x00007ffb77e60000 - 0x00007ffb782e7000 	C:\WINDOWS\System32\SETUPAPI.dll
0x00007ffb74030000 - 0x00007ffb74059000 	C:\WINDOWS\SYSTEM32\WTSAPI32.dll
0x00007ffb778c0000 - 0x00007ffb77a38000 	C:\WINDOWS\System32\CRYPT32.dll
0x00007ffb75ff0000 - 0x00007ffb76039000 	C:\WINDOWS\SYSTEM32\SspiCli.dll
0x00007ffb76740000 - 0x00007ffb76753000 	C:\WINDOWS\SYSTEM32\msasn1.dll
0x00007ffb6f160000 - 0x00007ffb6f19b000 	C:\WINDOWS\SYSTEM32\cryptnet.dll
0x00007ffb766d0000 - 0x00007ffb7673a000 	C:\WINDOWS\SYSTEM32\wldp.dll
0x00007ffb6e650000 - 0x00007ffb6e7c9000 	C:\WINDOWS\SYSTEM32\drvstore.dll
0x00007ffb76a20000 - 0x00007ffb76a4f000 	C:\WINDOWS\SYSTEM32\devobj.dll
0x00007ffb76c30000 - 0x00007ffb76c81000 	C:\WINDOWS\SYSTEM32\cfgmgr32.dll
0x00007ffb77830000 - 0x00007ffb778b3000 	C:\WINDOWS\System32\WINTRUST.dll
0x00007ffb75e70000 - 0x00007ffb75ea6000 	C:\WINDOWS\SYSTEM32\ntmarta.dll
0x00007ffb78c80000 - 0x00007ffb78ca0000 	C:\WINDOWS\System32\imagehlp.dll
0x00007ffb69250000 - 0x00007ffb6df4f000 	C:\WINDOWS\System32\DriverStore\FileRepository\nv_dispig.inf_amd64_f4c7a2fd13e0f763\nvgpucomp64.dll
0x00007ffae86c0000 - 0x00007ffae8807000 	C:\WINDOWS\system32\nvspcap64.dll
0x00007ffb74670000 - 0x00007ffb7469f000 	C:\WINDOWS\SYSTEM32\dwmapi.dll
0x00007ffb3e690000 - 0x00007ffb3e6d9000 	C:\WINDOWS\SYSTEM32\icm32.dll
0x00007ffb76e10000 - 0x00007ffb76e6e000 	C:\WINDOWS\SYSTEM32\powrprof.dll
0x00007ffb76df0000 - 0x00007ffb76e04000 	C:\WINDOWS\SYSTEM32\UMPDC.dll
0x00007ffb76970000 - 0x00007ffb769d1000 	C:\WINDOWS\SYSTEM32\WINSTA.dll
0x00007ffb69160000 - 0x00007ffb691a2000 	C:\Users\owner\AppData\Local\Temp\jna-106164915\jna221261291674611037.dll
0x000000006e750000 - 0x000000006e774000 	C:\Program Files (x86)\Minecraft Launcher\runtime\jre-legacy\windows-x64\jre-legacy\bin\sunec.dll
0x0000000056b70000 - 0x0000000056bd4000 	C:\Users\owner\AppData\Roaming\.minecraft\bin\15f2b80d6f353ad7a203c459b86a2c6ab86d1c6b\OpenAL64.dll
0x00007ffb70580000 - 0x00007ffb70626000 	C:\WINDOWS\System32\MMDevApi.dll
0x00007ffa9b170000 - 0x00007ffa9b204000 	C:\WINDOWS\SYSTEM32\dsound.dll
0x00007ffb68580000 - 0x00007ffb685b7000 	C:\WINDOWS\SYSTEM32\winmmbase.dll
0x00007ffa9b0b0000 - 0x00007ffa9b167000 	C:\WINDOWS\SYSTEM32\ResampleDmo.DLL
0x00007ffad94a0000 - 0x00007ffad94ae000 	C:\WINDOWS\SYSTEM32\msdmo.dll
0x00007ffb3a7b0000 - 0x00007ffb3a967000 	C:\WINDOWS\SYSTEM32\AUDIOSES.DLL
0x00007ffb74700000 - 0x00007ffb74714000 	C:\WINDOWS\SYSTEM32\resourcepolicyclient.dll
0x00007ffb3ceb0000 - 0x00007ffb3d062000 	C:\WINDOWS\system32\d3d9.dll
0x00007ffb6f320000 - 0x00007ffb6f3e4000 	C:\WINDOWS\System32\DriverStore\FileRepository\nv_dispig.inf_amd64_f4c7a2fd13e0f763\nvldumdx.dll
0x00007ffb65a80000 - 0x00007ffb65bb0000 	C:\WINDOWS\System32\DriverStore\FileRepository\nv_dispig.inf_amd64_f4c7a2fd13e0f763\NvMemMapStoragex.dll
0x00007ffaf7a30000 - 0x00007ffaf9d53000 	C:\WINDOWS\System32\DriverStore\FileRepository\nv_dispig.inf_amd64_f4c7a2fd13e0f763\nvd3dumx.dll
0x00007ffb70930000 - 0x00007ffb7098f000 	C:\WINDOWS\SYSTEM32\directxdatabasehelper.dll
0x00007ffb76370000 - 0x00007ffb7639f000 	C:\WINDOWS\SYSTEM32\gpapi.dll
0x00007ffb38130000 - 0x00007ffb382e7000 	C:\WINDOWS\System32\DriverStore\FileRepository\nv_dispig.inf_amd64_f4c7a2fd13e0f763\nvppex.dll
0x000000006e700000 - 0x000000006e747000 	C:\Program Files (x86)\Minecraft Launcher\runtime\jre-legacy\windows-x64\jre-legacy\bin\fontmanager.dll
0x000000006e6b0000 - 0x000000006e6f2000 	C:\Program Files (x86)\Minecraft Launcher\runtime\jre-legacy\windows-x64\jre-legacy\bin\t2k.dll
0x000000006e680000 - 0x000000006e6aa000 	C:\Program Files (x86)\Minecraft Launcher\runtime\jre-legacy\windows-x64\jre-legacy\bin\dcpr.dll
0x00007ffb70e80000 - 0x00007ffb70e9a000 	C:\Users\owner\AppData\Roaming\.minecraft\bin\15f2b80d6f353ad7a203c459b86a2c6ab86d1c6b\SAPIWrapper_x64.dll
0x00007ffb70550000 - 0x00007ffb7056d000 	C:\WINDOWS\SYSTEM32\dhcpcsvc6.DLL
0x00007ffb6fa40000 - 0x00007ffb6fa65000 	C:\WINDOWS\SYSTEM32\dhcpcsvc.DLL
0x00007ffb5d060000 - 0x00007ffb5d115000 	C:\WINDOWS\WinSxS\amd64_microsoft.windows.common-controls_6595b64144ccf1df_5.82.26100.8328_none_87eede957a2ccddd\comctl32.dll
0x00007ffb71f10000 - 0x00007ffb72016000 	C:\WINDOWS\SYSTEM32\PROPSYS.dll
0x00007ffb56ab0000 - 0x00007ffb56c8c000 	C:\Windows\System32\urlmon.dll
0x00007ffb57f50000 - 0x00007ffb58215000 	C:\Windows\System32\iertutil.dll
0x00007ffb756f0000 - 0x00007ffb756fd000 	C:\Windows\System32\netutils.dll
0x00007ffb58530000 - 0x00007ffb58559000 	C:\Windows\System32\srvcli.dll
0x00007ffb571b0000 - 0x00007ffb571c7000 	C:\WINDOWS\SYSTEM32\virtdisk.dll
0x00007ffad7e10000 - 0x00007ffad7e2b000 	C:\WINDOWS\system32\NetworkExplorer.dll

VM Arguments:
jvm_args: -Dos.name=Windows 10 -Dos.version=10.0 -XX:HeapDumpPath=MojangTricksIntelDriversForPerformance_javaw.exe_minecraft.exe.heapdump -Djava.library.path=C:\Users\owner\AppData\Roaming\.minecraft\bin\15f2b80d6f353ad7a203c459b86a2c6ab86d1c6b -Dminecraft.launcher.brand=minecraft-launcher -Dminecraft.launcher.version=3.37.2 -Dminecraft.client.jar=C:\Users\owner\AppData\Roaming\.minecraft\versions\1.12.2-forge-14.23.5.2860\1.12.2-forge-14.23.5.2860.jar -Xmx16G -XX:+UseG1GC -XX:+UseStringDeduplication -XX:+DisableExplicitGC -XX:+OptimizeStringConcat -XX:+UseTLAB -XX:+UnlockExperimentalVMOptions -XX:G1MaxNewSizePercent=20 -XX:G1ReservePercent=30 -XX:MaxGCPauseMillis=20 -XX:+DisableExplicitGC 
java_command: net.minecraft.launchwrapper.Launch --username hi03 --version 1.12.2-forge-14.23.5.2860 --gameDir C:\.minecraft\1.12.2 --assetsDir C:\Users\owner\AppData\Roaming\.minecraft\assets --assetIndex 1.12 --uuid 516c85f6997c4b36a2f308c38ef5cfef --accessToken eyJraWQiOiIwNDkxODEiLCJhbGciOiJSUzI1NiJ9.eyJ4dWlkIjoiMjUzMzI3NDk5OTM1OTcxMCIsImFnZyI6IkFkdWx0Iiwic3ViIjoiZDM5MWY5ZmUtMTY4My00NTFjLWJlMTUtN2I4YTFkMGQwZjNmIiwiYXV0aCI6IlhCT1giLCJucyI6ImRlZmF1bHQiLCJyb2xlcyI6W10sImlzcyI6ImF1dGhlbnRpY2F0aW9uIiwiZmxhZ3MiOlsibXVsdGlwbGF5ZXIiXSwicHJvZmlsZXMiOnsibWMiOiI1MTZjODVmNi05OTdjLTRiMzYtYTJmMy0wOGMzOGVmNWNmZWYifSwicG1pZCI6ImVmNTVhZjVmLWM4NTYtNTUzZS1hNGY3LTg1MmNhNWRhMWJhMCIsInBsYXRmb3JtIjoiUENfTEFVTkNIRVIiLCJ0aWQiOiJFOTlCMCIsInBmZCI6W3sidHlwZSI6Im1jIiwiaWQiOiI1MTZjODVmNi05OTdjLTRiMzYtYTJmMy0wOGMzOGVmNWNmZWYiLCJuYW1lIjoiaGkwMyJ9XSwieGlkIjoiMjUzMzI3NDk5OTM1OTcxMCIsIm5iZiI6MTc4NDk0NjQ4NSwiZXhwIjoxNzg1MDMyODg1LCJpYXQiOjE3ODQ5NDY0ODUsImFpZCI6IjAwMDAwMDAwLTAwMDAtMDAwMC0wMDAwLTAwMDA0MDJiNTMyOCJ9.38xDnhyfd-Z3pEp6S1M0REHeYEnJmcXa91GFIZKP55VseR5Qe_L4LJj6tjELSTn3MD2p4ers3NvUY3qxooORkSDvPu1AkItc4-urvFenVtvEa7N0bRaUxXDl3-Z_aj8XOi0-6_USh6QhtRjTZ8Ho5UQv85Lh5ORcAEV-eIXLtlKUwvCXlgH76N7eHYLDg731YGnKaJrdzCc6PgPU3EsxMbr1hj039flPfTKFBlVi0bJi8yl11BYm9M3OV_67q4cOoaBk8T8vhpGYt2A9q16-w59BfQba2jvK7g042zQT4utiR1_Kpo_jgoIeEvgVo68lVkTSllqHDc6ZQrpB8UYW1g --userType msa --tweakClass net.minecraftforge.fml.common.launcher.FMLTweaker --versionType Forge --width 1366 --height 768
java_class_path (initial): C:\Users\owner\AppData\Roaming\.minecraft\libraries\net\minecraftforge\forge\1.12.2-14.23.5.2860\forge-1.12.2-14.23.5.2860.jar;C:\Users\owner\AppData\Roaming\.minecraft\libraries\org\ow2\asm\asm-debug-all\5.2\asm-debug-all-5.2.jar;C:\Users\owner\AppData\Roaming\.minecraft\libraries\net\minecraft\launchwrapper\1.12\launchwrapper-1.12.jar;C:\Users\owner\AppData\Roaming\.minecraft\libraries\org\jline\jline\3.5.1\jline-3.5.1.jar;C:\Users\owner\AppData\Roaming\.minecraft\libraries\com\typesafe\akka\akka-actor_2.11\2.3.3\akka-actor_2.11-2.3.3.jar;C:\Users\owner\AppData\Roaming\.minecraft\libraries\com\typesafe\config\1.2.1\config-1.2.1.jar;C:\Users\owner\AppData\Roaming\.minecraft\libraries\org\scala-lang\scala-actors-migration_2.11\1.1.0\scala-actors-migration_2.11-1.1.0.jar;C:\Users\owner\AppData\Roaming\.minecraft\libraries\org\scala-lang\scala-compiler\2.11.1\scala-compiler-2.11.1.jar;C:\Users\owner\AppData\Roaming\.minecraft\libraries\org\scala-lang\plugins\scala-continuations-library_2.11\1.0.2_mc\scala-continuations-library_2.11-1.0.2_mc.jar;C:\Users\owner\AppData\Roaming\.minecraft\libraries\org\scala-lang\plugins\scala-continuations-plugin_2.11.1\1.0.2_mc\scala-continuations-plugin_2.11.1-1.0.2_mc.jar;C:\Users\owner\AppData\Roaming\.minecraft\libraries\org\scala-lang\scala-library\2.11.1\scala-library-2.11.1.jar;C:\Users\owner\AppData\Roaming\.minecraft\libraries\org\scala-lang\scala-parser-combinators_2.11\1.0.1\scala-parser-combinators_2.11-1.0.1.jar;C:\Users\owner\AppData\Roaming\.minecraft\libraries\org\scala-lang\scala-reflect\2.11.1\scala-reflect-2.11.1.jar;C:\Users\owner\AppData\Roaming\.minecraft\libraries\org\scala-lang\scala-swing_2.11\1.0.1\scala-swing_2.11-1.0.1.jar;C:\Users\owner\AppData\Roaming\.minecraft\libraries\org\scala-lang\scala-xml_2.11\1.0.2\scala-xml_2.11-1.0.2.jar;C:\Users\owner\AppData\Roaming\.minecraft\libraries\lzma\lzma\0.0.1\lzma-0.0.1.jar;C:\Users\owner\AppData\Roaming\.minecraft\libraries\java3d\vecmat
Launcher Type: SUN_STANDARD

Environment Variables:
PATH=C:\Program Files\Common Files\Oracle\Java\javapath;C:\Program Files\Zulu\zulu-21\bin\;C:\Program Files\Zulu\zulu-17\bin\;C:\Program Files\Eclipse Adoptium\jdk-8.0.452.9-hotspot\bin;C:\Program Files\Eclipse Adoptium\jdk-17.0.15.6-hotspot\bin;C:\Program Files\Zulu\zulu-23\bin\;C:\Windows\system32;C:\Windows;C:\Windows\System32\Wbem;C:\Windows\System32\WindowsPowerShell\v1.0\;C:\WINDOWS\system32;C:\WINDOWS;C:\WINDOWS\System32\Wbem;C:\WINDOWS\System32\WindowsPowerShell\v1.0\;C:\Program Files\WorldPainter;C:\Program Files (x86)\GtkSharp\2.12\bin;C:\WINDOWS\System32\OpenSSH\;C:\PROGRA~1\JPKI;C:\Program Files\dotnet\;C:\Program Files (x86)\NVIDIA Corporation\PhysX\Common;C:\Program Files\Git\cmd;C:\Program Files\Zulu\zulu-21\\bin;C:\Program Files\nodejs\;C:\WINDOWS\system32;C:\WINDOWS;C:\WINDOWS\System32\Wbem;C:\WINDOWS\System32\WindowsPowerShell\v1.0\;C:\WINDOWS\System32\OpenSSH\;C:\Program Files\NVIDIA Corporation\NVIDIA App\NvDLISR;C:\Program Files (x86)\cloudflared\;C:\Users\owner\AppData\Local\Microsoft\WindowsApps;;C:\Users\owner\AppData\Local\Programs\Microsoft VS Code\bin;C:\Users\owner\.dotnet\tools;C:\Users\owner\AppData\Roaming\npm;C:\Users\owner\AppData\Local\Microsoft\WinGet\Packages\Gyan.FFmpeg_Microsoft.Winget.Source_8wekyb3d8bbwe\ffmpeg-8.1.2-full_build\bin;
USERNAME=owner
OS=Windows_NT
PROCESSOR_IDENTIFIER=AMD64 Family 25 Model 97 Stepping 2, AuthenticAMD



---------------  S Y S T E M  ---------------

OS: Windows 10.0 , 64 bit Build 26100 (10.0.26100.8875)

CPU:total 16 (16 cores per cpu, 1 threads per core) family 25 model 97 stepping 2, cmov, cx8, fxsr, mmx, sse, sse2, sse3, ssse3, sse4.1, sse4.2, popcnt, avx, avx2, aes, clmul, erms, mmxext, 3dnowpref, lzcnt, sse4a, tsc, tscinvbit, tscinv, bmi1

Memory: 4k page, physical 66229704k(28465456k free), swap 83006920k(24542576k free)

vm_info: Java HotSpot(TM) 64-Bit Server VM (25.51-b03) for windows-amd64 JRE (1.8.0_51-b16), built on Jun  8 2015 18:03:07 by "java_re" with MS VC++ 10.0 (VS2010)

time: Sun Jul 26 00:36:32 2026
elapsed time: 588 seconds (0d 0h 9m 48s)

